"V1" "V2" "V3" "V4" "V5" "V6" "V7" "V8" "V9" "V10" "V11" "V12" "V13" "V14" "V15" "V16" "V17" "V18" "V19" "V20" "V21" "V22" "V23" "V24" "V25" "V26" "V27" "V28" "V29" "V30" "V31" "V32" "V33" "V34" "V35" "V36" "V37" "V38" "V39" "V40" "V41" "V42" "V43" "V44" "V45"
"1" 6.01615453567443 5.91533503186343 6.00978097022989 5.95580827012856 5.96611228855985 6.03171359625982 5.95457340343569 6.11195339636304 6.10561722299548 6.00306805230373 6.3306711396051 6.24567612804919 5.91139154827037 6.21943178483631 6.06326161790431 6.10404240869502 5.68099317927145 5.91472273790239 5.98705571145524 6.11177356592879 6.11034246551383 6.21169196040721 6.09011994038582 6.22811226102082 6.05549758261995 6.04369752111189 6.06786687006142 6.18006352290391 5.94110907529343 5.92336927222347 6.17595710007176 5.79599946822768 5.99547224986984 6.02973942800388 6.23714120094699 6.04890351407053 6.21882443117269 5.98108122820671 5.92322364148738 6.00431617444163 5.96440819737956 5.96375687271229 6.04324084567209 6.11477486010129 5.91755249212673
"2" 7.93848362530002 6.91358693444007 6.18014763344035 6.89218364966063 6.22045852259745 6.27550100096205 6.7881994461565 7.03210947517969 6.44798445129048 6.61797758166116 6.82616459819263 6.35925811973118 6.49560996634138 6.62213348946719 6.91650714599065 6.10043261520981 6.5542019703347 6.99374903685258 6.6810683059639 7.27657280191092 6.79471091032668 7.4208088755724 6.87187860161806 6.75347307601098 6.76019832071002 6.64490066318703 6.40701102364139 6.06335777899488 6.30903029215457 6.88455147817852 6.76303906665878 7.93155710039049 6.88104734089526 6.43051075424365 6.80361967826873 6.43885501476314 6.61837871447615 6.56134099648112 6.77606520326313 6.66596083123409 6.88999496231622 6.30516449838226 6.65068086033393 6.55842528895462 6.98571658562022
"3" 5.87333919850152 5.92858093218867 6.03715955953889 6.00332480872231 6.03203211771641 5.90316468680471 5.95539463419997 5.8112449895751 5.8239946568393 6.0186365506119 6.03005303152277 5.84849295607381 5.90980293567368 5.81681492839934 5.87709891580605 5.883409693168 5.76106119586102 5.92894433297514 6.08859202490045 6.02746960706607 5.87286627513193 5.73016801764506 5.86148425741834 5.89787852033683 6.0189293092947 5.93484780911321 5.91862527298117 6.09093585901327 5.99525982164952 5.92033195755891 6.00840180931211 5.73418505502942 5.89542228690644 5.73433120235351 5.96065362985668 5.92595984067635 5.73871466709248 5.80647430175684 5.82225461857472 5.84744514403541 6.14943730651032 5.84015496593613 5.87424210433918 5.77030193841786 5.95420455997127
"4" 5.90570514114047 6.02638871166276 5.93533007654923 5.90875211340281 6.09739598141446 5.94113069847289 5.78141097550212 5.88246305174392 6.17612497983923 6.05640169279828 5.98465032664022 5.88026949414311 5.75243526273611 6.05178502889461 5.99093629371609 5.7564782187136 5.92658371578538 5.73662965298354 5.79339914555418 5.86804585846585 5.66249993453735 5.96552742736727 5.90823046135808 5.86028536194522 5.86330872232095 5.84196668477355 5.87023227579175 5.73281279722901 6.04379800682244 5.70867011084024 6.06465611207338 5.80800436013358 5.79693224628607 5.94762722467014 6.00736263017548 5.80253459631002 5.99212789231166 5.92895268511836 6.08266662157823 5.90409099898389 6.15277044304627 5.94412490799667 5.89520074466233 5.8207699688168 6.0430952539078
"5" 9.35468179759907 9.19537066139211 8.95507063746201 8.90430526866348 9.29411687796361 9.02981594343454 9.60507086119008 9.7613216299723 9.26791917939552 9.14434797587159 9.36870011154774 9.46823460516992 8.98981683258086 9.15344132328885 9.20027840434109 9.02053334803442 9.27992692664094 9.33547645784633 9.65760422325569 9.26395109389512 9.18581216463111 9.82484583371658 9.19834681703864 9.17969327742552 9.10408362189574 8.84575784509303 9.25861318303389 9.18319681427288 8.90280024039178 8.95261350646001 8.81060331270022 9.40261969272753 9.05477569173384 9.67921047811675 9.06947442141628 8.69477037663858 9.20709279157629 9.34175337892582 9.51871261642711 8.75977994689846 8.90765408495474 9.65157544099877 8.90857651982047 9.56406518924153 9.67273765976705
"6" 6.29786134098951 6.20695652489436 6.19834933334063 6.31899597280295 6.35327613049993 6.44728591956856 6.26231214657028 5.9493720076854 6.13037218498085 6.27774816267342 6.20743886239485 6.17864516711045 6.32309888096882 6.37938271189065 6.36826803739269 6.31808611662888 6.19863520818263 6.38959178768043 6.29223544210609 6.21588499935908 6.46428091997556 6.39967101535971 6.31025058076325 6.31375865764285 6.3056762244701 6.22915375820446 6.58789940215626 6.32612154685614 6.28643330900881 6.24064855302026 6.2007350445568 6.2882014265694 6.33081691984824 6.18653604804891 6.17952438812683 6.48776399128664 6.37690230944231 6.5366059209055 6.04603113594373 6.25392289748106 6.32104608478824 6.2536880142697 6.4662845640508 6.27677859361485 6.35459333446609
"7" 6.10609413607438 6.07133511530109 6.45825556477921 6.20052151895823 5.95107692142367 6.19688825060808 6.12612839961586 5.88206374628273 6.02992374354945 5.97721251102769 6.03248629249555 5.93595653743974 6.17476881313099 6.44496153018127 6.25942223069767 5.99041326829047 6.23328521239298 5.99328008281813 5.99467512402886 6.03146575757544 6.16803198952339 5.82414839031618 6.00827763574811 6.16741834736809 6.09126159589714 5.9495827177317 6.05855392531985 6.0330010691639 5.97713879042167 5.89584972371479 5.99430487377397 5.98362166266702 6.11368720074253 5.87611083298387 6.18246506704862 6.1323398538856 6.0163040498103 5.89136130368977 5.84807259658621 5.9254494714353 6.10726920180249 5.92404256730669 6.07274771728775 6.04091907303382 5.96454346240146
"8" 6.0567257360168 6.00683990962755 5.9257310994062 5.95413062995676 6.16094054847281 6.22508498860725 6.18370167641092 6.08386920509022 5.9549898080163 5.99576599277799 5.99354261709405 6.10439433827737 6.01002429445764 5.91957424328248 5.99013549172524 5.84438136121872 6.11102382282974 5.97606502455822 6.02939175494038 6.1219600803775 6.10964869999611 6.19187241958383 6.148213958367 6.07161275533884 6.04581416093601 6.03428349590953 6.09646435791818 5.91536489275493 6.10835088627387 6.14416054274041 5.91367433142306 6.01378769803016 6.0534235751253 5.96059191787854 6.15392216309997 6.26475643236373 5.93577959756383 6.10008535474349 6.05035614898205 6.28100123271723 6.07899447834065 5.93523992705423 6.22029081527726 6.03517554242044 6.06900564358604
"9" 6.47234123969077 6.48534917469565 6.60134704223397 6.27455725066261 6.45962204784836 6.82425264587841 6.6189034742963 6.72255302892543 6.45748242231639 6.54372615920894 6.27682527607711 6.4985718889218 6.66293649637966 6.30593442892144 6.37576876415426 6.41065554102025 6.50913429560432 6.52143472246559 6.5725332456321 6.37057148888704 6.37310638745731 6.85035170653718 6.68232118168444 6.39719075749237 6.5335252654179 6.5361512365816 6.65589762467397 6.51339075671563 6.44841141732903 6.58222394484121 6.53516971966274 6.64198366540804 6.12004941875293 6.83761531622663 6.36701160033355 6.3896238294116 6.66211385085984 6.34511812374829 6.60779549613245 6.50769543946725 6.34350453027731 6.73081086544066 6.71742599484543 6.7156288036093 6.68885953025975
"10" 6.16478586698338 6.07936140255435 5.89015187514182 5.91961330171214 5.93108396760077 6.04947063193228 5.90215695032099 5.92331255258424 5.95515090411145 5.91025995536832 5.94385124098877 5.76429845184878 5.81865704175894 5.8953115743863 5.74957231931939 6.02184194235221 5.953234734237 5.90488603087075 6.02709917149466 5.54257101586989 5.96852015164992 5.99989884501303 5.94745445061859 5.8677069448957 5.96785688807785 5.94035442349884 6.00430087063326 6.03751230601633 5.9830435601501 5.85630079988239 5.8667671297157 5.9037316101115 6.11388075415651 6.05476046398369 5.87829742047244 5.89936989437323 5.93933536421416 6.00487082828591 5.94334387102024 5.92239028336674 5.90889861934461 5.8086692813609 5.8585075936683 5.91134036461664 5.90966184443705
"11" 5.96797862505354 5.90849313470388 5.94586533675195 5.91849757969826 6.11241050258903 5.6120367895054 5.82062401530847 5.90577294252076 5.87429473445189 5.75832856095652 6.08624849062979 5.94655869882339 5.85661886698854 6.06814044985986 6.16569833839846 5.91258078557331 6.2440083859827 6.10771575612025 6.06308354956038 6.02334774509574 5.7344353937043 6.04766689548476 5.9530826869188 6.0615753097649 5.88164057342625 6.09883969970169 6.18359450317558 5.93639513495112 5.87665011023253 5.89810857097549 5.86339764922131 6.05087406609743 6.14494552171676 6.0701676447169 5.92932831580979 5.97471460078734 5.96943414759168 6.07167234001081 5.75186929106039 5.76883839658721 6.22489850153211 5.81549858978575 6.09840774037984 6.04091831950619 5.75925375838262
"12" 5.99218002251091 5.97843322000516 5.98786726283888 6.16835979792638 5.99955986132671 6.12152773038733 6.07767824332861 6.14804099092287 6.1499458747929 6.04842587249848 6.08305805686446 6.09301444163893 6.14211200588142 5.93343621275229 6.05484943620319 5.94453043721138 6.17727135641735 6.11739836405184 5.98783733861897 6.06684463324623 6.06884528717541 5.80066929908854 6.04310912114809 6.0394005803445 6.07596720532402 6.20809480167937 6.02745296052965 6.04601235073117 6.081221129506 6.14361228944405 5.8991394378154 5.96858268467743 6.13448224198168 6.00030854882591 6.19018674847077 5.92529403601784 5.97151169196508 6.06491450046423 5.95986643527302 5.93923582967017 5.89145316763884 6.19895124030002 5.98150468292225 5.91362228874054 5.98453757723998
"13" 9.34633190163235 9.21024983584258 8.69395210704043 8.88546734722065 8.9371329712807 9.40050999586491 9.24482158542816 8.90712484192787 9.07840880515741 9.32976490735114 8.94579177430693 8.95197056028986 8.82689941154782 8.95570098347625 8.79766800899072 8.54980743473123 9.04416669260017 8.65904733060169 9.10465073900692 9.29607328688507 9.18002941618048 9.35957821782779 9.26998163709384 9.31737535783334 8.94244625900125 8.82259672757156 9.03391356404181 9.11839929104185 8.85289589217473 8.93447879268442 8.7330069436026 9.39529644202848 8.70067766787552 9.1073218587531 8.74036734641539 8.61186958538167 8.71605272994903 9.071033234942 9.33582769406707 8.71531286511048 8.91511296146055 9.2228214338135 8.91741215104406 9.03287507935354 9.34286561669129
"14" 5.88855080733153 5.88621933312283 5.93436275481407 6.04335132537737 6.2430742864521 5.82579244630313 6.26191360933831 6.3094411075254 6.01848584617236 6.32270449165658 6.29422660944089 6.14327328762494 6.21666581304445 5.95479968140877 6.15855083524817 7.38670350992379 6.27948967687264 6.31257614947959 5.94748703077263 5.90913781906042 5.90636961436144 5.96019708110546 6.23319745415797 6.14884167632312 6.02998959203874 5.89427061170911 6.23661735658456 5.91613806717369 6.3383108588392 6.08830789751789 6.11013242080975 6.07500566585052 6.08780231908201 6.07612980970954 6.35003176293643 6.05693591973107 6.35758517277475 6.05186189129239 6.21778534669127 6.08139595607916 6.18306428044311 5.99654318400914 6.10724031125427 6.15061533170321 6.03154722837374
"15" 10.4640440882559 9.78398122408701 9.77584291599523 10.3403100422393 11.1725235219148 10.3043374851982 10.9643923202135 10.4109925740763 10.875798567221 10.175997019925 10.1377063283982 11.1948086060833 10.4818297126181 10.8530543507273 10.1897869876088 10.0040493728055 10.561382563154 9.92829842822981 10.2511038706761 10.5337686051892 11.0149669714041 10.5012971288329 10.0639156480325 10.4999781011613 10.3129395913904 10.0572118560392 10.8288043831555 10.399607388742 10.0583896206188 10.1075375357255 9.61279861804096 10.7607828370342 9.29872873218227 10.1896824423458 10.0581701548252 9.96954168792341 10.0615158683959 10.1121419793507 10.7173380332813 10.8264822419811 10.2910331486625 10.536150026715 10.2821867867132 10.4518223786536 9.9059197743706
"16" 6.20524913410867 6.13472445507149 6.16245933887489 6.22237745868468 6.10969414269934 6.15169496760533 6.18748277354153 5.78245679387241 6.26456203946509 6.01922546215141 5.9763362013197 6.15695768806639 6.29566341940443 6.15978318092649 6.06196432091997 6.22026868627394 6.16725888756415 5.90805098059412 6.28518503178099 5.95590579673363 6.05341797007178 5.95174538702789 6.15558401231142 6.21492874302572 6.20481483544844 6.05873001209546 5.97735141691679 5.77933998650537 6.32294278945057 6.21999391963885 6.07563454044663 6.052542439761 6.27152340155894 6.09513250884326 6.12718991644732 5.98320982573677 5.99028081747474 6.01493399007146 6.12602029575002 6.2610521919983 6.16485688574869 5.91762463843461 6.02049765503151 6.28983176461071 6.0067207371292
"17" 11.6786334516938 10.583609670976 11.1267264228829 11.3320084773297 11.2339903647998 11.2113919017893 11.666755265733 11.6218783445848 11.096489850009 11.3446039673427 11.3459632320421 11.594421862721 11.1641547204318 11.1627524014381 11.2398186976614 10.9361798816937 11.0957967398008 11.0029218314201 11.2419732414412 11.3250312715262 11.482229001642 11.7081945895363 11.2419949730506 11.2395668754772 10.9662472935729 11.0704175504208 11.3745189195629 11.3161207892517 11.3723874279687 11.3086044148702 11.4610248128146 11.8807218420897 11.3134296775552 11.7653004124911 11.1923481465604 10.9592137563374 11.2941591471436 11.6035241193401 12.1009058689245 11.2690717185894 11.3010546939911 11.5042165986423 11.3776446084091 11.798565200778 11.6905225685119
"18" 6.01576252805498 8.78669255653556 6.07414519400662 9.27530375864374 9.41882016756113 9.66286106380989 8.34381920951495 9.95058338876515 9.10698837746687 9.68497451335583 6.17965704940553 6.19992287568591 9.0873430226357 8.66392025412985 9.85451451330032 6.78765304914077 8.66258897346376 7.65340921291027 9.22007994490718 7.8638023308204 9.07366718917547 8.51587216787949 9.21461173669 6.08058514083334 7.17064476378801 8.25709804016616 9.15172260206367 5.79087252157534 5.77221891787041 5.78157490250482 9.43839268445537 6.2095575142979 8.63168460858276 9.44338056259271 9.15542381038259 9.31563804771401 8.76217769793443 8.28790591866261 10.3336161522306 9.68110531250827 9.76150698719742 9.50819465732629 9.53374727364272 9.31486880617948 9.64609341387453
"19" 9.14726512584981 9.08719243751383 9.08402756637531 8.91500317764486 9.34840767658514 9.08028931982442 9.34735154175595 9.50918253492891 9.14979860204388 9.10321143679372 9.23157393819974 9.09277020416876 9.32750539426967 8.85972315916654 9.01594364840356 8.85704479256044 9.19470463750617 8.95242788303661 9.30390789246868 8.94739685468455 8.9366201990003 9.29831652436908 9.36825343217584 8.74749868604017 8.62146358249711 8.83083596085351 9.28307975333172 8.79909626562966 8.51708392452824 8.93791656570202 8.94426184905452 9.22543504393331 8.64059013990689 8.97640438345177 8.81906861097964 8.29648993345564 8.92735586953284 8.71630320580472 8.9913262768445 9.05982048498732 9.07718871125214 9.31105572589704 8.74402693473893 9.08941112333007 9.5639036286928
"20" 9.35085918996867 9.50360504898697 9.28239572821205 9.22563219714526 9.16871365038038 9.75773425824007 9.26479761251571 9.74818087343141 9.25010088439672 9.09859086793164 9.14196935787227 9.11751709658941 9.73760043218084 9.47355374154428 9.44824530485729 9.65843515950355 9.43219793059892 9.22239289337501 9.63849906786012 9.54882298537641 9.24817952839508 9.34343553192856 9.55226321626471 9.22984317121026 9.41770696913589 9.81758621730595 9.19618731936818 9.07894119027237 9.32560528233733 9.485995469342 9.68895527993939 9.32229288855247 8.93290608306394 9.25734614309852 9.52514846387139 8.81533283721703 8.99997004707273 8.81453859832819 9.41372542011813 9.16468392295927 9.51245467576717 9.62099675422732 9.22281402108882 9.24902630328973 9.58112878304376
"21" 6.14490511507735 6.07454241022302 5.91137119328534 6.01410232499978 5.89208607687115 6.04592802168184 5.91193515446568 6.13261447085651 6.17693513580388 5.87824857032724 6.08589680008375 6.16007195614786 6.06919044507174 6.05453507999708 6.26690625486572 6.27084264779538 6.13041979920334 6.03771467721272 5.87201194828064 6.31476425894331 6.07348904435152 6.10225841260687 5.83580187122068 5.86137311069307 6.11557475972268 6.21380514909844 6.04926642080725 5.87568908854986 6.14427020742763 6.178100700265 5.97547508487696 6.01719593906176 5.79216982935813 6.16724258125757 6.08199852398393 6.10683971485317 5.90645301517664 6.07669957382886 5.87913435988827 6.02069916200622 6.13276193442392 6.08213354624165 6.01189284783286 6.02413843474534 6.11992682114945
"22" 5.9648206535388 5.87968427967004 5.84004247338942 5.92063972645817 5.94095014022974 5.99564595052334 6.21786601261977 5.79207715571229 5.99256213229309 5.8966051896314 6.05596919277704 5.96624436548565 5.86302929807976 5.83809216074101 6.01902236633014 6.00471449009006 5.94582187524323 5.79936680521076 5.84021846226393 5.86274515158938 5.98946999254243 6.06898960518127 6.0166470358876 5.92196667273604 6.04727654718035 5.87440584457834 6.24514340479293 6.1888154844939 5.94866521584779 5.75761902086527 5.94748054743953 6.11021097095212 6.0436231744007 6.00408592892476 5.96304189363749 5.98515579437799 6.07999736924743 5.75718507322077 6.11437374476544 6.04712288093752 6.17428101797262 5.92396109231188 5.9389228560351 5.86331801606236 5.92482789356935
"23" 8.92150155787834 8.85602099300548 8.62547600174464 8.78648671954867 9.13559244734282 9.17657783135606 9.32524970762481 9.34813983452642 8.99534745872561 8.93750107333319 8.85990544799769 9.19124634885158 9.16806803156042 9.28804834704598 8.84676801241131 8.75237032864241 9.16688429527591 8.89294931999866 9.26566797813092 9.2670784010833 9.56409179456412 9.4824323143429 9.40577359472802 8.92438679949102 9.13965594665985 8.8175768749814 9.09019353865658 8.94095829321649 8.91351954387617 8.86805111446982 9.00398554507482 9.11318862820583 9.09856006135985 9.18608051465297 8.8225113232268 8.85660064986872 8.72953559081123 9.11576475298176 8.99101053571864 8.6451560185168 9.09326652767112 9.0929927450217 8.92668151389386 9.03923143342326 8.82171631687517
"24" 5.99788946652377 6.13627828659941 5.84291095874953 6.02951178038717 5.95799754841101 6.14125797682086 5.82687232139498 5.69502351193031 5.99035001896478 5.99145827336879 5.80146857845906 5.95275378378802 5.76497914474626 5.84715213425346 5.78854776629596 5.87500451859269 5.91627917439873 5.90954892512167 5.89303981545696 5.76464303514385 5.8171728980846 6.00330954533746 5.92392623415172 6.20122860948893 5.82717696842796 5.85973879140545 5.83751111778826 6.2228485108079 5.75031441071617 6.01156146030939 5.72688659499802 5.76258867141194 5.82143685837492 6.01304927270586 5.73501176533233 6.10663944997201 5.89299085037612 5.85597218763878 5.83319571813242 6.02388110404159 5.56039605672508 5.77996195139933 5.98748487537399 5.89987011679325 5.92251869856526
"25" 5.93980449147248 5.85148733575035 6.02136425880829 5.71947466075157 5.88105730916908 6.00712017844342 5.86568141733309 5.88939930598897 6.06428934848925 6.09130520659602 6.11570533366432 5.84029367368708 5.78735221404005 6.06919852019994 5.94994042478721 5.83969451043574 6.05160747018511 5.99315309013329 5.85072150739782 5.84595134977907 5.96879651795631 5.77389980783827 5.93679215142605 6.05514178572469 6.08680837134702 6.02041156949937 5.94143270217522 6.14004186931164 5.93810099014853 5.98161160186661 6.03787715196877 6.01542335891619 6.15764613990099 6.0183802663499 5.75817791064838 5.92974901734845 5.77149787374587 5.90694397412949 5.99684116153283 5.90067319152063 6.08915732736323 5.92746708649553 5.86880452886968 5.8883737663573 5.9503116174836
"26" 6.35536206267733 6.21133872318143 6.42034143083916 6.37404063703541 6.2019434269793 6.10280320727794 6.51531122073235 6.5554939181916 6.17196247696388 6.83284001509622 6.50305512102053 6.66986471951261 6.389299485178 6.44947906374866 6.35240304659229 6.30741911800289 6.56758402062469 6.46961472295924 6.26161392155185 6.2603452789003 6.41569692253552 6.26751843189772 6.10715929211674 6.37943311184338 6.32334041884717 6.22886951185181 6.52347247511842 6.87801645161064 6.42097924442681 6.4377096627518 6.21044853317582 6.27827457176754 6.26743766555955 6.42138496677509 6.60649963942734 6.4465063721905 6.47083144798285 6.18686727089418 6.31293147904818 6.2856699818668 6.57375924732251 6.17462673694204 6.66582336056179 6.33326649858931 6.50941721443879
"27" 6.17087212889562 5.93955828476013 6.05647371356814 6.3174583213584 6.12949876984195 6.28368707358077 5.96011619918291 6.12584926278811 6.15198865044797 5.981199269995 6.19289973589983 6.1670797529803 6.09808773853822 6.2637601921724 6.28569556227162 6.17369923807763 5.8375351397913 6.28239372477193 5.92737875954956 6.054866757176 6.0040306279631 6.03419881691908 5.92009156258257 6.11602013464492 5.95736438912996 5.9716670534514 6.14563771424625 6.1211908136881 6.06424877708104 6.08591618650293 6.20599479720323 6.23291173452694 5.85371609310587 6.03568366243671 6.0903357804856 6.02133821198598 6.1795670724888 6.1527580222892 5.95835687295387 6.14777295503839 6.19447808027562 6.14556595800727 6.04365328359352 6.23856290898306 6.13588896115672
"28" 8.22953859893584 8.60942047631886 8.05509484928797 8.12015089140541 8.56906480382658 8.14141918692165 8.16562391261026 8.87662098762885 8.467998591375 8.22733880170022 8.52231304852578 8.08846598216138 8.55075275317158 8.26182416150535 8.1584616640599 8.23198080854869 8.44682635295711 8.3972206756788 8.57591973015663 7.86729579795256 8.35905519013649 8.24153487896445 8.29103297320052 8.10128558961906 8.09281278601963 8.22203503208681 8.06652146048038 8.00958422253571 8.04680425773374 8.2832807185171 8.51797523726337 8.08841173602504 8.20093328359742 8.42085905481852 8.07492934776516 8.11292737375141 7.83178805711559 8.13704642701885 8.60814562097919 7.97332326251535 8.16812896020423 8.351994827106 8.03974843693462 8.23825209009029 8.57612720232993
"29" 6.14880006242589 6.15883269155939 6.04218204094588 6.19588094010496 6.34265379898252 6.20648893941235 6.38195461902189 6.18750716549114 6.21680256828524 6.36559355642515 6.16855616529433 6.47045398266178 6.2280773611617 6.31205839513722 6.40282686467752 6.27242829342735 6.30248535328078 6.21815363956411 6.12834148518898 6.1960492308162 6.42054304404916 6.55725201746633 6.38803981076647 6.27937093039175 6.39563744949605 6.15793830976534 6.20497977879293 6.24244250999733 6.28713977429333 6.18738342869496 6.2093700220626 6.28365589055592 6.14104660088231 6.04036547908542 6.24608177235539 6.19789282844829 6.34351020273735 6.18296412204686 6.27329791637642 6.29742611199886 6.33408823863139 6.47930129145833 6.19911782209648 6.05711870571468 6.08564163826366
"30" 6.25374005246239 6.13491539159601 6.44925459336747 6.23455922276148 6.36309564124096 6.33262113741092 6.57530194266667 6.45886365000161 6.35709159956977 6.52990354542094 6.18916145597211 6.63533054038108 6.34235975715604 6.45589851582661 6.42794225049948 6.53881727998946 6.67876920905094 6.44479415761784 6.43528307542469 6.47864487812153 6.37351436402161 6.77491766366832 6.28125654443743 6.44808915617457 6.41802231483071 6.29931799571858 6.67266298754141 6.7811290698448 6.45886461316514 6.36798548201862 6.3783444287611 6.52770057690242 6.31083855171681 6.31737068309327 6.28864336198394 6.25507676067884 6.37517237776228 6.26931136973264 6.45855538499669 6.33411397784376 6.40131052087997 6.42055047555688 6.37261142954765 6.57427603846238 6.4172746741023
"31" 7.55555900665759 6.93198954043064 7.25894019703476 7.42958672814495 7.51942344869673 7.05816800813787 7.66148196576888 7.33252039731764 7.37241276492018 7.68536820094744 7.68761994842222 7.85372108807227 7.3775949037029 7.50949273350557 7.60858107141053 7.29391361685523 7.2009060321886 7.30102557208219 7.45309227154054 7.72406667942938 7.76555811425823 7.77389445017317 7.39006747038218 7.39425322069452 7.24607021939114 7.0293497305248 7.71057907525754 7.57536907998211 7.06498968652604 7.40065773760589 7.55248086230874 7.76001628974849 7.17143591560554 7.62982034372921 7.6739576703343 7.5135337325668 7.61651332230386 7.49538879613611 7.88002007764782 7.3843528037646 7.52267493004985 7.51923820392379 7.36873651330211 8.06508194023727 7.62658300291547
"32" 9.27243408936149 9.18568745541174 9.007276792616 9.34105690530711 8.96330799532937 8.97144589621314 9.22029876636663 9.63175884490391 9.25405413812666 9.36646506144954 9.1461136267588 9.24384236979235 9.18599466159323 9.1501847889057 9.26082694647054 8.65231336025713 9.22963111415057 9.21070992310241 9.22761088172564 9.16772868993239 9.17411343908863 9.34237758886505 9.1547295795957 9.46796774274532 8.69946343484615 8.890149094171 9.45117140967389 9.19838648660074 8.98784830729672 9.29928415106904 9.26420939520129 9.60383375817964 9.33988558755274 9.52639463818954 9.2350670775242 8.87742074971911 9.50812844406898 9.16985243648605 9.68952991429008 9.08902216381629 9.30146804497894 9.27968749140247 9.09504660404702 9.54075216901329 9.20767981778216
"33" 6.6825799090439 7.09351881952561 6.37756352798995 6.39549859291881 7.86232678618111 7.32718441226399 6.58687315837534 7.13829443129198 7.42698032457176 6.8732100134965 7.00165957413685 6.80720310068202 6.63158843008571 7.04138562040617 6.56950414300382 6.88305372542132 7.20911251455051 7.1169176629704 6.72192924486606 7.345402581828 6.80268619283111 7.51566027047417 6.70817344693586 6.25796816803685 7.19463364612823 6.63993844406168 6.49853016936706 7.43400355140165 6.39455145093929 7.19391122167164 6.46930950427597 7.29386752120014 6.73254632947744 6.79205750929283 6.94936043162931 6.35736215987193 6.85681381407925 7.20933971342978 7.70847759115252 6.42983738443405 6.51529726295612 7.26132182711041 6.93983050905499 7.11634428680162 7.12639040855137
"34" 5.84515149699739 5.77253084727467 5.73589751101515 5.90522720982655 5.68404106090957 5.80803420144305 5.77276358530239 6.10007746784704 5.96938344235968 6.11997841030178 5.899987506955 5.6111852415902 5.6921388129532 5.94408469388964 5.70029662422403 5.81002049925988 5.74753512244129 5.99323934068225 5.71667311142037 5.98362483358994 5.95738603073703 5.82553790843563 5.82914139701064 6.01835693694084 5.93908870131833 6.07398945442668 5.81540854736293 5.79550986183414 5.97626139839811 5.85836295570188 6.14869016013965 5.98131906974891 5.99838251381004 5.87638760528868 6.10695259360229 5.8650707789772 6.00335243869565 5.90987789625593 5.87353715629006 5.89570427035292 5.89754726214914 6.07915935603935 5.90128225097216 5.9083703289931 5.96321143212058
"35" 8.87473119165822 8.3428932767564 8.77562227186628 8.92181799405681 8.97889108206207 8.25007329136356 9.20951805476298 9.04242397500695 8.87497804396862 8.79004572462559 9.04751975404302 9.32498331123721 8.9631698535073 9.34127797206543 8.81049976097745 8.38760948379541 8.95863450598112 8.65728727211469 8.95432732102967 9.24240060464931 9.84822322195474 9.52722873927377 8.98831489351833 9.19419908814646 8.93304981661942 8.7129124187595 8.960008080428 9.32068880286795 8.68959863540244 8.71225590668017 8.8197087325264 9.64554652188118 8.79067989423585 8.92900332400707 8.72621570686754 8.51579139613997 9.15990471134561 8.75941677846943 9.7661026483803 9.03301321307931 8.74071007112947 9.51062811703963 8.70779291291065 9.70824394614208 9.17823421699724
"36" 6.05959239806198 6.24509863408981 6.25270803996001 6.32478966977648 6.25656329936221 6.43820489058304 6.16407246779397 6.41620543432735 6.34053200224407 6.55789821813079 6.13566356446897 6.16118287437816 6.4564900117837 6.40842879292851 6.35428603209347 6.25736631953417 6.41240126473356 6.19074015922331 6.45590197200122 6.07072100006647 6.2097936689079 6.62986186700375 6.22171182195063 6.34441715922974 6.34828581192983 6.29023733623682 6.37938464321311 6.24385130871079 6.42499138955115 6.38109422323523 6.60366774192332 6.11864264330165 6.22694437363361 6.29202154457454 6.23790193209283 6.24776313069744 6.34688555323935 6.2215519114337 6.13609306841442 6.20597934225174 6.26212631957131 6.34999815756951 6.26730026390562 6.31900852502267 6.29934679988056
"37" 6.5416866628717 6.46871909525022 6.45016460821456 6.32051690359577 6.28398186457008 6.28040802761772 6.28079102936482 6.25719044099706 6.37621506531706 6.4198681551332 6.60658954257284 6.3286656971512 6.31255704776122 6.37473939017971 6.63078024415134 6.4789902831579 6.57445777560827 6.46128688719803 6.278474966531 6.31165777306725 6.12536865320816 6.47723059992207 6.26307659344585 6.29004113675815 6.21642586332625 6.20882340003248 6.39225002076357 6.25605473354752 6.08075335104664 6.39099046792587 6.16895175625563 6.21782926034424 6.05383430063072 6.3074384559673 6.25544275391595 6.1805575699847 6.21244303829439 6.211036753367 6.17904198820432 6.35093849530033 6.33942178718317 6.32392737936349 6.21781844866311 6.33416723757044 6.40517617165793
"38" 7.27938610531454 6.76804279568069 6.99254445523885 7.10757588041845 7.12302322370681 7.20229081644982 7.29089766808446 7.11141757281962 7.3726219139767 7.1947384504246 6.72486013167725 7.11795557207517 7.19590205738018 6.99730271463101 7.06808480989002 6.80681956941044 7.18692928071781 6.81834940725955 6.82212909816151 6.99114611573289 7.17896379992078 6.9522224112242 7.23398129577854 7.35048765574999 7.12960477861449 7.19344331920509 7.13333983749433 7.21735621120102 7.189660457737 7.1098671312997 7.30276907428206 7.74018538917084 7.08164325882464 7.27973966183905 7.32754057979329 7.54724418571445 7.16727716523146 7.27321204192777 7.21771746481751 7.22106403894205 7.37637002382747 7.24564665038123 7.45964359551747 7.04101868518483 7.08837572924179
"39" 10.315983372027 10.5358593227304 10.4666322612256 10.3884595740701 10.2939778876877 10.1250460695101 10.5849639049171 10.7964295913396 10.1587094162208 10.5296338975877 10.4051191272222 10.3620597280902 10.2874694452793 10.179216104567 10.0512220138978 10.2422834374586 10.2950949502657 10.3820055350486 10.4658579594506 10.4543803557472 10.1497605395146 10.7346680653562 10.2779822364883 10.0401016534531 10.3305274322458 10.2675822647571 10.3371050714172 10.4210135802911 10.0892300237463 10.322734496183 10.0019628001967 10.8483279792355 10.1461929171665 10.4706370078556 10.565837007232 10.347555173574 10.5506403892056 10.3230469680283 10.5772569250071 10.3497209722303 10.3358676228646 10.5949155650805 10.4343238991908 10.7235117442533 10.5679825585629
"40" 5.69638722341739 5.96457038224545 5.9495412213808 5.88410689663984 6.22854988386258 6.05008949663389 6.2012795390591 5.93537395655203 6.17031951802038 6.29795103430717 6.16776095819912 6.059047488796 6.21442910092095 6.07189619601086 6.08326857524684 6.12868776488058 6.12089438879182 6.29422159691181 6.14178172962484 6.04229411735012 5.90563306187037 5.90767563577688 6.16896634428769 5.9659892098052 5.97582494872364 5.93425272215982 5.94070772862189 6.15685183759175 5.98560043493931 6.03341154717006 6.02317947627443 6.17017173476115 6.03427676811981 5.97295685913009 6.05511325626338 6.08109185666913 6.17105207938803 6.13628576791349 5.94643112840673 5.91584377099084 6.09707492890824 6.02050556595247 5.93582687727633 6.02938088900682 6.09567118551762
"41" 6.94255752537076 6.85777813781825 7.17413810586412 7.03811772390757 6.91913190764084 6.92088495732345 6.9968516773136 7.25344640794666 6.67635854328266 7.00748911794976 6.84480387260137 6.83770667624991 6.80249516197739 6.90907168658581 7.03896671155472 6.6793986513446 6.9956422408916 6.89838516151899 6.79045881495659 7.06520356888081 7.05702632973189 7.25724419769066 6.92050625498361 6.89478550510077 7.04351420806 6.6421759153889 6.89899653182281 7.18136013488731 7.11828664199464 6.93616815272732 6.94264919919739 7.29253897922933 6.67556405846832 7.29953280885767 6.97569315988756 6.69596856586907 6.93132538897368 7.06438747941669 6.9908254753589 6.93280785493888 6.7845374946655 7.38003148450759 6.95014671392866 7.21908877949258 7.05422307351872
"42" 6.05765732792618 6.10004335183382 6.3133213409396 6.15430707717116 6.05363504122402 6.23759583670835 6.21550667880239 6.18770242063648 6.24390940815416 6.20940413155178 6.16032876456009 6.12401977317407 6.24318178152456 6.2600026228971 6.30970917706776 5.99496858418685 6.22977119843994 6.10769826730584 5.97937667251113 6.1933097830047 6.19616225558703 6.22178882276362 6.36711347472211 6.31301032021441 5.99236824090269 6.15572649910599 6.16806483733996 6.28285803927953 6.18205977226952 6.22713194561947 6.44933957868935 6.18844914412107 6.32108192793841 6.39661726598823 6.20506820393492 6.30984893411913 6.10113981538114 6.31836975193555 6.10084795890125 6.30797044314145 6.1408336964143 6.11721677421674 6.51562411576457 6.13334087241314 6.07018422465156
"43" 6.14863157913129 6.11235017214206 5.90684326277535 6.02204423190063 6.05725221974151 6.09880340554433 5.86031520524487 6.11253816241165 6.12199726750183 6.12693515794645 6.06935647821021 5.97305973926073 5.97723566662401 6.04306640584698 6.0003880184339 5.87472504964639 5.90601543707654 5.89563957448785 6.03816087403644 6.11620132805701 6.15557406268835 6.24285842913152 6.15505219849381 5.89672056322087 6.16797106187842 5.98053249101209 6.17882991235474 5.97931318446928 6.00986024718109 6.1466390620645 6.01086670709732 6.10468432807518 6.07441594729341 6.13749082987843 5.79347863977924 6.15189391627544 6.06875970607719 6.11711666272216 6.18476702689951 5.75364157066204 6.17427106056258 6.15252583470165 6.12540823238577 6.03491435614698 5.94274717880732
"44" 6.01295298174022 5.86815574025991 5.89460448978222 5.76325951254462 5.8886773281002 5.77960913251083 6.01863909409042 6.01445402505613 5.92292044519512 5.95828427419115 5.99773361884464 5.96963291970433 5.91323875791125 5.73432323668057 5.96389841969281 5.71592381916773 5.79899218787324 5.99046840170896 6.03448866241202 6.02331648820128 5.88869082587671 5.91395186206282 6.12357404433527 5.95138665147303 5.90758119267096 5.83096160576084 5.93496984555657 5.84270203965854 5.90365146861066 5.70034491147048 5.91731401533982 5.86211192998403 5.85413180314012 6.00546050145309 6.06115447502078 5.97924351220494 5.87305078041813 5.95754107590638 6.15644330299562 5.87226953372233 6.07797411647756 5.90465460528864 5.92883232722038 5.77630807639804 5.83855702299924
"45" 5.99765360896708 5.90778882225837 5.90654310101086 5.94039164821913 5.86664297946692 6.26579554922103 6.0438394376281 5.95075943475693 5.93523269970081 6.26819652880997 6.04041659805806 6.06151727066937 6.09315604278377 5.97442523361807 6.07769122493777 6.05397293353957 5.77343506816299 6.09121586671774 5.84602513538589 5.95175726909945 5.94231569740737 6.01664622242629 5.69080828439182 5.99017820139222 6.12526022084751 5.9900033730756 5.83122207306979 6.26351218664641 5.9996979691912 5.98183941257137 5.81345544799389 6.10981662135445 5.80198593127221 6.33087353210886 5.89609928528639 5.96580375070712 5.98303762389106 6.37322299356319 5.92453196082016 5.89699808975046 6.19149075299679 6.0095564443061 6.02071539705787 6.26957648631186 5.88079834042735
"46" 11.5570554480858 11.0891856207106 11.5563057545962 11.5904551266991 11.427687430905 11.4790402867705 11.6260531365871 11.8647992407046 11.4499408829001 11.8560193944373 11.5523768193956 11.4099007708291 11.6225362772651 11.3988418804556 11.2770896844938 11.1351619815069 11.4685396382484 11.2943739037814 11.6088256320559 11.5252944725322 11.3561323455064 11.7156181012248 10.9556624299264 11.4348988630847 11.1703188492569 11.1873492168878 11.5863227677391 11.6738480872854 11.5478645604599 11.1864294811419 11.4589143128068 11.863118532683 11.1797121493569 11.348664102992 11.557035346923 11.7941748867811 11.642496424595 11.6358503123803 11.8805141161554 11.4944620702777 11.6060073296843 11.7359824015234 11.4719025694195 11.9484156765895 11.6197940184126
"47" 6.2063417679405 6.1274147234209 6.30488333118337 6.2280025150062 5.91662476222271 6.26907126120544 6.18339171556562 6.23938819535758 6.1471604951775 6.23704758669891 6.06780525137232 6.2804126205547 5.94003531434117 6.18404653601881 6.23250747290487 6.17509503588003 6.35349671139366 6.10093833347884 6.12345043024897 6.31220663089083 6.10016362785894 5.88868447202556 5.99718483883601 6.09387241435728 6.02954061000882 6.21698498853562 5.94646790511849 6.23799901336425 5.95194591859148 5.87150899970055 6.19581971271484 6.04835729880377 6.05049701590425 6.1777251785634 6.40969931722321 6.35994051258414 6.25813905136569 6.30458460716855 6.07922955085759 6.34663344575403 6.08653604006806 6.23686398261622 6.13066103468559 6.24749142211238 6.18322787143197
"48" 7.7801409351735 7.06627953730821 7.04029517388161 6.63266364772184 8.18830515372295 6.12894271757786 7.14943104470872 7.19315670823498 7.52609314888694 6.66301389880481 8.36823604492619 6.73175145802319 6.56502557784679 7.30532477276011 6.68198526780637 6.68577643546251 7.34911963514207 6.45602277042044 7.90666140672796 6.69970192085602 7.73289970036066 6.75350304108677 6.68453732926465 6.38910433565335 6.21448332613823 6.2996486761006 6.51171655900413 6.99732921229866 6.59371967007141 6.69239816794822 6.73236748198046 8.19701289090796 7.33468990332759 6.45969903884402 6.51428977821333 6.29326179073903 6.97503388992274 7.15707245426862 6.20835854575009 6.46242916373228 7.65323540488314 7.14467075223578 6.94438917010124 6.31473812023488 6.18190588667119
"49" 8.71960209742428 8.73111893756497 8.5073411155868 8.79757407356362 8.64680141866457 8.6861104858647 9.21126210803367 9.23408299565117 8.65300511622266 8.83779077847313 9.14902282078242 9.14035956529128 8.70591624533515 8.95085336450427 8.70532722665306 8.48115708174319 8.47997752290216 8.83229897695931 8.51798121335903 9.00260982367953 8.75352929009364 9.25585184904091 8.71788723103675 8.7661212461646 8.9189342868054 8.55616272425662 8.94475994735796 8.63144539346712 8.82994155153191 9.08181582465955 8.77947504038925 9.41599655974828 8.88688778608172 9.01156021643744 9.13941468179729 8.58283962328444 8.86524144607569 8.72751985962724 9.47173028807777 8.57250235580054 9.06492120522535 9.32142423347757 8.82660268715231 9.40786124381346 8.83839831403769
"50" 6.34390614139882 6.41597334702189 6.2866546142119 6.19400883794219 6.16090581840201 6.38811375986671 6.21014271363836 6.09116052310848 6.46788033727075 6.11471019699666 6.28938266562549 6.0313832609447 6.3487379654003 6.31428360166535 6.31728318905136 6.19249933424597 6.19574068084491 6.15729923172056 6.3330679197879 6.18061072447922 6.3403327466491 6.33403987685666 6.23367132864513 6.17131607579023 6.26452531596182 6.39127554121464 6.14683289039436 6.265703796213 6.25655446455847 6.25345466640991 6.3019236180683 6.20200343192862 6.47315686815108 6.19111621504768 6.27994705273041 6.17199697047303 6.34306948741076 6.48528127834586 6.18036200803637 6.17749788922171 6.15775150712988 6.24824776892234 6.2094546598713 6.35291269482378 6.22480232867064
"51" 8.68667219592042 8.86950250891194 8.57702555603466 8.84149962016664 8.77930460562812 8.50474316755922 8.76438907040863 9.05883059661328 8.75704324941547 8.69083631317705 8.90218104755821 9.01841238753643 8.84512308774593 8.73800421819482 8.51815827160089 8.54662074947878 8.60222284547569 8.72728725172969 8.560208600472 8.55085168414425 8.68537094889535 8.9538053057391 8.8035221492989 8.69043292835565 8.53256681670356 8.57425401820097 8.59489130222105 8.68286090579707 8.58345095426177 8.58697607945702 8.42256959666544 8.70810514482371 8.3534091637229 8.92904416822811 8.56076290830363 8.48831823952481 8.44183258421069 8.68652586167573 8.87595079412912 8.46624201104768 8.52701292487827 7.74408826518749 8.62147071502361 8.81329515587321 8.78454819998667
"52" 6.30496159090794 6.31163206110558 6.3425188493835 5.960659726523 6.19056960940683 6.19370060964035 6.17937903020507 6.09596822201458 5.99660772824312 6.00621838243907 6.29554656113218 6.03009156132831 6.18973500432537 6.01266493485734 5.9758921419341 6.25152912594606 6.06201861824847 6.05568135471486 6.02720992032468 6.12835146921518 6.24792450226134 6.13411416256504 6.14558463335222 6.185572655722 6.23865481271296 5.85765977123028 6.13319717639645 6.19205968537226 5.99706310215975 6.28832712111252 6.01543833998245 6.15909119395639 6.15826962748661 6.24843114981085 6.12590886246339 6.11422325006118 6.03732003467077 6.06524071263757 6.12454067257871 6.06386665809543 5.9356679897239 6.31854038030792 6.36877954281233 6.19947787515567 6.19372188315096
"53" 6.08674905721241 6.22021404449635 6.05545840547371 5.81399178790057 6.09716433626819 5.85629518251583 6.171853467351 5.97257467394495 5.9694646351044 6.11420749272763 5.94682764438065 6.0596134583311 6.01105456320849 6.19342452316396 5.97848617990459 5.88822700607244 6.035812000861 5.89566481811085 5.89133020645128 5.90407285187448 6.11877434008521 6.16431150648142 5.85676586200605 6.1647703305866 6.08534921786938 5.9272805247836 6.10265707409754 5.98966766691372 5.91506352343491 6.1692913054557 5.87333264855549 6.18068968334192 5.98152933882967 6.05096620434854 5.89803406929434 5.97893558481631 5.91041134087257 5.91053102081166 6.13893657904802 5.90376390153069 6.22070106491428 6.08634523678337 5.81773518409528 5.99658499207826 6.05622680018327
"54" 5.87310294901233 5.72790430804584 5.78844603499848 5.65803265269938 5.85782997333988 5.78177333938882 5.98558967965458 5.8301571390456 6.01452543024481 5.84655133566428 5.84938942261081 5.88327005177193 5.67334231434006 5.73915817720982 5.91014750219017 5.75492534507052 5.95982634530095 5.74890570065067 5.99859613186897 5.8470199173572 5.85065319832436 5.92377935492344 5.81463898101617 6.0173866253514 5.89044451854853 5.59537125193133 5.81208575400966 5.91728387044242 5.95159873377936 5.97568644540672 6.09508349100992 5.77697560481277 5.66508351304388 5.92461974447875 5.92669093486493 5.80436078863395 5.75286634328714 5.91275961522823 5.58789091498243 5.97322252991481 5.84129455488916 5.85205737426925 5.69457034279404 5.70083884283404 5.81404225495701
"55" 6.19162414871174 6.19818689263575 6.15475390621744 6.1333021758631 6.38116857323505 6.12625308993121 6.34992435754106 6.04649937805677 6.24812036509914 6.42817491343322 6.11280399112227 6.34157775058622 6.50770826308254 6.11986863618152 6.04694263161221 6.1893151952463 6.2449880392479 6.04853275624809 6.06181108230769 6.10335239877986 6.14245808437581 5.99627334497668 6.11434483902819 6.13772047265774 6.11567848016566 6.08272597145545 6.53437987907719 5.96277197541344 6.07652688563308 5.99641968049848 6.23103681177215 5.90361415797633 5.98992203874859 6.06682839610998 6.25603298489426 6.09604727690157 5.86180495405951 5.98204895656567 6.3024640246095 6.06411610994142 5.950348179975 6.14218791803511 6.19380987362241 6.163403991679 6.09297551536733
"56" 6.31913285113343 6.0901723018733 6.09152621454918 6.00571796279355 6.1177707417556 6.27889926074293 6.10381616678765 6.27896570455711 6.17450686180109 6.07923978274623 5.97952203831201 6.14690646064018 6.27428755350371 5.95994319012073 5.85525765634931 6.1065458857496 5.91195092286058 6.31724842777756 6.11712473213904 6.10108598883581 6.15404655575334 6.26417691567429 6.08741179637461 6.18975387633432 5.97154556022337 6.02205561853048 6.27247814870162 6.09082992072686 5.97847805222721 6.12637144449127 6.05443072101992 6.12811434538241 6.2777600944272 6.03365451875942 5.90912295831243 6.17308674341367 6.21820730148828 6.25540108659359 6.05171270498232 5.98960955698743 6.13831042043304 6.00389348928448 6.01320436942395 6.19423206178949 6.24107286138031
"57" 6.94434843716852 6.92617757747121 7.04398084940196 6.86562688407697 7.0538499537122 6.94507665490754 6.98384955587071 6.98496413517985 6.98501291578456 7.02970506524203 6.87689268787694 7.09197115354169 7.06941922250395 6.87015299715345 6.7901033835147 6.889476317538 6.65500769013325 6.61689208805844 6.86506512015685 6.95590717721994 7.03843660413845 6.95272411865786 6.93244844296695 6.83816049351127 6.66835712233825 6.7134402084211 6.65707116551151 6.68788902031551 6.81953215236592 6.67585690130215 6.7614402692376 6.85067071601852 6.83344394673387 6.88858800419325 6.62946437416591 6.61690582329676 6.73310205372663 7.10420798340653 6.64278742790532 6.95716682560101 6.78655387014549 6.80791570746117 6.6841891206353 6.74142900214149 7.11859023332613
"58" 6.15153576077315 6.05485758067451 6.2937527588211 6.08366955587364 6.06972909110593 6.07377211555783 6.22092935141106 6.08095236813103 6.19129503784667 6.13032430959439 6.12240891190559 6.10174490964034 6.19801136082146 6.17299901120438 6.06897536523175 6.10518439711499 6.08193416505308 6.11862802251293 6.34767297878137 6.13886673065331 6.15133389438678 5.98677930704074 6.29796745402178 6.13333598596579 6.38629975403881 6.19179566802495 6.12037340598158 6.278684027144 6.10291405671257 5.95638232938786 5.92072723624782 6.10262188118018 6.27554930426193 6.15658468870744 6.43473070558002 6.09991223856276 6.22484260002777 6.14099508271573 6.26152860187057 6.2004088610137 6.31336527641693 6.28903694302472 6.11412141867752 6.27877022847455 5.92399065511792
"59" 5.96540754885539 6.10570042568793 6.1259266562431 6.06751665436276 5.99258477421051 6.03000059627265 6.02427056088059 6.41089538203644 6.05296921173642 6.22287135795547 6.15071122727463 5.95455399937653 6.13989901879393 6.2320109277471 6.26449316821523 6.08356569064161 6.18143288836555 5.9500539560567 6.27378782272151 5.93385308160498 6.22435936603681 6.17131999396681 5.90857927881921 6.0439458209004 6.23599597667948 5.97718880558976 6.12235890409376 5.98777126369261 6.11316788848972 6.12121244602285 6.17778924573163 5.92372093895774 6.04009741025719 6.1695904302416 6.09991038958931 6.10551219863009 6.22498573611066 6.24474418123649 5.83303463362572 5.76511090839672 6.13370272958693 6.09189708818101 6.19560484434667 6.1144326713788 6.12964892972764
"60" 8.43303552107082 7.92041273979788 7.96676148585155 8.4150566999296 8.2826157893117 8.04957689488852 8.38057085704903 8.35024463397241 7.99312954113406 8.2058504278554 8.09521745447972 8.17069823252901 8.04416400765096 8.00127209982959 8.10003087564561 7.76285542299892 8.102640807474 8.16865164970379 8.01086628777389 8.04419665791909 8.37462376238745 8.39286338950899 8.4986010373051 8.14984301799446 8.12492358833322 8.20171997111224 8.4468893856935 7.8535247466151 8.38104246475991 8.37500190875124 8.04028071337549 8.80018811483836 8.42277475115823 8.56742419451439 8.48435759839337 8.04678489208219 8.50594180682489 8.23149662626204 8.77694092279336 8.2908258231427 8.52526144074988 8.38112805383123 8.38087985280146 8.69009710993922 8.4506959457518
"61" 5.61472828479992 5.90201438192754 5.6572393566885 5.99034455650587 5.75715582605232 5.69334180570204 5.70366489156172 5.71680039948838 5.8314916488905 5.96211631521695 5.96057709053416 5.95206850034503 5.71528021715888 5.79897474169534 5.72242267695528 5.88277562477664 5.68462182726002 5.82041649459178 5.96886730473448 6.08645362252276 5.99981435855224 5.96572711008502 5.91363725558975 5.66398174783188 5.67113319657035 5.66939614559476 5.95070012775687 6.00372633491649 5.58549444254862 5.8623933323296 6.0141884920577 5.86295800783542 5.93174437780597 5.90817694562891 5.75695487531718 5.74483632355635 5.7834564450858 5.73879265679254 5.79206321308917 5.93774535066628 5.78027607579667 5.97683716546605 6.03930534769197 5.99531056540588 5.79515154466297
"62" 6.06750630886179 6.1878606094567 6.33207043198153 5.95882787535597 6.2014040297872 6.28501851612102 6.32299818734508 6.28526245203519 6.1049425941809 6.22777454692521 6.24953542074389 6.04333902207251 6.25292413106067 6.37549592193925 6.22770388098712 5.9993451317549 6.23464027380011 6.36085338752447 6.10595318295673 6.34586972749017 6.1306818446995 6.25509491331888 6.17973660695359 6.25021036343838 6.28644061686745 6.03030231523208 6.18696568951318 6.17821825241051 6.20767659827308 6.13965245736085 6.13719174226765 6.22897270858148 6.19869455114768 6.35537079342166 6.08898946935818 6.25590046411111 6.12679527030468 6.09280104582195 6.18846981165344 6.16229746869271 6.24609265996918 6.29758395353315 6.37223932882067 6.23420149080811 6.31739189922452
"63" 10.0611837894356 9.58732508335406 9.45063632441998 9.92072720083122 9.67729149229297 9.78357353618165 10.0880228010975 9.97173084998528 9.69879855170321 9.76271629356285 9.95599976260255 9.73791730313414 9.66916461330495 10.0126644385549 9.50407551352251 9.37249183972065 9.84488283336932 9.78238462624865 9.95305934417201 10.1621284314267 10.1058442928675 10.4626152258671 10.0418203784943 9.92118154580876 9.34513857146944 9.3945133463425 10.0869366192951 9.89575583599756 9.79852653540663 9.87649465142802 10.0666407302523 10.2985966803067 9.74451118559649 10.1206223996075 9.81403718905077 9.45884371788495 9.78340810375042 9.59815341690821 10.4122235592482 9.75261432227956 9.75718702766136 10.2723551040034 9.83534085102774 10.2602720526541 10.1895781513009
"64" 7.45065117057014 7.32833155245674 7.14084398296756 7.3523471819555 7.39512605199136 7.19418828254885 7.41893574803745 7.62099816194547 7.3223719854391 7.5402402927658 7.31857087874622 7.47230243092441 7.37833589030885 7.33494032152487 7.32980605916915 7.18094767534082 7.45765245759835 7.49157350372107 7.43717401375649 7.39588044882687 7.10752874062171 7.57830517975929 7.24084645918764 7.15945152430552 7.17731981943137 7.29771166605168 7.46616053611119 7.33343064481303 7.24998358681222 7.41711012460332 7.5153383213513 7.57773317202608 7.32665681492844 7.43668481580433 7.34983386989457 7.21199287358509 7.35345360354761 7.45406813833588 7.60571188932379 7.06970025079629 7.48131817996259 7.83981751593067 7.15388827582008 7.61788818685055 7.64069416984888
"65" 10.6332072856742 10.709702299466 10.7386146315015 10.8006488013179 10.9611634073508 10.3176180574676 10.8464454955354 11.0064742728934 11.2236640267646 11.0758149636589 10.7632543982615 11.3158496337108 11.0688777171259 11.3018517664623 10.6919648028837 10.610754735485 10.9865147935636 10.7905034118451 10.9767411600131 10.9172963607693 10.6036367827846 11.0725565699142 10.6366587319717 10.5022027251691 10.4871874787687 10.126850534832 10.9124193512416 10.5646762106494 10.2576562899973 10.7100495919747 10.2882065026644 11.2675564185645 10.3252430899321 10.7063769456951 10.6148827022202 10.087040983656 10.5329295746572 10.7546741533651 11.250300368641 10.5981420079044 10.8230197540211 10.7901078876273 10.6173319360041 11.0657205202306 11.2707012322302
"66" 9.93856508637008 9.50321537203716 9.31805918684529 9.27673502413294 9.20104482711814 9.46403310648585 9.44419223652012 9.40449592354887 9.16606392020032 9.58000028896357 9.55452346655481 9.86308500035518 9.49629428320898 9.64011800595385 9.42831351554525 9.20468078446624 9.45200970613757 9.48957930559843 9.56437095874804 9.57319943653257 9.94182268553453 10.1139555266563 9.68396358975707 9.72686307689979 9.28657416684839 9.12180455768175 9.82058284488232 9.65201876925207 9.49258010895432 9.71530623092405 9.67653717668631 9.63172507243867 9.59167155150512 9.46643336135545 9.12677102975091 9.22842577223614 9.55572342842036 9.74897442657512 9.94211625974328 9.35390628611198 9.40715332669084 10.5174565841601 9.471193033085 9.78440462078533 9.53256942747758
"67" 8.76624554531184 8.97269259331865 8.71425669893297 8.77166160964972 8.93746574487671 8.59027930825027 9.08239164589018 8.90506182059698 8.84811658536086 9.14794213153252 9.05754295154169 9.18572116357997 9.00765825395493 9.21404740757745 8.74952266230332 8.56464446157924 8.82498083964211 9.01725429218335 8.45434068317643 8.87794404535779 8.6137104102597 8.70098001701525 8.2970648557131 9.04348321347771 8.76426860698063 8.73993389899639 8.75354020730673 8.56476850017768 8.55588636384839 8.64821870733715 7.98438607732338 9.27691506900218 8.49127903474214 9.18807482406423 8.88407713587394 8.69274500528121 8.97242341262007 8.57372094451471 9.36587226575982 8.90802944762978 8.69266378205689 8.97088721212432 8.44494774672144 9.33965062280775 9.11565353519453
"68" 6.0019370147261 6.1032964453048 6.09141186269196 5.95379582955215 5.94570753414564 6.16852806299372 6.006583552561 5.96110928182882 6.15476002357829 5.84183671016859 6.06787298404657 5.88005667306647 6.03740585313914 6.1512608775118 6.07571825077352 6.03033674568475 5.84710970563952 5.99145962212292 6.11136419823034 6.25805458176597 6.21961052122794 5.99889667819079 6.0501769468921 5.78051574330638 5.82608215517937 5.98256158328538 5.93026112301151 6.10232244524848 5.96311347962028 6.21024737123659 5.99606587649719 5.79382280896324 6.06037178652927 6.02402065225008 6.04574914794162 6.18766699202025 5.95007974247364 5.88361083354304 6.0135422074099 5.90831029077592 5.83285636833699 6.2719208217276 5.86842266284732 5.92036385995073 6.17377192495333
"69" 10.7625829122927 10.832110446357 11.2712630024563 10.9628340128159 11.6077983988717 10.3014641289089 11.4770134303965 11.8653395879096 11.5235871506553 10.7408240025266 11.3346996512353 11.4387717635427 10.8793121272796 11.3865302826665 11.1968575714465 10.6986948413608 11.2539541724913 11.0312000245517 11.2222112066492 11.1763477847332 11.080949337137 11.365097569437 10.6240247705852 10.8596975126744 10.7614411462594 10.4844714382225 10.9187119252375 10.4359678781618 10.9154742366145 10.9079243659795 10.2257976747146 11.5947063397069 10.5785325713638 10.9127284335147 11.7202371304847 10.7429017743228 11.6902957054684 11.0288567673848 11.2942429245561 11.0636518894899 11.0065970172221 11.6446661830013 10.9215638686987 11.1776906105654 11.1780168029671
"70" 8.15849629703925 7.52464153026917 7.57959963734985 7.16836014024299 7.98434979190317 8.04459597400482 8.10025723616199 7.95267908418784 7.70139034561432 7.78840852385637 7.69053844963943 7.8818225267792 7.38143196522396 7.58695326534645 7.84094239257314 7.32334550372374 7.43994433469552 7.51941773768457 7.82839509669014 7.96918878251201 7.65112599497206 8.23214042358352 7.85803569445507 7.76843862805633 7.53249857570358 7.6414168458436 8.05053860331813 7.9616158393038 7.846239825093 7.93426459345944 7.55591503960852 8.23937223890669 7.62070191963649 7.73684877835382 7.47871026070047 7.23356481255546 7.86626885253758 7.79161989199572 8.22928016737121 7.71125928108735 7.61861629865018 7.96092493992109 7.72588368554759 8.04388706041068 7.83895793254314
"71" 6.41311162283757 6.67506658330682 6.47440219923708 6.45122810311828 6.56920897287899 6.56862128258615 6.48153893146756 6.32569038404877 6.49180197190866 6.40427414513866 6.61304772394232 6.30508624909729 6.45736546266528 6.58461892290367 6.47495554866627 6.47903118257612 6.44167137144487 6.25202188788148 6.40482635542186 6.47136392937878 6.51003672507184 6.43822388199762 6.36856861199156 6.53191831061558 6.39518177089909 6.41280592693942 6.143089356584 6.67515635217493 6.49109092611429 6.72263516015399 6.28762765124283 6.51838489024762 6.2744696380002 6.55362302738185 6.67118287027153 6.45825537399585 6.5749059230192 6.47721679087318 6.36179504558708 6.4356765941742 6.79896498919064 6.34297357512021 6.33088897620919 6.53731900054235 6.51427309997491
"72" 8.68747349240286 9.09793846833461 8.94805841495174 8.74735962086185 8.55412096047837 8.91588434781893 8.60727964580738 9.13558280045879 8.72583894136538 8.75844089405624 8.7492201324899 9.03238270736199 8.92453264593852 8.82623608263036 8.90671922482851 9.04680151973681 8.67543462657397 9.2574284557775 8.95294652067728 8.58650997240287 8.54118676086972 8.78411862990092 8.54180898474239 8.60724697183454 8.49622425161109 8.7707709126866 8.27315146586102 8.60169870379221 8.10299864786784 8.62205591714698 8.37573312231041 8.93534175233744 7.98850312130873 8.83985068406792 9.04743973881562 8.07923880494089 8.66905004475967 8.27657524502653 9.00026927074423 8.50831725838621 8.82876335264699 9.23725171468866 8.51968630208085 9.10793251721429 9.28191814805258
"73" 6.16193619553521 6.12527068016286 5.76743514362564 6.19751429916089 6.07083599687337 6.59614577652376 6.57715769450228 5.99359532807375 6.0156480300675 6.00791208642263 6.44386295367172 6.76207971640064 6.28151725405697 6.45362830885618 5.94536978045329 6.50523540794027 6.35721019200306 6.63424872200131 5.89565993182658 6.55396914172817 7.3551448471107 6.30822101005254 6.69620052259067 6.56533738493397 6.24262250621381 6.41446390635205 6.40054408570718 6.74116351507983 6.49689895314986 6.16365947788922 6.07985674483565 6.31951872891451 6.43399530683795 6.30555538138942 5.8972940496175 6.170558791547 5.99535582003302 6.12007105751004 6.11499192104316 6.35249797563967 6.26432400161338 6.36824403011343 6.20628122806854 6.45700776250351 6.29796031513036
"74" 6.00391955401329 5.96811898366668 6.01731798864582 6.14522352851948 5.7376854610621 6.06353988202085 5.94015268098061 6.09766721147071 5.89542884771253 6.11532633117044 6.10814773247286 5.9623160680995 6.06957913023052 5.92400784996534 5.88692526164704 5.91106809956082 5.83568169171745 6.01317953679288 5.87419554755502 5.74828185408061 5.93485472392237 6.07262785886521 5.89676814705866 5.99454486601367 6.01612410778693 6.17935455694372 5.90429542374342 5.86494305106053 5.94330168264211 6.03096839157961 6.06137832915319 5.94634609384684 5.795822841098 5.85347992662025 5.90200321968061 6.12522864724737 6.12504794045774 5.97978666162126 5.93619331717125 5.98338282471062 5.933051445696 5.91694723314664 5.91363268021866 5.97708540966494 6.08247585453047
"75" 5.74058340100533 5.87100622155949 5.65065208828623 5.44760263940005 5.70667182313165 5.79904312063539 5.54790293092836 5.79546449660441 5.8025338753417 5.63599420333368 5.56944905472277 5.72539551870493 5.60989791795651 5.99451444093189 5.76816811580232 5.60222072872613 5.86220568091857 5.66768335756499 5.67835385002311 5.74868777445409 5.6511668445894 5.6756911436533 5.79062958981259 5.73813301233192 5.91290990701368 5.78277682631058 5.58981865482511 5.42288035631461 5.53750933339788 5.7678615350426 5.89225024926693 5.50478879435361 5.73529367564369 5.58127181746632 5.75031372615588 5.78679896395633 5.69660196684286 5.78480798739828 5.63628319610232 5.78293053621059 5.6422419474974 5.70651588699214 5.63982317886055 5.67293876280597 5.66646221312119
"76" 11.4478537741554 11.2380346074966 11.0417984634135 10.9466469709344 10.5763488076271 11.608080104654 11.4132696836604 11.282104061483 10.9770752955199 11.408644189337 11.1727583533723 11.3427232884483 10.8896494984108 10.9459956329525 10.9833480035728 10.9992402463569 10.7081736541448 11.3940434387292 11.0572449366574 11.4830098134929 11.3014229261565 11.4575958248803 11.2600645964286 10.9658404123273 10.7357916165071 11.3758571456205 11.2881080438041 11.0262284732181 11.148281130387 11.5788556278145 11.0703833139273 11.4910649958504 11.6810746652333 11.2950392545493 11.3563054495616 10.9254003887774 11.0002209871377 11.513472391836 11.6013859316516 11.3725081430775 11.2486870719269 11.4148337663136 11.6891335786693 11.4159937848272 11.5103240636421
"77" 7.29860833010807 7.42598773101897 6.99317684517704 7.13611453695801 7.29080547594446 7.35339129989499 7.3175103556129 7.63999727199913 7.23373286413981 7.17602179813183 7.21815897892341 7.31734591644987 6.95572139579105 7.13131733771749 7.02075888714128 6.80803950458631 7.08345742209742 7.12758644348638 7.15621690261981 7.10349521387992 7.26937908863835 7.38277298677319 7.40200009864244 6.98437120745037 7.15050505961393 7.08164568623772 7.09432351359858 7.2468874026137 7.03946896954349 6.87228743213214 7.1295768819849 6.9968627502509 7.04537350757585 7.19669010512633 7.09991502292522 6.9079664690342 7.0575030531912 7.25803763228145 7.14361507645924 7.00588497783473 6.9369144289246 7.21851190539039 7.13473450679323 7.31664914195263 7.24241130851758
"78" 9.99229125060162 9.12754326387944 9.1391894766866 9.484974501958 9.76911841218215 9.85762874609429 9.79537220607775 9.72790239504057 9.31313216874871 9.9252752370213 9.42386813971934 9.42554403386948 9.69026518316262 9.10300695971337 9.3271181289021 9.15333659494481 9.14653667023275 9.64786770593983 9.37306780261469 9.46966240548307 9.49499529181756 9.49717190224955 9.19585975370448 9.42940625499172 9.1220611919206 9.37732488177881 9.27351480950899 9.26327800750436 9.35921262290522 9.33917899812962 9.45207973649819 9.71235428077004 9.51681042706364 9.66971698704318 9.64947993200248 9.53892926839436 9.46083808009337 9.54873529492756 10.1036031105247 9.56364962366977 9.47119146052116 9.40713508099357 9.67868452885104 9.67141992195943 10.2805875991367
"79" 5.74398445905672 5.76113968597782 5.58293627999662 5.65554776832207 5.75572180029542 5.65721574337925 5.71448275772612 5.74671064341237 5.88545949337039 5.62487348814679 5.81991846672418 5.70758513737087 5.69687101980367 5.44315222676618 5.91744453848348 5.89573643609222 5.60177717640514 5.95875345851251 5.47427051480815 5.94636065185506 5.67660246088416 5.56965005234723 5.83346644954253 5.82762519495227 5.90251271301487 5.88859653853767 5.44534203901515 5.7950935420457 5.68794995136521 5.89801937567172 5.69037135508735 5.50030349001341 5.66763869645441 5.89677691158458 5.52347414686812 5.70661166231123 5.58444943673014 5.8127372327498 5.63649738193828 5.69868798857052 5.88337150046377 5.80445108623922 5.72115270996516 5.72993345467631 5.73220303465007
"80" 6.03792884179873 5.85217827656989 6.19304316057754 6.14257183194371 6.13492091525186 6.09929484040896 6.28447375477847 6.14831244288579 6.00497105301679 6.09428477193527 6.01766824077004 6.16956704391962 5.92424995831306 6.10382478965255 6.04483373401654 6.24025440347083 5.86011104129397 6.25505019641496 6.08204633703498 5.79275161694553 6.00677835876495 6.28992098563947 6.23162305269442 6.03962134299422 6.09997066997562 6.03334446448517 5.96563984933033 6.22504737519821 6.14325168331864 5.89227793290552 6.10641727282061 5.99640714167699 6.3327099620459 6.18482711925711 6.1585354244919 6.05378075056597 6.21918487894924 6.04752684626628 6.10650141263313 6.07269508578375 6.1127747519909 6.25876714838332 6.09725142744055 6.25877526452425 6.23766794118755
"81" 9.77529606024905 8.98296226439073 9.23980317382026 9.69848883363804 9.85891287290003 9.43871268463547 9.6432498840954 9.53329677552236 9.38918550422805 9.46833208980063 9.53204207181832 9.62170797177728 9.45518058736134 9.49025621177527 9.11999869594056 9.40282554362581 9.41492960545838 9.53570143876602 9.58046616376581 9.54952035124485 9.61832175828294 9.55674491752248 9.5420669064402 9.07205678769313 9.19738640314265 9.12589708672322 9.84546974052559 9.35751007888825 9.44236892131625 9.26619476298481 9.38913017169224 9.82946636164822 9.51662728125704 9.371074783461 9.31095859683631 9.19637842074644 9.27412398735377 9.60412201599614 9.93999877737146 9.14406569786958 9.38448240984088 9.62367544750915 9.39160601586393 9.39332955479775 9.37307739927727
"82" 7.95108363728161 7.50503893374723 7.52648639633018 7.49943229901436 7.73647412680692 7.76007360718887 8.20282335642611 7.95872207052479 7.78768015818935 7.68202334109653 7.93315929844942 7.81192824929589 7.73081488226318 7.78817821954646 7.86270732646982 7.50084787763354 7.94986926588189 7.63173431115639 7.93802020191039 8.17581822498135 8.25094335380374 8.08587719682473 7.91401740644912 7.6099400544707 7.68969977113582 7.86974538513139 8.27741982747909 7.93531085774216 8.01236188362592 7.71834073654804 7.76800700343792 7.99240715355026 7.81327690848478 8.27353650128819 7.8379592142021 7.68029223801631 7.8197111410423 8.022510412105 8.24342023792787 7.95439590086882 7.91468053745997 8.23911616273571 7.88776759396277 8.27453100322063 8.48524413249502
"83" 5.83986189032122 5.86973303492917 5.90537097677401 5.84472103464533 5.98084751303655 5.76016656969539 5.99070623462542 5.93254045974308 5.97952149555577 5.81675230265217 5.74250189885693 5.73640619959911 5.81690100496528 5.7997240753532 5.85351557837035 5.79856053762728 5.82394208107041 5.74416759811188 5.8706793751068 5.97509462661938 5.78978127413201 5.88067505699036 5.81261168156123 5.76674664615591 5.91993681177701 5.80040344631674 6.11194829203997 5.77117734086874 5.98549275010108 5.81339327972331 5.86823913861121 5.74334834186874 5.86731724598013 5.96223034748271 5.91747529234129 5.91253354229363 6.13572659515857 5.86663366981179 5.59641887665009 5.75270155855537 5.89428385406756 5.70338636028098 5.7659597408156 5.83018708759468 5.88647970882201
"84" 6.31067791988608 6.02303125874272 5.99946265495234 6.22744213645087 6.0386225082766 5.97834577141205 6.29459198299252 5.94190027106951 5.8145858194137 5.95911283212236 5.88902337904295 6.03777956723842 6.00754201699257 5.98912501484495 6.01258113893205 6.05187557659639 6.05514148150412 5.92182935972356 5.94951507468439 5.98443068963523 5.94164773344375 5.76790925029873 5.83202101269166 6.06201538201603 6.09331316886596 5.90877259029404 6.14351744966095 6.02392735161318 5.9353523543772 5.80057366903714 5.99331754710674 5.91331766029577 5.98930243374953 6.0492150235427 6.00323660614505 6.01675187031716 6.23746755679695 5.93168712490298 5.89119428357114 5.95404144064621 5.89918712473261 5.95447501792947 5.99880182995203 5.896480370131 5.91341106066516
"85" 6.16444719019339 6.29227572166164 6.03998784064094 6.2476610114035 5.97658596407043 6.24672763783433 6.32494119465391 6.16551297173234 6.18444199265842 6.18550468352464 6.13638019511992 6.19254603049167 6.24474325225725 6.21905235596006 6.06408356465138 6.25966991070563 6.22311897493998 6.13460139430477 6.40366126015531 6.28225390152625 5.85584833338567 6.26058144794766 6.19175296258054 6.16602945542142 6.25247699726988 6.34891277916822 6.03962218896598 6.18391629070215 6.11955877987369 5.96201704859063 6.17097340092721 6.35161734208379 6.12058556503607 6.17815263103057 6.27018589584762 6.06968153443889 6.34250148522695 6.24253048875203 6.16658808385143 6.14150331396627 5.91109546271721 6.2083640802613 6.45683698768212 6.16032144952982 6.15444853802213
"86" 5.99074019253515 6.02773840916776 5.83811421059602 6.07642367681748 6.0657279522336 6.23569348965924 6.08616358332461 6.16605399401185 5.8688543771832 6.01033846769649 6.26964894989187 5.96516344060388 5.90283896894433 6.0920490242479 5.98371998308812 6.55612990471955 5.95504885568559 6.08099406168207 6.92238159484256 6.26978692668964 5.72239749879392 6.28958005192265 6.10395719696044 5.93921948972865 6.37917146038989 5.87333980577185 6.05065776864476 5.88437547896342 6.30127741039634 6.05767154673352 6.02648335794742 6.11024373748081 5.84669216942361 6.14969522273771 6.25029842082761 6.39117215058712 6.17638521590008 6.14840468116424 5.7537674850057 6.0961580510264 6.10300375147518 5.92493396188266 5.98081731502054 5.95946908733066 5.85818511511565
"87" 6.19361985542375 5.92683833165554 6.06574361711039 5.8075976866584 6.24337800682864 6.05246687598911 5.96496631508111 6.09082226413119 6.12715688139099 6.08581694284819 6.16746028076078 6.26434395461959 6.15950958294602 6.13704844753928 5.98166811269456 6.14001064676563 5.90976214678016 6.39634027242423 6.23874524881999 6.18317471563737 5.95775360661725 6.09222381903725 6.14834736460874 6.14028856083388 6.26422497802176 5.95995626842365 5.82149153770434 5.98329139643914 6.03458361450962 6.22461878194783 5.97643231757643 6.22642930340502 6.22771021236659 6.07728967978679 6.19168049833731 5.91669082788716 6.39589509790367 6.07815065499001 6.0092664901434 6.10034160439498 6.09252965612446 6.17407269647914 5.96735793731861 6.221653224372 6.14038677478935
"88" 9.37483800588988 8.85483439809729 8.02778039845811 9.1694861954167 9.17738510748631 9.50625750096492 9.20708462918408 8.78960234346574 8.84424399748228 9.59872737689555 9.1177311832435 9.63537329366723 9.3612960225136 9.62820170472184 8.96057360308974 8.02738270049474 9.25350028553925 8.96386862496177 8.64997900841525 9.52428306751384 9.23213355289875 9.62360502084444 9.42149278608455 9.49932834076719 8.95028765298791 9.00075822167021 8.31012702428208 9.13546416800776 8.80210375943415 9.64489651693608 8.95836831684966 9.44354051623972 8.56742914366393 8.86787957889105 9.17763971443505 8.93709673431434 8.98714219424801 9.0119954040403 9.59364511481378 9.28956257313115 8.90037231681083 9.53937646008525 8.89649454186231 9.35805157789128 9.00265664878355
"89" 5.93412786576525 6.22841774793328 5.96455673656356 5.97612907583034 6.10805467737612 6.26924429466232 6.09268710218843 6.02396196606285 5.89661183435215 5.91923413572309 6.25831517950895 5.96619284432861 5.89835774430049 5.98135965181997 6.16633110721739 5.83847989069051 5.90529690683551 6.07696979856808 6.29373323846924 6.19212919644916 6.09148314632364 5.92005623007379 6.15919533580106 6.17627864308515 5.93306236630722 6.00475405900847 5.93002644976304 6.08761952658783 6.15944013214787 6.06369244388904 5.97849653357363 6.26958753069337 6.0385602919107 6.00096462182032 6.10417038755244 6.26483609954146 6.09475929528265 5.92744437170868 5.80070748732894 6.04910003377059 5.98927946070265 6.03127496182495 5.9437036324656 5.84145175783451 5.93616637690315
"90" 10.6252724622732 10.3030323257323 10.7630840984303 10.8465337222883 11.1031766544124 10.4998469004795 11.113352985677 11.4533793216622 10.7520873546181 10.9956914388827 10.7605234129576 11.0767933904961 11.0255515585964 10.654761534542 10.7276397723919 10.9867781807189 10.340244829476 10.9236140269397 10.7730294585922 10.2149778781466 10.4689581506225 11.0745327419201 9.9100887624519 10.2925272116817 10.4444784069582 10.5160008156661 11.0714186165733 10.6997351318404 10.6985551641655 10.6214402804277 10.6400270021961 10.9201571199553 10.5557215195377 11.3051950869221 11.0973981214363 10.604284656906 10.9227679804376 11.0775551416357 11.4718224447083 10.6555354167928 10.723773194886 11.1333973302836 10.7440060079812 11.01396531741 11.0718371194499
"91" 6.25321112808528 6.29283723556593 6.35324295090921 6.31053430862065 6.3309322906055 6.22011499665468 6.32693388120423 6.09629864656456 6.06592896209351 6.28324542046931 5.97775099660441 6.35421539729395 6.41706883581453 6.30169907308349 6.04206445044141 6.07663105614811 5.92856554861583 6.08932316818748 6.18127386136517 6.20723898185434 6.24404623484386 6.2765602182739 6.28302610091629 6.14893760933197 6.06528368323607 6.27128412289709 6.13934566896449 6.22344430898445 6.16186925794446 6.02855941213433 5.9958487590519 6.25811887977647 6.24671744346721 6.10802209918423 5.97549173874341 6.176551341838 6.1577699065553 6.38694688749025 6.10588502805127 6.29733863777567 6.24544247496797 6.18241560229198 6.18905028594102 6.17072882382657 6.1622992205674
"92" 9.93851639751062 9.38376483402547 9.87197989388164 9.88983792620559 9.85850097585401 9.89012310632332 10.3702928375976 10.2372933504086 9.2897914860427 9.93485805375007 9.68378808776195 9.36518603260642 9.82428259174292 9.09810763590099 9.41698254548269 10.0640861660411 9.76604108413707 9.69752497224994 9.94012113150057 9.36805244007577 9.49495207503448 9.62112772093648 9.62229558791955 9.94055858672766 9.21490564035068 9.79753729523054 9.84667207664742 10.0218301677162 9.77910231690281 9.87567441601418 10.1986622872007 10.1418935336587 9.76270772907959 10.2310013687746 9.54829941918729 9.81566329765286 9.78781469718472 10.0110235536852 9.84805975275935 9.51395973400848 9.94362405851173 9.7960590449937 10.0263392855022 9.89174648838377 9.97553467054914
"93" 9.5511524692503 8.94739854391453 9.82700102636313 9.0335620576137 9.10619243533923 8.76735980169095 9.74041012683221 10.1745729777106 9.5334987746761 8.98222096979252 9.3166369488885 9.1240878071325 8.74466787154029 9.44067742975026 9.29151701054437 9.51465420019338 9.0552134676553 8.91131094690678 9.15695010606563 8.74394109574595 9.0238456813622 8.7931992789218 8.47044629900172 8.4924164115113 9.30382601088357 8.92010998988293 9.44750210521459 7.77052843209917 9.06128441900775 8.98636433887878 8.74614253918207 9.61147340718423 8.86210832975362 9.00244297094198 8.96898420893986 8.54766896293292 8.98463956966344 9.37989059311682 9.68601230554504 8.34581531029708 9.11793554002115 9.27622742992643 9.40090356962977 9.34952313561386 8.95604280069466
"94" 9.8861665413542 9.56426297582814 9.68236834321356 9.66795323134989 9.46539386696257 9.47671983893272 9.93151564267762 10.2014874833651 9.91761194818956 9.66680621886222 9.76541596703556 9.73343542311592 9.54282716107213 9.58968510462835 9.37990886744568 9.34937440721634 9.24450560324411 9.31886672709391 9.67550479369654 9.87846234041729 9.99970897043782 10.0492859067779 10.0309339338842 9.63939966237272 9.72481164073064 9.29760814390007 10.1251129189863 9.83345452251332 9.71478996923603 9.4523550395653 9.47846855064821 9.92223030473557 9.5419006265218 9.86303191163149 9.60697720825386 9.33684853636536 9.50415367930628 10.0924729303675 9.89171083829403 9.47451630444242 9.56818775094903 9.63334926501561 9.75728449083878 9.8121028517402 9.84160911647045
"95" 6.0817646812455 6.12640736626438 6.12633220089562 6.19512428058233 5.98331461366786 6.20594416876651 6.15497273125118 6.15696918305987 6.14715406608316 6.05263819920667 6.18476177574998 6.29703028886769 6.33737637330145 6.14266467064183 5.95849705340943 6.10375564647489 5.92935145641041 6.1489593424266 5.86690821771268 5.88805234079171 6.23964758147385 6.12842047435706 6.26992118675797 6.04445044804853 6.13337900311672 6.16817374069463 6.2791852757764 6.13718276891767 6.24679983615728 6.06755042412471 6.07627086151757 6.26868627508152 6.13081746056223 6.03693355074909 6.23499593769673 6.31477393623017 6.21062102035771 6.19004193003345 6.09406689088864 6.23816426412009 6.15940178036172 6.15625583661804 6.20901959297122 5.69933718988106 5.98333271930429
"96" 6.51593167642762 6.17026849932868 8.21733871411126 6.30825920085883 6.20252329107513 6.17695388388112 7.05923405329395 7.39288545529013 6.25263938721113 6.85293055328711 6.65131284057579 6.68799380452941 6.66407180695272 6.66619361122039 6.28544476961431 6.77609800558916 6.69142056772157 6.1636518093304 6.84447529035414 6.1574248104887 6.61406214647304 6.41479211956815 6.03285599880873 6.23071437548868 6.96849367840319 6.24838246737351 7.1225598989254 7.01935022055636 7.96295182583467 6.7635157818056 6.45273759442091 6.59596005853068 6.44708419888468 8.40858679219173 6.33457700160758 7.60492581667519 7.53491297892315 6.51816727140175 6.74700755719675 7.26767401781029 6.85090977728438 6.44669392396098 6.50848419165212 6.48338068561572 6.24124821458135
"97" 5.95914458062771 6.11137775663665 6.25230655712359 6.28142861549607 5.97220674238248 6.04705787043146 6.05211695481834 5.83346464419391 5.93612865858026 6.07500435530253 6.13699662429748 6.13458980917676 5.90419271614755 5.99320133570782 6.07087165680128 6.2301306093382 6.21041515340918 6.13580133032757 6.15167149455017 6.02457455132222 6.00120582372207 6.31905056162377 6.13264203855327 6.14534734032172 6.04350827864649 6.00863735106238 6.17613444370237 6.15139518227786 6.09378610799708 6.13298803499651 6.34351869480594 6.0614042211179 6.16188341042285 6.16617040486939 6.26474865624496 6.30623800501951 6.08471969675683 6.09630062552938 6.05273411331261 6.20426333537737 6.09563288477361 6.07235815939901 6.0901597312249 6.29146794228417 6.01631704583509
"98" 5.67681822333332 5.71046165150773 5.87390667261988 6.05108846216294 5.5877580370513 6.19432286083718 5.77196489324909 5.65774162412236 5.60085141355066 6.00953120897516 5.78898181778003 5.58456835108153 5.6954691551402 5.94839909754142 5.80123440989892 5.8319759504466 5.72153585134828 5.60109836400891 5.73726676177509 5.69654890933755 5.80550232165059 5.81806186801179 5.65906209215217 5.82245283632262 5.68458600325186 5.93070946833913 5.78985632870326 5.61729418432866 5.8354350883047 5.86830021494718 5.84891815380032 5.95564003480457 5.68737228447403 5.56171864187245 5.42398734946277 5.91742116322321 5.82648139933651 5.66183475973172 5.58310001902747 6.0170332716676 5.85599489318167 5.88191466344469 5.85469311523927 5.74795131104436 5.84466801536039
"99" 6.12173371495069 5.73156286440704 6.05435843668402 6.11109984212938 5.95202222913094 6.0403463256435 6.08600903793516 5.98025910468185 6.23301302205997 6.12255038521173 5.9500901597607 6.1797424083135 5.97344551233858 5.69216187688078 5.89457188269337 6.14327167541576 5.76290384873227 6.07683225432655 6.11773895375299 5.87852822180542 5.81192503577912 6.02050824396956 6.1913867215381 6.07987881676459 5.97063733438027 5.98994679727239 5.79902879992084 6.12576901432422 5.80683523227711 6.11452790304952 5.99506107133089 6.2505774050518 6.14700035623362 5.85379752953935 6.11861634172325 6.07622281428378 5.70191268934298 5.97116590497135 5.87784140000558 5.98379253668659 5.82540770501424 6.08501363086388 5.68976134252133 5.93190861334106 5.97206534518283
"100" 7.33453405819742 6.81709522149715 7.0961680170589 6.70546621146623 6.87827014226515 7.10025838708639 7.25374643357099 7.23354315581511 6.80973566492753 6.97241714147408 6.538393521506 6.91096059984037 7.06267841679586 6.56211392686616 6.90564932291557 6.80251584749322 6.87034943510726 6.95664243874795 6.76325914385922 7.02870181768785 6.88125579159012 6.58293866413717 6.90704699699904 6.94930612526384 6.93208209299058 7.00680970212341 6.74079948088384 7.02965415853259 6.70608576945738 7.07217993246722 7.21134698873108 7.24217663142627 6.96692782900145 7.44597605950038 7.21441709966182 6.76142333897421 6.91542875852129 7.06721931327797 7.20779309155343 6.65386238048746 7.27712213180964 7.25386064403463 7.22206261202223 7.24115437554797 7.20777195597397
"101" 9.71329864484446 9.79658494847831 9.70705845217623 9.91319217492464 9.76412169868365 9.21394646390429 9.91518159618673 9.790046980415 9.6279747731817 9.76331651124862 10.0040304538586 9.780493817298 9.68854274515195 9.67436597138687 9.51915776377408 9.32497448835487 9.37875240108763 9.9460593308871 9.81073411080694 9.66381525179414 9.8919237687049 9.67216093713097 9.65601509999176 9.60630994104055 9.31666181269682 9.58277891537932 9.65833651486209 9.80436854430852 9.57480510735558 9.75009191646851 9.73174155642702 10.2247601289906 9.68832035871694 10.0321380410339 9.78622092141137 9.23100891992096 9.89529561576154 9.79200706649981 10.1167318766078 9.57201175878879 9.74924372428378 9.83066913298457 9.7377056209207 10.1557212227363 9.71843075339074
"102" 5.88097877500887 5.90825521446999 5.85731932033607 5.61528428766843 5.9579187410316 5.74332385146158 5.80653847377685 5.7944878242168 5.78051559045543 5.99193545534669 5.89165997169589 5.83782566567054 5.92345071601514 5.89329652891808 5.82116041933201 5.90254929047695 5.79977300954665 5.84302993420781 6.019077800948 5.83829657538557 5.76533733600013 6.04221535799677 5.86555360610955 5.67449730021324 5.9564767687574 5.89038646173284 5.79166975963902 5.92474312595742 5.80541201723527 5.8623941319731 6.04698050281545 5.51623978005717 5.81272604633691 5.9735650087062 5.7633621052423 5.77616145818747 5.87986708660124 5.82705652936095 5.97623180507256 5.91062297952208 5.84617221104923 6.08734995454419 5.71937521969399 5.60472671738107 5.74331494229213
"103" 9.05888993371384 8.89675674784084 8.69727876749893 8.80230731502019 8.93211749518421 8.85337922563946 9.1755743257943 9.61356283939933 9.12381937148876 9.04532565751375 9.34391506389174 9.33257338482573 9.10622151996758 9.16698023614201 9.01066881516816 8.91285592036313 8.98193412930233 8.91686340916557 9.3013207946154 9.07567370427842 9.40111765446038 9.83150251590333 8.91019010501391 8.94776994706643 8.69948141999588 8.793409378691 9.62910935615475 9.32215646307582 9.16726322664284 8.98642327235161 9.33533025834733 9.26226865248605 9.35407892110113 9.17019119126035 8.68621831913698 8.74772035088551 8.85667433994131 9.37794686247915 9.34465853187602 8.68906875911874 8.84706073407131 9.47850465150761 8.67261568591896 9.27261632237188 9.53283178588993
"104" 5.93963276244978 5.97526883264026 6.04868422139351 5.88159605826916 5.93217089470277 5.98532973374978 6.04728843547272 5.89847861080221 6.00168972030315 6.01291073779383 5.73551779397724 5.97380899350037 5.92256603599669 5.80174562982773 5.82607177468011 5.99497419662371 6.13898693629622 6.07046532328415 5.89090792995456 5.96925910063871 5.78918075472862 5.98858910774273 6.03799853250595 5.96408938733966 5.83948904609137 5.86558451070649 5.92558704814253 6.08463768020877 5.97350394808196 6.06611985700669 5.87551069770821 6.0905974797069 5.93208761424075 5.78764148697969 5.93431051234762 5.89614209718199 5.86358911280597 5.99899348396914 5.91483593129935 5.64512802393003 6.03895691495398 6.20216058620135 5.68124204870576 5.85533230428807 6.15974036970584
"105" 6.24497153882058 6.24659177139778 6.11140676135559 6.1015359296223 5.94132075428327 5.7830659296948 5.99367620359589 6.14763926663742 6.02853526809985 5.97509420324089 6.17876096381177 5.98711984254537 5.92979359046483 6.06732296312438 5.81738610392906 6.16442714055773 6.25305186784553 5.93326205597 6.11215718930756 6.24015064401191 6.08845321387084 6.17599574584718 6.16310956598105 6.09728926746283 6.14543080801071 6.26404015890571 5.92780811030436 6.40815926302139 6.07236697815349 5.96282996538377 5.91922277031833 6.25814725853774 6.23160228377361 6.33070396942971 5.98085887896446 6.08446352412612 6.09698973239274 5.99322353082496 6.08837943390001 6.01404599967341 5.92742349167835 6.07761324627802 6.10339182914111 6.25344286966531 5.9742695258479
"106" 5.85071949591955 6.27421556560093 6.22590869352032 6.32406299214275 6.3086798813194 6.15639673030113 6.32368797235617 6.31454546929985 6.14432314084267 6.2772270322302 6.13065888863745 6.31982931124836 6.2593808211267 6.19407831549328 6.27975135038462 6.06682038662607 6.19546946558153 6.16131395638091 6.23279608689871 6.05517368822815 6.32472074155387 6.18562243849235 6.00690229083989 5.94682813527033 6.11460931547259 6.06908363220008 6.12420266823881 6.19494307383213 6.17991479063861 6.20607032557168 6.05011098915642 6.04127881517798 6.10802154340389 6.1572707325261 6.46110157850701 6.35720265984386 6.16244429267059 5.99665704686003 6.2910413487005 6.29922651660221 6.04231186004403 6.51785499139059 6.27267744120713 5.97308681157977 6.39181891222391
"107" 6.30182998193854 6.44106056895778 6.41923296948978 6.29322705389001 6.34655459890895 6.24976262393194 6.41316776321303 6.25268691842486 6.22838510986095 6.47526590468254 6.23181645092661 6.22076725297453 6.13726256258692 6.58767313401964 6.3236547135334 6.20110747789659 6.26743726213766 6.35388945508211 6.43192096949407 6.62232930134372 6.40047953248718 6.33853605119046 6.33576692630034 6.37397596712255 6.09964027152597 6.23288562085272 6.55980756830388 6.24450728290069 6.24297768959959 6.44485406457576 6.38022569382116 6.33330944796875 6.48140087969727 6.5164571964264 6.35017533352767 6.49028566159139 6.19319424139064 6.4850595176172 6.52157119217078 6.06269938241829 6.25301723019473 6.40849072976342 6.1586812015637 6.57043190984571 6.35402030138245
"108" 5.68476154461678 5.77738124905889 5.85995679941856 5.92233844464913 6.12852527178761 5.81678208352397 5.86307881377114 5.70637372589439 5.88830210381869 6.00922524188593 5.88989894841436 5.93450061121065 5.92928693751664 6.14978561956442 5.92406921206471 5.7675985385841 5.81576988048245 5.93494373606989 5.91397309618647 5.94942416496527 5.71914119790005 6.02831420569777 5.84974282160715 5.79438430541127 5.86869356245034 5.94915513423152 5.85755904950484 5.91352691623769 6.0602940910877 5.97112904607743 5.77791760100389 5.96362279367171 5.94095961342186 5.81527166427164 5.82229444418283 5.78681330147752 5.85774466889987 5.92703827244251 5.6453215365338 5.74707902262368 5.74016660832007 5.75344254929295 5.89479309582711 6.04792584422937 5.71105988942028
"109" 8.75766998115633 7.21137926900087 7.58375817089831 7.51871755067306 8.20162794366641 7.39905459759598 8.50692524308579 8.09203112976599 8.56966972109914 8.09135203493512 7.94792709199799 8.55829970247515 8.70142057101572 7.97178765134677 8.16435470772421 6.83501341327158 8.07928216892908 8.40637730716307 8.17941584268272 7.69086993874107 8.56112454844562 8.27836570586618 7.44582971907048 7.37571919443247 8.48126687384691 8.35581232949808 8.09595612182232 7.43246309258718 7.83277635535983 8.22359401773139 7.90938518267436 8.66117175718426 7.56693102658543 8.63005811631855 9.03524812284808 8.33571919228354 8.31407511141082 7.89788203423154 8.71466922200779 8.34940443534235 8.21511543968199 8.65366230689874 8.47544479093363 8.17157584063587 7.92052275718417
"110" 10.0512039025322 10.671169880692 10.1043125259515 10.9721847611912 10.5711165792207 10.9374019098216 10.4257289782039 10.5505267580883 10.5142378383602 10.7253203585255 10.9929246385384 10.7342762222538 10.6317401501957 10.7754441738185 10.1580832937094 10.6261602524802 10.5278977101603 11.4816393593387 10.9768508283086 10.7788254685956 11.1512944968419 11.6316628457284 11.6602451624398 10.742886980013 10.9297528319469 10.7114636285425 10.6311785945678 10.59161883929 10.2376808688861 10.8988643741955 11.4288441540533 11.0597493986215 11.141120550312 11.1903798137134 10.1931283879837 10.3035578190621 10.2902548806242 11.2327274428815 11.3039704585484 10.3458358233954 10.8003931301718 11.3175289659736 10.4608412874097 11.3425113250998 10.5916634274846
"111" 11.1810177854619 10.5371282091408 10.6977307837201 10.9770276470724 10.614972419811 10.802917508616 11.0405447084248 11.0699130974395 10.325207909003 10.9343000182987 11.0683248572877 11.0178898902943 10.7376950139663 10.7118018495256 10.5043220368665 10.5821933288819 10.83789103922 10.9259279910922 10.828081874931 10.956026409323 11.2285725902689 11.441480010122 10.7568011494836 10.8524777360446 10.3789563341414 10.589676836424 10.9936724227023 10.8464871769343 10.6711831631696 10.8826456177367 10.6206068622691 11.436018515034 10.7168807654404 11.3043618342286 10.565603737963 10.4025896394447 10.8524410225366 10.9031054935136 11.5157119016738 10.8173530583849 10.8448461635036 11.1732553631791 10.6860801533686 11.2606012250205 11.240459589342
"112" 5.99045002345981 5.79073020925409 5.73447190773951 5.96547236670984 6.18899746324737 5.99615545234864 6.34125122844927 6.06870205294465 6.11403997346745 6.14379259013072 6.206160568315 6.12210533192335 6.11038425836513 5.98938608087977 6.21747931564523 5.98042980248115 6.09944616660229 6.02259473237868 5.99360874119119 6.14686440092335 6.03371267867062 6.05988180041323 6.09038285644263 6.19557744502022 6.10324386957013 6.04934912235183 6.08666285371199 6.09112457982243 5.93635834471882 5.9857537237722 5.96055559105481 6.0938217965973 5.89334316312843 5.98465993121771 5.90658304310308 5.92372025640254 5.86758935873056 5.88062685872396 6.27639849779751 6.04950612097254 6.12906472527661 5.97704749461956 6.0771033825018 6.10507255081171 6.11138435824346
"113" 8.52230437150767 8.51856850775661 8.82079245790564 8.50951324565385 8.5789471538612 7.78186857645659 8.64679274404356 8.93647753657055 8.51970209033572 8.77160690529349 8.63307139324553 8.75864280865882 8.71339320843795 8.51313812350991 8.64721687601762 8.32218388155174 8.6851038337744 8.68958665106127 8.70563755437471 8.40925702279558 8.43456094404003 8.72043951417525 8.40259932689458 8.39132167956713 8.01395768366677 7.79502595444549 8.3092003313441 8.02912420910236 8.31877940952453 8.51212541228947 8.51157763967074 8.94014857262697 8.20196958598916 8.38461535959789 8.2894180341066 8.1297762595153 8.31187865927451 8.24406560259431 8.80151065776219 8.36876174167801 8.16477244419549 8.66701392041653 8.16539563911951 8.61415878122585 8.44084490556623
"114" 6.1548940153488 5.951156608519 6.12304937232452 6.43421709065707 5.95413010792632 5.93863242172122 6.00896207176891 6.24402593489673 6.22993107224596 6.06448327489062 6.09322050206388 6.23252562367634 5.88329005230969 5.88740645052296 6.26490920090193 6.07019822927081 6.0240258363997 6.20545952938929 6.10057100983206 5.92658847434343 6.02024376453594 6.06934123286994 6.14326573963193 5.98069482853255 5.98487987453268 6.17105064658381 6.11832986548593 6.33830094328717 6.0754560229774 6.05852227521518 6.22210260753988 6.0396597162676 6.28487579598947 6.12680265577029 6.22583829113913 6.07314013343341 6.19697276194552 6.22168555835314 6.16043170069564 6.1845130300331 6.04972248626303 6.1470243230456 5.99413509606048 6.22476231146612 6.01296565302855
"115" 5.86851691733016 6.00650901310121 6.19774979766092 6.07081482875341 6.19130416162412 6.13788651209698 6.08325420560823 6.27481310468137 6.06699949867213 6.10328859861555 6.06375099230353 6.19346778620329 5.90255488525041 6.05981592270894 6.00165472320951 6.06988268884221 6.03809382803423 6.07274084460771 6.10428455310111 5.90883228043676 6.19599870631628 6.26905227318868 5.96283668865137 6.22781105454421 6.07604542487772 6.10804966157312 6.17708532594284 6.10385124915142 6.15514538987981 5.98347508822046 5.9308915313087 6.26058893896244 6.01138678059557 6.23623757091706 5.9440888020479 5.96289410378508 6.02392324819164 5.96960823966236 5.85485734127007 6.0187439112788 6.2035884779002 6.15639842683593 6.2960707514062 6.12797599605124 6.13661798336774
"116" 6.20249807567839 6.6714432731615 6.96510169418355 6.49956163069394 6.35847954395134 6.59998510210991 6.47270825488647 6.99238842878649 6.3326264714835 6.39825361759709 6.5804374455104 6.27510721824299 6.39202368729206 6.65291099411469 6.51838502163183 6.64035897520061 6.55539361221956 6.55245960765153 6.68227227697936 6.36953027388583 6.31018767741585 6.77712546179137 7.40879961148787 6.69004300809812 6.59342621103115 6.47923211238131 6.27601738149934 6.86648948788787 6.73327499429223 6.74975798027986 6.39922503796877 6.36147388586383 6.53640480313475 6.59502906583641 6.47333840737386 6.3019365005696 7.05585256013811 6.6819622722364 6.4111088365148 6.47395201039332 6.53450248486841 6.44591398822386 6.46461131391379 6.57101697698121 6.37341104374837
"117" 5.93022500574533 6.12057664329944 6.23606118160913 6.10164646962283 5.95938303267956 5.81001416200694 5.8268772763122 5.95825939439258 6.02906509402352 5.70127232858222 5.99061533860981 5.85083276023798 5.95770389732256 6.10853510042731 6.11461456601599 5.94571361109551 5.95062276648144 5.85018614319811 5.99788053933278 6.00416553626069 5.79566416684389 6.05996756102119 5.87551302389848 6.01680583088766 6.10058254926015 5.96001219804203 5.92328397355574 6.01762809234441 6.00098130275041 5.94299821539283 5.97948071809573 5.86488489086647 5.86939175606808 5.75996939786584 6.08583605436094 5.99891888193706 6.06339961769865 5.81497003295081 5.72965309281624 6.09360879035281 6.14860069968342 5.96043882381444 6.02546293386253 5.84860485958819 6.12306024665432
"118" 6.74635762492962 6.70927539882257 6.61495361950958 6.53531522474357 6.80265941459977 6.5676136274215 6.67833458565061 6.66886765073316 6.76054243969799 6.65741024029924 6.54557624104787 6.51444728158981 6.75722012907785 6.59454726692356 6.81011923843059 6.4698785211586 6.65704951810133 6.65840921620709 6.6794628799152 6.79346967257829 6.67834827455741 6.67181668201523 6.65912326524167 6.66194566145995 6.71777342538395 6.52437043773337 6.51969013630464 6.76751622610904 6.55146542760343 6.66842554115664 6.21217894282663 6.50787786559444 6.54735854460335 6.71730127689653 6.51918439358569 6.59138173898563 6.54668967015484 6.44277738699838 6.5214773711645 6.36383272294823 6.46595255101195 6.62879639514625 6.61407250640444 6.57511942524806 6.77255984199259
"119" 6.35827714613377 6.36094120553396 6.20219834134849 6.09551776068927 6.26895665671963 6.16403674099518 6.3097839647711 6.15803593899947 6.43406845168124 6.34210273067027 6.33761348795585 6.36138204226664 6.35174591962302 6.01741363980685 6.12977330707612 6.22114828587377 6.11241348114243 6.4967304407146 6.3082155938509 6.11187520499599 6.30980284492556 6.27153373843592 6.18084323315986 6.38921111446453 6.18521849578432 6.39533229975891 6.31962098208854 6.32587549134588 6.1835517420797 6.24368089548878 6.18827975319781 6.34051824212516 6.17173726775639 6.47163731000835 6.33528688863923 6.32878009872008 6.28080720676519 6.40026447317811 6.34497690620507 6.37114454956181 6.32283556870248 6.11839960392495 6.1283783791157 6.16266540714912 6.20570141384846
"120" 6.44904264750434 6.30616672480965 6.19060011995645 6.21689478325027 6.15555359442299 6.31634812428255 6.05248299471559 6.01395148838991 6.19470414473051 6.36181881675926 6.20490710097298 6.07829520187951 6.1958112483751 5.91250461146838 6.06154066384998 6.24661985974701 6.09219787155881 6.15141189475535 5.97306018458741 5.91629385558265 6.06140360738928 5.80897292830364 6.1983273289778 6.30257246350995 6.18075846393181 6.13899724250117 5.94292567321242 6.08526697988888 5.9968481012481 6.02336765149701 5.9758195815895 5.90810602540398 6.27671678623345 6.25661652769732 6.21357238546774 5.94076560452156 5.88880511820315 6.02432458298142 6.2097504362442 6.38653115114269 6.35647726587301 6.01810859566874 6.21970293238364 6.25819460689921 5.98532535019663
"121" 5.82942620427362 5.76296937747964 5.8572674028326 6.03671551784513 5.85710906876038 5.85201815717682 5.88960916117904 5.75901650784111 5.7556864508142 5.88599405947051 5.89272544838344 5.83596915467268 5.99903323281382 6.02680834050734 5.96446130662661 5.94488216526317 5.9076554503455 5.97066365559842 5.84073742482966 5.91575365311027 5.81845534192135 5.82745445623381 5.89895661644195 5.85715393933523 5.71315467174054 5.91965130023193 6.00243044873896 5.89522567817309 6.02348398064355 5.91189969981746 5.9231404243229 5.75818419626314 5.77942741453365 5.74225583157828 5.9041899549623 5.79448168960927 5.77136690043728 5.9269229388504 5.71990862401478 6.11712174603136 5.95520379484013 5.98528459655217 5.73653278983142 5.76210335061708 5.90035652335557
"122" 11.3327315440873 11.1886505476484 11.0805097481495 11.3281256952208 11.4296436958375 11.3387816943435 11.4699737437438 11.4857275864403 11.0401705344385 11.2713427627096 11.4256335402382 11.5100749117385 11.1192720268373 11.3899524533212 10.8702545267484 10.9136150958049 11.1732560484522 10.815733211307 11.1700908769239 11.1619209345751 11.4649097386284 11.2587243557877 11.0773563969703 11.5022775368928 11.0364273323443 11.0665404853524 11.0200738631983 11.262780861927 11.0387830140644 11.1073316709002 11.298221891127 11.2641334371934 10.9949622053605 11.1768424902249 10.7234691550924 10.8573569179585 10.785946219335 11.1618207414116 11.432702917304 11.2210194083573 10.9693243794794 11.2351168132298 10.9453398943893 11.3238225780569 11.2799280097244
"123" 10.0780183656751 8.97729864030577 9.39966260825872 9.41949941072242 9.75742350109505 9.50009438968886 9.98349465522312 9.75656061503768 9.65573424123446 9.69281737991117 9.80073685486924 9.73013390068983 9.5139913490079 9.81439954576365 9.68044838518167 9.34705777785842 9.4639717060729 9.550778166662 9.6565889809687 9.94931846567003 9.93959796365586 10.116926284721 9.50753946511942 9.59526395812441 9.3444562536091 9.36516779876631 9.97999564445577 9.60823841872484 9.88196504400048 9.92187095922827 9.87543179603439 10.2797128449656 9.32398561451501 9.90080229832343 9.59361056295567 9.26703992388152 9.82181258018319 9.6998624819342 10.4518811780826 9.78182682515179 9.64761760374132 10.2323552059203 9.52368199239963 10.1268743791296 9.93868372715856
"124" 9.09074795254118 8.81267759311319 8.79080729324133 8.60283530867781 8.1543210212139 8.70176831345989 8.97981167352209 8.61315766190947 8.22442957803898 8.64761261359991 8.47789134643199 8.83175651736422 8.6510352216505 8.34877398153864 8.76738753023723 8.41655874148045 8.54022676641839 8.73142732492257 8.86159592516368 8.9336819146532 9.11811426898216 9.12740804571746 8.97934878684338 9.0136534342143 8.83700943276953 8.50067885607501 8.33733798331544 8.99876153446498 8.94909661447949 8.17422673144974 8.57430578908046 8.8106743468171 8.74428437232957 8.93041420242762 8.75659436017077 8.55334379088584 8.50486585895863 8.94438200146133 8.89779283003257 8.65244859460248 8.85387061667949 9.13910179758254 8.66856282220076 8.8678423710296 8.97165051890853
"125" 10.4739307480386 9.7905186779046 9.74881029536893 9.88922725262284 10.1219990360749 9.91220566902558 10.495177723465 10.1569992669797 10.0225760390798 9.91415833548672 9.83275587554622 9.98407491481812 9.85917720121796 9.81777536563103 9.60847912177932 9.84320401623784 9.67471529770978 10.0071330463887 9.95271316461663 10.0484595390329 10.1125349556444 10.1790603901487 9.96378240613314 10.1474351768339 9.614161990348 9.67558114267152 10.1650360146345 9.87957389319858 9.89821740282177 9.82624067992598 10.0190020581784 10.5625011856233 9.81106115874032 10.3397118999571 10.4354961265101 9.75339380829611 10.3193616227502 10.1285449032114 10.3721696354966 10.0855596146412 10.0230161349686 10.2134591632197 9.99375720879187 10.3023060217742 10.4533587233547
"126" 6.12105274735188 6.04274962908911 5.81993254180726 5.85529790507928 5.84508403886939 5.83511472211763 5.7573845302195 5.76484726212548 5.82455026196082 5.80260299227708 5.86932893111716 5.85538352096089 5.88062047699876 5.65770230179964 5.76158097426006 5.79562433658406 5.85659419190089 5.81154860194681 5.79224176125487 6.15900544452127 5.66832875302671 5.76617204516254 5.94948238664326 5.67235722755055 5.91284587870658 5.83467185335668 5.76776748690677 5.92999374825735 5.62563863436289 5.74448419979922 6.14742822368582 5.85870982015723 5.72832662737235 5.92395331644654 5.84850087282894 5.72354506540901 5.50917948162146 5.73437242474407 5.79281208534451 5.73199815954869 5.67394552261697 5.77761061422894 5.80738778363891 5.70749080003089 5.74875227357589
"127" 6.42641307500835 6.21864449475826 6.43670431759753 6.09274542990288 6.26015016624288 6.14342065523484 6.18559840088264 6.07508761254847 6.35837038914121 6.23745397350766 6.61911137248999 5.99389229788074 6.14292514838779 6.3592256467038 6.18846609323188 6.18752998488872 6.34076045128475 6.15932266225693 6.24547077825409 6.18374367856539 6.59084975907641 6.29651069107428 6.04937771484982 6.35998436404262 6.20785903229099 6.31452978551856 6.45171643821881 6.45735394987259 6.45249723171719 6.11637236483324 6.03532638401829 6.50343292937366 6.42578156897337 6.40754530854785 6.32746287261829 5.98111347527319 6.3882368390695 6.41481966826632 6.51889318230538 6.09397481876354 6.18542634268683 6.27503982283635 5.96600784178547 6.33859689233883 6.31594538889958
"128" 8.13265667139471 8.09503853434619 8.09667534928596 8.07635335221733 8.1990534860634 7.38882659603391 8.2497263815502 8.4961990476192 8.40931784574177 8.00547640238471 8.1620122077945 8.36874744824997 8.2546239000904 7.96080088009917 8.47595722062676 7.88700782794436 8.11695855353447 7.9419683143624 8.15614939722008 7.91102528720039 7.9369423789682 8.00167919877625 7.97440218567835 7.89399321609699 7.67786615979749 7.68204493354135 7.77425416269806 8.02964921617652 7.79305723974396 7.79760106615043 7.61702807780839 8.17384472822559 7.8335497187789 8.18918809315965 7.69083423290351 7.54641365815863 7.85026344724154 7.95080539106226 8.22082594367873 7.82288544213497 7.81940173392592 8.12379797122282 7.74736587160628 7.92082687019873 7.79222563426844
"129" 9.25617999179546 9.18584503227852 9.55552257132599 9.15443453899504 9.37148145797452 9.01920065745072 9.57330442465754 9.50433778066081 9.51938490711555 9.18364624142332 9.16883326507079 9.13560107979448 9.15803970555773 9.16881512192376 9.22578495600661 9.22800883420839 9.03286499827205 8.91314652747474 9.10960860080953 8.79889916086207 9.12217363088944 9.15220601383971 9.0275255712269 8.87941492893587 9.12242049379589 9.17273262845828 9.18717659131148 9.34424674411655 9.17988938845851 8.8426290882975 9.09399620761305 9.1677409515295 8.71352347974713 9.3515566884186 9.20044630888163 8.81397719483985 8.98896473069171 8.93806552000199 9.29713808015228 8.97048621618174 8.94565485668547 8.97655279724204 9.25797176445852 9.2890889177364 9.13396586954875
"130" 13.6934672031876 13.0755800934561 13.0403120766816 13.2223569143429 13.0272395739559 13.0173856715652 13.8933192928596 13.2664018377912 12.9382526668394 13.1268479669868 13.3864903689609 13.1314122189728 12.8439899470882 12.8054775370257 13.1134474663093 12.5969401463704 12.6701307160981 13.0801288831382 13.1005743311573 13.1853538093108 13.2595362663217 13.5680375836285 13.1116241265758 12.9651306094385 12.9926398379464 12.9881774141214 13.3153149891441 12.9426556430142 13.221576586792 13.4466532069495 13.3247581314681 13.8071063186434 13.277974223365 13.392461619016 13.3477482921707 13.223382741779 13.1473996096338 13.0876484911751 13.8219344623129 13.2552002932011 13.4076177901263 13.6971805959221 13.290085568089 13.5330758358285 13.4487473697088
"131" 6.73988019840934 6.6678287876506 6.59044954339735 6.53037809028031 6.88456427438759 6.88396182821972 6.75156543085192 7.15666073211974 6.68500945456715 7.09847570062127 6.90163972950223 7.13005675660371 6.82910362936526 6.86376232101079 7.14214642549925 6.88161032049136 6.95888889662722 6.84273055676369 7.16478836441238 6.8271717546625 7.05180741293916 7.05055440511006 6.65414234910812 6.57813533112394 6.88161578703118 6.51655837822603 6.5708612246155 6.77126935550439 6.93043053248208 6.7402737167692 6.83817065047776 6.71740022433184 6.65418287820651 6.80144930932138 6.66561693609421 6.53858788316613 6.71345090047542 6.77676045350531 6.75533316148178 6.63307749631177 6.69137717530289 7.06655661670115 6.62326198060518 6.79500541228926 6.76585901358605
"132" 7.88500398391131 7.91444085316359 7.78884028533793 7.77254896668408 7.95018234016976 7.79154823274656 7.78898145761614 7.88174000729901 7.91904287888222 8.0679363748874 7.82647571983262 8.11887830147106 7.81029739129325 7.84124296662888 7.79766428335336 7.54227706482176 7.69466386322805 7.87892932987066 7.86277637495314 7.9981848981205 8.0947842150507 8.00655686783491 8.06875082075597 8.00723284153946 7.96553934633477 7.85335442904216 7.86700874050155 7.76327561502841 7.76274352084044 8.02447671362655 7.89641840624459 7.82056868887092 7.91037823895566 7.81940297287624 7.57972019367612 7.78543889611995 7.52163507860088 7.84296485106456 7.636963388065 7.57304550822722 7.81365083799962 7.77375388842034 7.75319690906752 7.79533239041196 7.72770173649613
"133" 8.63866475512767 8.88710123019069 8.29538161378734 8.54818882749577 8.53290434752526 8.85269828283229 8.67735777385245 8.19724268809309 8.55846821595483 8.65014924343584 8.43610093763336 8.68390059807815 8.51736581383478 8.37353852764792 8.67238632469309 8.45763763999413 8.42478154955789 8.46065655377158 8.73832278596808 8.42771933251531 8.68595839733189 8.64351118375696 8.9097302689965 8.64247526850903 8.62767738695461 8.55565698245467 8.60484865825264 8.18225385425477 8.53665539538023 8.53964567715405 8.13615657623258 8.48295368629371 8.26976776490298 8.50475682950908 8.76872661867961 8.59715691729926 8.53349714190255 8.43678230505334 8.43106857893439 8.3389736080545 8.43437089590352 8.56339709666632 8.28299830971343 8.33390043409427 8.70667947229839
"134" 6.1503285484494 5.97633498603565 6.30099446746715 6.13684004331121 6.05801744787543 6.01213743860291 6.36767289058814 6.03769738168673 6.01307349580218 6.13487552992343 6.3280615502046 6.128071253994 6.22246098657648 6.10242776759619 6.1021312193049 6.29359949258216 6.03631234740135 6.06080048463856 5.8553629110546 5.9703564935398 6.2256911721736 6.1563971751538 6.02191573016882 6.37019349823088 6.2515887274812 6.01989306480606 6.03659101245706 6.16551365503957 6.13708417907849 6.12900042936007 5.97762592913683 5.90871623467027 6.10015843547313 5.92089133979827 6.03253772186475 6.23546892847297 6.54234517186408 6.14628907476698 6.20331214561206 6.10012368883324 5.99027210021251 6.31536608744517 6.11714580983639 6.30690582583108 6.14275579636958
"135" 6.69250428167467 6.470828521794 6.3716528418585 6.63908840881361 6.50749722434399 6.39946332584111 6.5848045058377 6.44917788996938 6.56398743904744 6.4438779583879 6.43021492408115 6.52227658679017 6.74054715856941 6.55676136572865 6.63271633611991 6.49945198226504 6.64329638837932 6.69950874163224 6.50873998719427 6.51779816296707 6.41821582198122 6.62507045459997 6.58142943512333 6.50630707558533 6.59127628136991 6.39357143380672 6.4663021596125 6.74281185682415 6.39518155792788 6.47307172162012 6.61865556715062 6.49202896683466 6.7186908991622 6.31598937695351 6.51594678869356 6.46042251881104 6.35099034658699 6.64902681527342 6.62981818803432 6.44384366857725 6.67582471358472 6.44448463655796 6.48754483483983 6.45525414906984 6.44033293716596
"136" 8.24405280635496 7.86794984931954 7.88615452983028 7.89453653568941 8.51758922186481 8.29399950090985 8.09868066688527 8.21165372183357 7.55773832596829 7.96548640450454 7.8457946451075 7.78576689632888 7.87821864961719 7.66754172571259 7.80290381320223 7.93886911256584 7.90318723516405 7.83328381335629 8.06017475259604 7.97298546298349 8.15816130486249 7.98160635313817 7.81481880910049 7.77971330453816 7.49065899848922 7.7050866816708 7.86141191466427 8.09038797487458 8.01310365633136 7.85924540114828 8.55308322469226 7.87445164109547 7.74179535817083 7.9214536881414 8.28014067295061 7.89408306786879 7.75246981274248 7.90753912843483 8.06869798842702 7.67380518308122 7.80690096701962 8.07347835066262 7.84622626075186 8.01606708874112 8.1399860110259
"137" 10.6402678940859 10.9109629520393 11.9531140665722 11.093968348225 10.5430760296423 10.8086472598558 10.4306761220558 11.0207874527928 10.7028785571871 11.1779671005528 10.8237603811181 11.0276638187255 11.1143919844529 10.7417710690839 10.9119967773153 11.2935419791608 11.2145543403457 11.7673524714035 10.639962919704 10.6419408146657 10.5693589086792 11.5898497405443 11.0134414383549 9.90188212364412 10.7345922429176 10.3268417210189 10.3802051557537 10.8915074320787 10.1906084255329 10.4762424790031 9.13155177133979 10.7713939372489 10.7788820481817 11.1245871219503 11.0866222741892 9.67721977267509 12.0188738548882 10.7770690243664 11.1381951304657 10.0387048515347 10.717869239245 10.891912101193 10.4360900546234 11.1575220968229 11.3263658058057
"138" 5.97129843423459 5.77795275313529 5.90401216907901 5.90461369427255 6.1131168568804 5.94570792790681 5.66354483397004 6.0365249211727 5.85297452626879 6.00814582714818 6.02282621357834 5.87387296665256 5.69114618681738 5.97475627584928 5.97576045629745 5.70729521279109 6.06357006610373 5.80673050854278 5.85757153300727 5.78390470963595 5.82691889718724 5.63578158622212 5.83484059824469 6.02900439028085 5.95025660112279 5.90487786848527 5.83110737740107 6.16643062881589 5.89007985706117 5.90399948954437 5.98192690658827 5.7932626502025 5.93377169581438 5.94131813586301 5.93827050406395 5.82621953069535 5.82102371425373 5.94356057199384 5.93272329581614 5.97367671134794 5.90602474101635 5.74354753986197 5.6648967694651 5.99297833255406 5.97680033436437
"139" 8.87055789770492 8.95988977748916 8.81648106720803 8.6963510129255 8.8162788857069 8.96503922596522 8.74525801850343 9.11001406601583 9.0041465150185 8.98095962289471 8.95829262811538 9.10124567815602 8.77846106202428 9.05593677542976 8.6611420126285 8.34754168498282 8.95636216783147 8.60773080808934 8.79566333402044 8.6583042027716 8.82762908621502 8.63368219591394 8.61252370858376 8.57027968269586 8.45650877584211 8.62748061067489 8.72596620957201 8.67728203309481 8.68348979060507 8.50604000274439 8.68364136848172 8.64097023168221 8.43713189524708 8.7615909091331 8.45868884204035 8.39664172616524 8.46993168056442 8.77468267922855 9.04706774552813 8.76425571187825 8.62672481388896 8.73328791596083 8.55648767405141 8.94727373513486 8.94405307931311
"140" 7.26223119143158 7.26626565995787 6.85727935525376 7.03843595799436 7.25522874680907 7.10714762256092 7.18927156978035 7.35438634266759 7.07975425052539 7.29285989461296 6.87577958487642 7.25041738217683 7.01394443476431 7.41290537453758 7.27793769391942 7.20807045222408 7.27956977424342 7.01430157960187 7.2502506353116 7.01987879190324 7.09861067095146 7.26194230734997 7.16010781001349 6.8557207526129 7.13936241258657 7.04928740347336 6.96414947589422 7.07964833034789 7.02657475953931 7.16696481153303 7.26397788052211 6.87063891099879 7.01319629575117 7.00596422225064 6.98485280223758 7.07359441703222 6.97250355672505 7.01779502877546 7.05612296284503 6.97368218873525 7.03998258406945 7.076444857301 7.01361843201897 6.97927441097 6.9729632498766
"141" 11.4255956641817 10.8797402076684 10.5864209512087 10.8711287284655 11.0069756669468 11.1165721055644 11.1493220940165 11.1046612250183 10.713763390874 11.0782951067515 11.0172362662711 11.1720597150306 11.0149289757265 11.1033597124967 10.9531187384555 10.7588138592847 10.872866903611 11.1233077890009 10.8891040956563 11.1248737265716 11.3684243202352 11.461473829806 11.1465917999519 11.1181926333109 10.767909412578 10.8335617073124 11.1909849114716 11.1806628513317 10.9758611791559 10.9510711093739 11.0849225505207 11.387091168891 11.1298653599647 11.1520972950688 11.0175083517463 10.6750007943915 11.2029753275229 11.2802899566167 11.6527509412286 11.1793218122766 10.7803968123116 11.124437808443 11.0345224021224 11.1364782703694 11.3430298789616
"142" 6.01779537751117 5.82082150857452 6.12035087473829 6.15473340058966 5.95310485915445 6.1571851245783 5.92000457741672 5.81399583835956 5.82718749932729 5.93968253052189 6.24386896710207 5.94107301658559 6.10906724571257 6.03982601257591 5.99217024767883 5.76199991285471 5.91323215007804 6.12307476224739 5.80814156521186 5.77901954680675 5.90826455875126 6.07298413350487 6.06271546894868 5.85967884008572 5.99230287529388 5.86843151270025 6.15657223234009 5.99118455602022 5.87351852047806 6.03146599708786 5.95975710015116 5.83213873653044 5.78767645957518 6.19837878224997 6.20123021638383 6.15870106045732 6.19939215629953 5.84032819360321 5.94407218520658 6.09172924110311 5.94258676378436 6.17186731571677 6.09496444212004 5.99344970650064 5.91337367911514
"143" 5.79727683740986 5.77071542723626 5.93670897807732 5.70796108238922 5.81383135358515 5.98387703444997 5.8671818346389 5.79631168201217 5.67882930105022 6.00686104808226 5.83232219616359 5.79218699602426 5.89517694334067 5.75054818007975 5.78675925345316 5.83048312250373 5.76783013377664 5.82703241677958 5.94805104880695 5.89234467122058 5.90398154771498 5.96680226726594 5.92967448658082 5.83711471011316 5.97965351931365 5.8656896577263 5.9237481296284 5.96615252003846 5.68658460461439 5.93976016184471 6.0031318620816 5.97410270955554 5.71312625211435 5.95322907233466 5.96688799779763 5.88291983575729 5.86188826899836 5.7340109588602 5.85211554601134 5.86222925724674 5.97226312174258 5.8426501740792 5.69838288699563 5.6654938423639 6.03946634512958
"144" 9.63829667572027 9.48607361730749 9.44104312705147 9.72498740967817 10.3217575937936 9.02602293176688 9.61650357313514 10.224613140398 9.67989282243951 9.62065730733336 9.80250494926735 9.93774019717107 9.63340334114359 9.70934531104484 9.47992045984343 9.1872903367543 9.84173192458625 9.50879235930179 9.54692638110317 9.52863244733297 9.53479397893599 9.6370476982989 9.34548720060344 9.44317401539181 9.02804526588369 8.95096839688697 9.3721742081163 9.16195502890543 9.25088357736567 9.39499170508006 9.34903934144088 9.85378106182165 9.29524292808162 9.53140878470562 9.35379634696444 9.00268923863098 9.24443891656888 9.506142454871 9.58168173757315 9.33869079733161 9.32490210848805 9.45403531607685 9.31691856587808 9.74547415822888 9.30732516193257
"145" 5.99858318017844 6.2702406234401 6.06149059094159 6.17700256467175 6.05336810833492 5.96693198312783 6.3552509809416 5.89943645259709 6.27621393194534 6.13388662705038 5.77274230293113 6.03272692137719 6.18328368031932 5.80514092300776 5.84515113232009 6.11203656421611 6.3166504925276 5.8870940953844 5.88776852197256 6.06468879325661 6.09214020329818 6.02914322264125 6.12639178383334 6.13356730903905 6.09343169113837 6.19154980919273 6.05570855414793 6.03191639515911 5.9532657629493 6.15918257371184 6.09643261953049 5.78447406797747 6.03392125778739 6.0493377008172 6.17502610416585 6.12210923405163 6.2292850042396 6.29781040044489 5.98599689090996 6.19022758722584 6.04811926297744 6.32721833766429 6.12752130522188 6.00968324304507 6.19202698544088
"146" 6.02575640232643 6.36139834301177 6.28242376966195 6.31983601145718 6.27007099553252 6.33496006982353 6.455827169683 6.2889009354536 6.40405186509039 6.53932648371664 6.3846380367801 6.41425738783278 6.15513184032688 6.54081007557714 6.27747589090465 6.21442810112189 6.46666821116502 6.51233342439143 6.20153481493554 6.37877357578467 6.22839682387348 6.39631754325467 6.45312323097265 6.39952615714042 6.27482789026695 6.32595768294606 6.49162504129635 6.47489552199858 6.31415469302506 6.41749670199566 6.45267362448498 6.63690487293267 6.26708568807414 6.334279571926 6.39694294732642 6.4641222186352 6.39151056195682 6.41175430637993 6.62709917821011 6.3542705443345 6.34656278193577 6.5365681769591 6.32259784113246 6.40623526748779 6.30635181638921
"147" 6.11383522850789 5.88208334408322 5.83883506880754 6.02347279311936 5.8182670384378 6.08563184994275 5.83754220033977 6.14953492168246 6.05352904524816 5.70811356721093 5.65471286458063 5.88217627331633 5.89497498849621 5.77764595496942 6.12690340117655 5.82680791275781 6.01387779222214 5.85987517769613 5.89704127701708 5.99955044419179 6.06887345758819 5.88495360453529 5.93099708305645 5.84545793005066 6.12338393380377 6.24295401825592 5.90354212055089 6.2219651208666 6.11705132767657 6.19682572384042 5.98721380936714 6.05024066589213 5.88649639475423 6.06770349837635 6.06562157404153 5.99504796782517 5.9070532737108 5.89313005155473 5.84228481457449 5.9701731002004 5.81147431419095 6.11239205097401 6.0119677377327 5.99163362648069 5.8583090428873
"148" 6.08498773778135 5.85723628936884 6.31330558146582 6.30278432646428 5.98214927379218 5.96543925582706 5.89953554627996 6.12567649477718 6.20101076245505 5.94768431238053 5.95993784092934 6.29560032644548 5.99523933121872 6.38120900122842 6.04644986795672 6.13119667507406 6.1168511633216 6.06222494026786 6.11852701656054 6.2667046178054 6.04403830565372 6.19637051216455 6.14833120995376 6.25435464839751 6.26368986657905 6.16981874283301 6.17854006646031 6.07108502900132 6.01592969204716 6.23117642603308 6.18684156741444 6.34345720590593 6.12009941066569 6.18524625093229 6.27720015592821 6.16059257449241 6.17316827642649 6.11057922670436 6.00810386671522 6.04343316196076 6.06638066539674 6.15528366798748 6.11560739893044 6.20632430609918 6.05510142571103
"149" 5.79793833035784 5.74912841713579 5.66805561522969 5.66133126786542 5.71945642695604 5.839106599281 5.75900307671796 5.82002042160571 5.78077297910677 5.93294395316216 5.79967641056824 5.81854369155084 5.9027640023582 5.80704732370017 6.03594519304811 5.84473355810172 5.74790280523769 5.69388806736274 5.67579931531019 5.91059379927339 5.90855857359829 5.89451529729992 5.73990966904296 6.0428827638657 5.85719245742169 5.91359867458218 5.76914962763798 6.01213088796246 5.69469169573846 5.95088720179081 5.7617294432762 5.80115513141588 5.61440248449966 6.01529827556742 5.94505933958632 5.68670238959124 5.96687335601562 5.81799021354386 5.81954219730566 5.91818625312998 6.17494621424735 5.90082345155016 5.89254828492932 5.93713841792732 5.78764113435671
"150" 10.9818248653383 9.88265109843546 10.7170467316146 10.3756291398724 10.4937646209285 10.6879671565946 10.9566792834244 11.2195358914148 9.87243460402174 10.3736199829431 10.4309282971801 10.2454119629166 10.5202161709245 10.2505702035976 10.3046414219503 10.983948584676 10.9355083648745 10.2317701921981 10.831115442162 10.5816021738873 10.8139886273237 10.4498893366924 10.5699458925388 10.6232994317588 9.86278904872498 10.7961708422733 11.1855927110799 10.9088647365135 10.629144513102 10.4017602462565 10.5867729786698 10.7605970116755 10.4704249768153 10.9053738075109 10.4326385923496 9.84967821981971 11.1686447084253 10.7785413514267 10.8723266082461 10.4027104712147 11.3122516595697 10.9942701270773 10.4345810250111 10.6077577373126 11.0345446659527
"151" 6.07847222005134 5.96851060293345 6.1692399427942 6.14077264330067 5.95109819373454 6.20051710578569 6.24833667838954 5.87425161957281 6.02699838651905 6.24844854612067 6.01667809962182 6.17934127756577 6.07790491811557 6.00219522081499 6.03959919298276 6.10998440237104 6.11808942640513 6.178234111293 6.10727019439836 6.03137639481478 6.04320837277089 6.04710019082673 6.10955194621837 6.00970851065993 6.14639653531287 6.00773967992137 6.05456587668694 6.03897753155771 5.91261918718636 6.09021234776895 6.05484648647594 6.05069862680048 5.97156140832934 5.97949472539034 5.94680520265505 6.11702676570234 6.02655588578804 5.97817969975389 6.11821349439801 6.09780201027866 6.16288028246153 6.06926842742901 6.19942100829071 6.02709759206172 5.96906861812174
"152" 12.1225625004025 12.0609916766539 12.1866052412176 11.9975839125429 11.7531037093346 11.5702067435612 12.3579572131227 12.6131058465923 12.2933010107239 12.1242687433053 12.4674880567887 12.2937178715069 12.1985443844631 12.4375806291401 12.09766802526 12.0457101742512 12.3053466690029 12.3188558400629 12.5527352799814 12.4426690426889 12.3297718277496 12.738162577605 12.1050528624392 12.0368326749277 11.899752623259 11.5640920420385 12.1215183958893 11.9858529650021 11.9144450830989 12.0067685814289 12.1114244804451 12.5563031968914 12.0150390774774 12.3449228840748 12.1621874030793 11.7825144594742 12.1828249170568 12.1563431430584 12.5203132089959 11.8437102040033 12.0173983995203 12.8365077933266 11.9626053540065 12.6633703462374 12.3599644528862
"153" 6.30762904642173 6.00747955672257 7.03873753194042 6.22238030075356 5.85588794020247 6.25470973852341 6.74458769483114 5.96535527985079 6.19876824561071 6.37177922428642 6.52262921066326 6.61076014753356 6.39294735887607 6.34237442758885 6.34892825404599 6.76213329425436 6.10439678362226 6.39298751233659 6.16634009128031 6.46570529797937 7.17360370281797 6.15915507769256 5.90840236890883 6.08614016785651 6.10256892027308 6.40793666844298 7.01604598338339 6.31048055022466 6.39159081118551 6.3997316655604 6.21363977649951 6.36036976569263 6.44886760563794 6.46467352404257 5.98009007635888 6.19445905241754 6.3688391752276 6.3589719337363 6.32511821861925 6.84244953347762 6.13997104916121 6.48611585990654 6.25018520891804 6.34398439810819 6.36412101209024
"154" 7.25776282322827 7.04060315771209 7.12409735701827 7.12633850076429 7.21596148409214 7.35783562853111 7.50112263053563 7.53019803949869 7.18450567105809 7.15260526790982 7.50977423889085 7.53741019469365 7.22192851022586 7.13005471636719 7.20696608380104 7.14319759061834 7.13109121291325 7.1620365635335 7.44208998415985 7.45890930144399 7.50480216373817 7.43235345380787 7.08756385276483 7.09868908129018 7.03202284627227 7.25737210255517 7.59062646652238 7.2521341011948 7.31056882308787 7.47039321991588 7.69715066584698 7.36767107126107 7.33767983655012 7.17877858228764 7.21174719850818 7.16073295635803 7.43802187064118 7.45363018006831 7.57651261698295 7.18288589715187 7.55416009870403 7.63341918703102 7.33730059328353 7.8576342424895 7.54757299012498
"155" 8.44513853271017 9.09762752933593 9.60626666500495 8.58317415440377 8.85408687821607 8.67628769132117 8.39881457459585 9.19212287720183 8.79698917219429 8.88553111038212 9.11813168849162 9.02115076596683 8.50853770128615 8.56675642939922 8.93437557228012 8.29199768119118 8.76377388353561 8.73491529971997 8.76889368651454 8.82193833989019 9.07806221976364 9.56079951753304 9.11106980789021 8.43628860644563 8.89982881954593 8.15248837693288 8.29666177896798 8.65912278439762 8.68606496079814 8.88751114592523 8.29834318798267 9.34209949644478 8.73233342544948 8.38377534091029 8.9332912514309 8.40585490279361 8.82448474381714 8.74747879797778 8.89803944669409 8.62029309474479 8.91370301614556 9.06113300570574 8.59736324952982 8.6485773768675 8.95483108060511
"156" 9.89455656121878 9.55385580044738 9.81380221792051 9.55972537427795 9.77241024175022 9.02783630465349 10.0730400391018 10.5143112646791 9.94812753988785 9.72658079873984 10.1310090060711 10.1426364154405 9.70002639023594 9.69831301537403 9.90439070909885 9.38348222689511 9.62140642111232 9.85503857786857 9.80594334799192 9.88295622873735 10.0377121570698 9.75472191886802 9.20844766940783 9.68813948469758 9.25618718893592 9.49071592211201 9.84413953443154 9.65979540857872 9.63277625131033 9.60743148170874 9.542612774343 10.5305142821679 9.62923945999734 9.86356503489444 10.0241761550197 9.52689552392557 10.0664224177335 9.92120477458973 10.562516043128 9.83349844461005 9.82605877098275 9.9128715574076 9.98118663266642 10.3408511803032 9.77541517875584
"157" 6.12965172893205 5.96432038049016 5.92370799127844 5.90110654162742 6.04942527893044 5.84347134615434 5.89633391426648 6.02339487958568 5.98473916143328 6.10947499573637 5.96027436920081 6.25228606056608 5.93433212091983 6.02466143275939 5.99593671926724 5.92709401377178 6.03280631064597 5.92497740945323 5.98228834197659 6.00699064604956 6.08581665538989 5.84772689286687 6.00434003118367 5.96396817397254 5.85072928950969 6.22403795653324 6.14523628089917 5.84561812182777 6.00178586503563 5.86900576610707 6.08560169673352 5.92206977430218 6.03286157331189 5.93713413109581 5.96641211184928 5.97268731262005 5.88869642503402 6.12175555253603 5.71977905529408 6.07130845268522 5.93329544964084 5.98239545253116 5.99418709201188 5.90126406617822 5.83273425769143
"158" 12.2210201990365 12.4812088449034 12.3975374634925 12.2984536732456 12.0961735522016 11.9630273198685 12.3162976166507 12.5492674939008 12.1110459892161 12.4971110549479 12.3325851327784 12.6779638889943 12.7767630386155 12.425962713216 12.0805817037264 12.2335783166652 12.5486001029903 12.8215963759816 12.5899307613681 12.7359578687685 12.820623455259 13.2381313357027 12.2806534536413 12.5231766710095 12.5775689541481 12.0758524998805 12.1246392992741 12.2042722690979 12.3238427495722 12.3156029553035 12.1363690256255 12.5726455642967 12.5297491873312 12.1542403124549 12.7163020994042 12.0579902606715 12.2179775566739 12.5549804382507 12.681106668763 12.4546315984239 12.1883442375602 12.8998048009211 12.2357740544506 12.7946182982244 11.9987548831965
"159" 6.48172698148685 6.24178825328686 6.2843869476977 6.40044379516681 6.18223970162826 6.25367674547865 6.21781543052802 6.1202285058306 6.27042857623011 6.24842305883965 6.29978499831921 6.06117368979511 6.17925499605851 6.32298447414429 6.29324091265146 6.28611201873035 6.21921643270049 6.24865831062411 5.97248516100349 6.24626272159182 6.14464965821893 6.14147341559501 6.06764379960217 6.13369444291561 5.98903613707703 6.18753220872745 6.2156897527988 6.5353360435562 6.22266633584853 6.26734989764199 6.41171426878059 6.12975108426425 6.24577138496634 6.35863684600457 6.34513582176715 6.09549010070583 6.4340449056031 6.27676812833233 6.16093326192387 6.28354640657134 6.33434788564271 6.42988715101803 6.31491535728204 6.1918573650887 6.23265645618071
"160" 10.9835169540065 9.30926522464294 8.47779235264435 9.81096654510986 9.51155271414262 9.64093737935599 9.67422522389095 11.7454323009967 7.68059619977151 8.21853333075681 10.8276857688479 9.11087452559988 10.290383308016 9.179992452822 9.96101544241401 11.4487150550845 9.3263524099006 10.8174458794282 10.4455038349857 10.5546560158487 9.24896116304413 10.778010580585 10.6441452766461 8.51274572353798 8.44281259248429 11.6055722299896 10.2097876159533 12.107102990776 8.71324952068406 9.14632809979812 8.33325863566684 9.53530981130013 10.1246222509808 10.8497252987918 10.2769918312984 8.79333416092114 9.93578421448919 10.2160963679241 8.9693234462233 9.05298902091615 9.06964822921925 10.2423048901973 8.67274193380644 10.1051060673646 11.790517272327
"161" 5.95352535462514 6.05263140502647 5.93626459857632 6.12168690191206 6.22377151811502 6.00125537572965 5.79907027340588 6.26469945319061 6.07049638203048 5.88283785379606 6.04043261152449 6.15260347273246 6.16486235315776 6.22208089033559 6.02120173464079 6.06815041264599 5.9992248072683 6.20469734670308 5.954351797569 6.02890778836059 5.98446733024773 6.08914916096839 6.08603761506234 6.20348476655907 6.27706501796317 6.02404808762654 6.20664897709688 5.92591290383254 6.05916837527728 6.2119041575672 6.13308478505713 5.87552313327494 6.06443699380768 6.06062836108244 5.87880543960424 6.06985985547362 5.92680651804894 6.00125971974218 5.84359769878315 6.06055826319616 5.94008905409811 6.03699116101486 6.01932282520051 6.10801881699754 6.30453061195305
"162" 7.90905245999791 8.58148160369598 8.47673469014803 8.7599707337392 7.96753914406363 8.23025391163403 8.76377479068566 9.09609653064981 8.75313754461443 8.78760683790232 8.94473255734413 8.25303559185174 7.93684473674397 8.21043544011937 8.07359090049929 8.34080431952442 8.70919969618747 8.51801862364574 8.50350780252519 8.08837263616081 8.86127201099007 8.74667926328251 8.46097077906914 8.54525478496016 8.3648820580405 8.33594213523113 8.66536784834227 8.54454966987067 7.66256666675254 8.08839204789757 7.89228909137124 8.40806550816773 7.82556859353134 8.18471180802065 8.20243644890817 7.76546646514895 8.0344594918514 8.0131793950531 8.60847534124952 7.86600377814951 8.11604998946788 8.44666372056372 7.81168490429011 8.2979257765405 8.91286112002779
"163" 6.04293426240792 5.84971559737361 5.96616705285131 5.66545859714058 5.70594088197941 5.8042463469562 5.95232392918003 5.83261688976535 5.6981113433432 5.88156183119696 5.93908949914632 5.89252674159079 5.86151106171467 6.05726248248147 5.7567026451421 5.80092182690063 6.1131341251728 5.95011600240298 5.8142332727326 5.86210948943798 5.93852029841161 5.80220269926783 6.25268271677397 5.83083636456522 5.80855377698409 5.92926168887846 5.9269484290826 5.9605957970333 6.08972366403686 5.91496345259855 5.71696509162085 5.84581214517213 5.86551243318192 5.73825743446391 5.91884041465431 6.09863779850152 5.79145870610397 6.01410564255119 5.67763628408009 5.8587771455772 6.01512597417438 5.93893083976147 5.8771146433255 5.78058530591076 5.80321143398119
"164" 9.06739663657827 7.78224044936441 9.56088486513503 8.57435875705872 7.22376465624958 7.9012255339391 9.1797656794111 8.88331432305534 7.15276147769038 7.67738101968453 7.95928911923196 7.21011074496161 7.39390664720024 7.07289378706048 7.99668772758453 8.39022166495796 8.58352586520324 8.06683981561602 8.96825010800403 7.24553469829697 7.76164412494355 8.18516715809001 9.02276903874951 8.95911289796253 8.46493529584001 7.73017152260752 7.80241834792354 8.1929757489627 7.66962830043908 8.4082042290434 7.0525728538663 7.70258504248589 7.76976162886382 8.48655968728847 8.47537434175427 7.29276588106422 9.02001539906142 8.41012547801346 7.73052741001601 7.61516681423118 7.58699529456662 7.85813292966058 7.45511113809941 7.39503220564676 7.98045817303646
"165" 7.23477477576083 7.06241268325708 7.47453575190474 6.9634804713824 6.80172978861688 6.88930757902153 7.45303596596407 7.09509397212121 7.07560510973078 6.95782066767619 7.284816579759 7.08414695977976 6.861844412142 6.98772137538069 6.87768922207645 6.92771785055366 6.68333529794797 6.87982436928538 6.94770089553402 7.17231049401579 7.13304078220738 7.28894066688957 6.90030663514179 7.08040028123833 7.40119041747785 6.80355017173006 7.10541061518154 7.14423923587419 7.061744113104 6.95516250719317 6.9917230561241 7.27535968331528 7.22042267935274 7.17011336911717 6.89982265389849 6.84157377691996 7.04778040551723 7.22391248537572 7.34073585779152 7.08753766212186 7.31562754312163 7.13745552752435 7.25822566117334 7.02307966309085 7.1302928639081
"166" 5.82649993904458 6.06536120562177 5.905401693986 6.02935123789024 5.85660812369035 5.96160636458751 5.84857198097746 5.94448099807241 5.77562645674289 5.99640066165285 5.82054226278036 5.87614137191521 5.98028996067249 5.94841074322673 5.9080017044255 5.8131098770769 6.073330747977 5.78028918544874 5.85287737053276 5.72010707607869 5.98891485342857 5.87383279188486 5.78137288290863 5.9120161949441 5.89352161429483 5.94707723566407 5.84880335247524 5.85746925838728 6.07986029893793 5.83429677174103 6.06363226821656 5.82295321946629 5.72227611470836 5.88667636130275 6.01641666466495 6.12205886231663 5.84114865636878 5.87851955634033 6.06236967959941 5.88075986981075 6.25354280837797 5.97103414200275 5.99478590874179 5.98232839557896 5.9894875468716
"167" 8.7710701558102 7.55123243109314 7.83051366901144 8.04608054823313 9.11279107084578 8.58834918960787 8.54679132885097 7.22387312450894 8.28730673316014 8.28224222367885 7.98977491291085 8.43795539515849 8.04867555991478 8.06440780691493 7.81800609312214 8.06600324853307 7.33638725329147 8.36123255357456 7.7598342697456 8.15884123607251 7.9427694182628 7.94355100316916 7.94919883353295 8.03549352505522 7.477050527284 8.85597574924856 7.68768363452485 7.56330910301367 8.212476568339 7.60683222775525 8.3683478117296 8.37998149516881 7.42476513762995 7.71530577788544 7.62524048164465 7.64148552244797 7.03023535414094 7.23812184295501 7.65336741310725 8.18685800570833 7.70513735847307 7.86051424870858 7.49481614388571 8.04061797340899 8.04752866551855
"168" 11.2714351136144 10.934153600474 11.1694482893666 11.1287025020937 10.891657646074 10.8693465462384 11.3495750180775 11.4444263952426 11.4251666369267 11.3457163979234 10.9306426157886 11.5040232152423 11.2437372018555 10.8926303172291 11.1964789700341 10.8875264451325 11.1122520111905 11.2169915966516 11.1093067736511 11.1045032057542 11.2388225753077 11.4251331299285 11.2624595359934 10.9384134328788 10.7505279787968 10.7877929578975 10.8663602567921 10.8332434795696 10.6493906987557 11.1273368125595 10.6001713093777 11.347494211822 10.9010053313136 11.1632203494679 11.2423683577789 10.5431461553266 11.1635704467561 11.1690116093071 11.3528471716943 10.848516386487 11.0398556673328 11.181581888386 10.953914864262 11.518420324947 11.1958675015136
"169" 7.96671999950396 7.35692151387081 7.48981081720736 7.63593941732913 7.7142649173874 7.89779424537154 7.95783563166817 7.75527306261292 7.54489886874607 7.60095074476376 7.70041938353188 7.91930750699293 7.6182933188516 7.5592707036636 7.70624709403338 7.64400367138399 7.56004168907686 7.87224434933186 7.61833668739356 7.74844938924468 8.27436651705126 8.4415630785876 7.81796287814361 8.03202469817977 7.43104256469974 7.45174332507497 8.10223858113365 8.04454604848472 7.80552654407143 8.07971832812986 7.79183519241181 8.49955220520222 7.68020911704563 8.32843285141963 7.79880733302253 7.50187777489447 8.06910882192584 7.96153811516808 8.4926474841794 7.7180627812323 7.7852399702947 8.43065755624749 8.01295074892552 8.27247877808536 8.01867949369199
"170" 8.43999647772063 8.40656843242577 8.31642386486456 8.20189973101922 8.31381005251773 8.90840236577431 8.44810164274959 8.56397220985274 8.32995399944183 8.38385722303743 8.29421744490874 8.2394048606497 8.69943675643043 8.54782740990578 8.52115140334765 8.55085373592649 8.76259305272787 8.51225699983353 8.43070740485449 8.58137876822826 8.37586854920005 8.67515433227255 8.35953224688296 8.37396082182702 8.54645375215179 8.72586809164682 8.16452425525357 8.22191719283092 8.16498522162295 8.31709881837161 8.70939447837615 8.67436777366489 7.85557199411476 8.4499232745764 8.61873162417137 7.91835214584965 8.2136511343258 7.82956564061554 8.67374026862769 7.94595690429827 8.66078561501411 8.99174143032652 7.96574824303208 8.28890193708949 8.91527297874733
"171" 6.47963312251514 6.30378064060762 6.12981287485285 6.38064696628383 6.5138837561172 6.26640820737362 6.38134952300333 6.381470746564 6.38697526321832 6.24698774043982 6.23531457346481 6.07269388480402 6.21656523665608 6.31441141410028 6.25797997625924 6.36886463948357 6.28895126168439 6.2788587719221 6.2753975490265 5.92081003813072 6.56374689151346 6.17050506788022 6.34097223026593 6.27188773741368 6.27645951200292 6.08846238308542 6.15782508491502 6.12281584210143 6.24809968247131 6.4346837612478 6.47661363099876 6.18821294195095 6.44742405541558 6.07328739595588 6.35764730075276 6.23867945776617 6.44250541051283 6.39847337383762 5.92515565602764 6.13376274930057 6.26106991174073 6.2065195090641 6.20824670129271 6.1511618514785 6.22325936676448
"172" 8.87800138720168 8.20051703692075 8.67985885500567 8.41648366333232 8.37849987039905 8.65627919502961 8.93742712811801 8.89305882674031 8.70361368610907 8.55716958424054 8.20725842625261 8.2405306707617 8.44477744760762 8.04838335189154 8.2901648480373 8.24366542687706 8.02186678423331 7.8557872712729 8.10892189537243 7.90195730332756 8.12179845211347 8.02932263621546 8.10339621120888 7.85681618219096 7.88408627964081 8.39635692440234 8.29384205673369 8.2959778060082 8.12139895337441 7.96358120696379 8.71992306518858 8.54606072136229 8.17825052335122 8.98606505617959 7.97354851379098 8.43722482812052 8.2972310877661 8.28012138416679 8.81018456511541 8.3027239449135 8.66077511600698 8.11429641447787 8.46878260238432 8.96000949502926 8.8527488426253
"173" 6.33429805343556 6.03672626525225 6.07559337499805 6.36502905968219 5.9851021678545 6.20680467051196 6.12558665661928 6.27962063447563 6.08939746747537 5.87862161218604 6.16728035766543 6.02047652277124 6.19329109080995 6.15317983820995 6.13901918310611 6.19965718199736 6.11683336057337 6.11669655891766 6.18907657649141 6.04762881069977 6.15404417776749 6.28142115472315 6.16366222268082 6.32977774463447 6.17669151674291 6.30133802678535 6.20967680771236 6.25976422326372 6.0858087823477 6.33859580141646 6.17547529633597 6.11691996204882 6.16837449967597 6.17509709375492 6.32863043089302 6.13848045676837 6.34790263767776 6.28645512468229 6.1830892583095 6.17155010884312 6.26212669841284 6.28096497401615 5.8843933036988 6.2713193970829 6.15306636113531
"174" 10.6136634622339 10.7942689484105 10.4777690591103 10.9380852187537 10.9077077751895 10.3971996207609 10.8615732855923 10.8107778848078 11.0449125239505 11.1100357411867 10.7153034085876 11.0308135806233 11.0162481697499 10.8686761359619 10.893005255913 10.8169203056901 11.09581309924 10.8929439251777 10.8437621630489 11.088174455375 11.1186365266205 11.3609952090242 10.9805861615704 11.0666358809076 10.5054446870651 10.6150089739136 10.5352930975141 10.7393371109242 10.6447193190258 10.6997436092289 10.4775701168239 10.8411055052899 10.5829634723151 10.7647573728537 10.9404181722002 10.6267463533294 10.8397258241503 10.7640042947795 10.9747623823685 10.9736859290962 10.8294021979409 10.7049984352494 10.630085525582 10.9646047051132 10.8608026589379
"175" 5.96745809906495 6.09945938782328 6.08461338711526 6.08649071479012 5.95418393554481 6.11253563503559 5.87902325864947 5.94057478870951 6.19899690174512 6.02525534130281 6.117802281552 5.90771077160258 5.99900586969123 5.89719319844531 5.98336205663802 5.8563195319828 6.07860065126709 5.84464811429516 5.74250036866081 6.05367355422997 5.79288545794628 5.88248463588048 5.83034622741896 5.97481316296913 6.03460085624661 5.7497715218687 6.11487546191659 5.77837458645626 5.946769292432 6.03383153577789 5.95379964800512 5.75617497633463 5.86773380069497 5.98373109703117 5.95311647247487 6.04807440856595 6.05783684939886 5.92557532650472 5.8867514327857 5.86053986950182 5.92740691228104 5.91634108092894 6.01332799666858 5.91952823487513 5.80776230771767
"176" 6.00611764179568 5.96023794001622 5.9164240324964 5.96980174332619 5.84595900190833 6.26303095365451 5.97284098402426 5.91654734848925 6.16606572774125 6.19616019688202 6.01736211988875 6.05209661904718 5.97115552805821 6.17912013528837 5.94621233575199 6.12446390120509 6.07913536657665 6.24781130526071 5.82961785226669 6.14271990469847 5.80885486432401 5.84373664709496 6.06359616139133 5.92908888558414 5.98725861780649 5.98886396437853 5.90040519321946 5.82355503797432 5.85647874873959 5.99072299834017 5.98610568392915 5.79401674916658 6.01957380726868 6.22667387600912 5.89180490492088 6.0846621654058 5.93301221524839 5.94125312968955 6.00933528679758 6.15676086711267 5.85403461051432 6.05553592044428 5.99347606399676 5.98912682623547 5.83814855450365
"177" 7.87202104284349 8.02006476643451 7.48098218987706 7.78700068162853 8.0050440143522 7.73795909226285 7.82540006165927 7.88765086401723 7.6161645940635 7.96563251856899 7.79814247819829 7.50781119243584 7.81610641619285 7.57394883122091 7.87825192316134 7.36961586903919 7.4779510282802 7.62677915897757 7.62170470619887 7.83797061998784 8.17057622635516 7.69928615485133 7.73201936465244 7.85864266028807 7.7204328272703 7.66789463155903 7.84600580719489 7.66953160852698 7.88749670412169 8.03955239811784 8.16605013227012 7.90436160129384 8.07395039597258 7.83639228815671 7.70220583289059 7.76811856568411 7.45879637444248 7.64157028256072 8.20292888680827 7.92336648117551 8.11739839281109 7.51768740887038 7.88177303908031 7.77638725352272 7.94614185609663
"178" 6.04202216644288 6.22630180323278 5.84453637435349 6.14028672098862 6.17544660213123 6.30627835762992 6.17508896936822 5.96875337203487 6.02033956510252 6.13080172841287 6.07921928556123 6.09618619802183 6.09256530003457 6.03878137766432 6.19909957800881 6.17686706596736 6.06821348347469 6.24919408569629 6.32067985441537 6.04445430127067 6.11449425741453 6.17893415513537 5.99048128267283 6.19197505110718 6.13548953827919 6.1588321768125 6.18905614933575 6.09508963040348 6.13239947076174 6.19802489882737 5.94789880420697 6.2005961786286 6.18407112825107 6.19529865278966 5.9021138103433 6.10459528016503 6.23340732289501 6.04136674779472 6.20090177130951 6.20348701787385 6.2168623300917 6.00956556309189 5.99851207534686 6.37267986272267 6.05254813222853
"179" 6.21594546193263 6.27994432393404 6.23848335268056 6.14858128795328 6.20852954793595 6.28388562545755 6.34657735496784 5.98424465058209 6.04421043500581 6.13133081753471 6.31607790558118 6.25536687116205 6.29234021834883 6.45650548686488 6.44365281544086 6.25314738086394 6.0835600366231 6.32948445292988 6.37585472331381 6.12225462894007 5.98132140684305 6.20103586292416 6.09935684919181 6.29243418774618 6.09358458067228 6.22674927161432 6.26074818316533 6.30106557662697 6.23461262921078 6.21764324939204 6.20748827231886 6.21016207219297 6.22478087237224 6.27214110912232 6.35076128399378 6.45213687829612 6.41738638005021 6.28526817352654 6.37141474621078 6.17787576653363 6.24697287818584 6.39762636109564 6.01512778461658 6.24588121728203 6.27860213304039
"180" 9.42299555091892 9.11305159626549 9.10026877409517 9.19492771771034 9.21090781972811 9.18329461946011 9.29561957268321 9.29528561326259 9.33428694626247 9.30796820042254 9.38867334387683 9.31817009397047 9.43055593062467 9.10153958098744 8.9653255233577 9.20326287062909 9.1116675553084 9.33164554570765 9.25131459311313 9.2444057379932 9.50151211886297 9.65501002327626 9.09973389790978 9.19540889216049 9.02201172264424 9.05628845695017 9.34346581187573 9.52684690461908 9.31599055707479 9.13046918472503 9.26234802136757 9.84568380906292 9.18724737907546 9.58907944123446 9.30003944768689 8.78619592657842 9.20506981139503 9.35807123577592 9.94648429915306 9.14471446477069 9.52237332185031 9.63769929213693 9.32879447660604 9.84278566639055 9.3919839661005
"181" 8.91186900160593 8.05985509120899 8.67052644690072 8.51743753296106 8.77273561001746 8.65639708424614 8.81526258277329 8.82202412909497 8.4605200241544 8.3149758691919 8.82406599668982 8.81200594398594 8.64543541461733 8.60247007097153 8.49494700295668 8.41588443905133 8.34793522999209 8.64724731099021 8.73401738964285 8.678201878004 9.22387102832366 9.51168471066206 8.83250790598869 8.91122125600199 8.6911262293604 8.65383475547523 9.19699881882886 8.72416747009888 8.88574726542414 8.92703147572757 8.71715743578111 9.08530328785861 8.83958039615467 9.02594843633029 8.70403831118326 8.28077178171388 8.75382933682418 8.69171410896176 9.10584257703883 8.43406313352681 9.13154581763584 9.1175727579224 8.92309331769415 9.22496074466437 8.97192472296847
"182" 5.96939939210633 5.88550427071271 5.70007334876818 5.88618917749455 6.02775161993216 5.80146107360337 5.94102064724668 5.70403035994545 5.93022851587148 5.73772529947381 5.75691688484154 5.7376830611671 5.74961239940683 5.89275386904145 6.06367801777667 5.868711923784 5.95778249821769 5.83814522045987 5.7589835672697 5.83147827637602 5.70654301926632 5.92384595508399 5.89421878338643 5.84389090613805 5.7613416241949 5.71493682512429 5.53482254548798 5.67703997028626 5.94090019226814 5.7772441426987 5.77560672558525 5.77787660447887 5.91238653069965 5.77502597702944 5.82849489090759 5.77320215740419 5.62760780284689 5.8689767794798 5.7944146755571 5.90208658832446 5.75880922492332 5.71650945391841 5.78782773006875 5.64803305323018 5.76005128547465
"183" 6.32797166676979 6.37536221042742 6.42575453280585 6.24305253375402 6.30877780452396 6.53487313232993 6.35469195576722 6.38386142028183 6.32784332504869 6.29973673957592 6.40418022578036 6.20978742592956 6.33369661455865 6.40045619410159 6.27911383488328 6.37356800572466 6.44603352397795 6.08419767496255 6.38526077578355 6.40352677064263 6.36393483154547 6.46978489386132 6.45284630935051 6.55485264312327 6.29182311283807 6.19313841803288 6.44098507652605 6.36487225446677 6.27451845841125 6.29121409764304 6.31005542227195 6.53295524527855 6.6933026163699 6.2835398283961 6.46606353194957 6.26019929774915 6.44555606892086 6.4167519029899 6.49218940388753 6.32170324760054 6.15938717387436 6.38215981712772 6.50079986146865 6.18146465807974 6.32436027011549
"184" 12.7073328878342 12.3977648871062 12.290546514275 12.345951628084 12.3661197688444 12.6101491634098 12.5374779647739 12.8492947832561 12.6379482883736 12.4952792809684 12.5172173347289 12.7800159048604 12.4647979351498 12.5416845943681 12.5993136169473 12.4626287675727 12.3045754225213 12.5270235766012 12.6496589535384 12.7138894543608 12.8562200092009 13.0857765570854 12.7141878655101 12.6614686137952 12.2130718755873 12.2335842326538 12.5443612308609 12.9514325770621 12.2862315656003 12.5028657333399 12.3553934408282 12.7081026417736 12.4022397338391 12.2436764684083 12.3325912776636 12.0204435209993 12.403729972281 12.3483532531641 12.8946236357275 12.3051647809059 12.4509781073225 12.7603481290595 12.4794617011173 12.8977276240172 12.679614120871
"185" 6.48211640729345 6.51762046951589 6.3805046021936 6.19309931893285 6.36832449348355 6.35623465910722 6.15202091185732 6.15509428766761 6.18903980286492 6.21643860226971 6.19682375296283 6.34956094669476 6.44126887360802 6.57698124492621 6.17960073179289 6.32624126401048 6.06926939343167 6.42617710627526 6.3267464478182 6.34144042494626 6.28049808512339 6.37966617509041 6.3842143879504 6.44207176930769 6.19757215875625 6.2251212854093 6.2911548805533 6.51151735637931 6.47658042967654 6.27258971348854 6.40090784754415 6.37386077892325 6.32671397344011 6.17317469152058 6.46352975162608 6.28218001797091 6.30847155100895 6.41923915427923 6.10571386306515 6.37339788964913 6.35998417263024 6.11917827576988 6.54958879793965 6.47587196248925 6.38606124807232
"186" 8.44962763829362 8.77335299641002 9.3680598081238 9.05894774033376 8.6975528337994 8.42208301404118 8.80842372925186 8.97161510656196 8.6324405275534 8.72967096279426 8.39461412872351 8.78299844570407 8.47023366926623 8.52949803014417 8.88308318188689 8.0845865737742 8.42005902343575 8.2651132296657 8.56137575348069 7.70818338106393 8.12397935208709 8.20280346615671 8.21341350572757 7.98794702815788 7.90026752911206 8.30072339793511 8.29539008242578 8.10507199799985 7.97981937761309 7.81283664910722 8.54923131177913 8.07544553424662 8.13165989801321 8.27549870947036 8.11102493192837 7.74806172446825 7.91875261409358 8.47960493519252 8.0419399396895 7.72172402386836 8.18230405924817 8.13062784774792 7.96354498430623 8.07854642858043 8.2999500720235
"187" 9.89097250187602 10.1078725189839 9.96823395668297 9.86150179285544 10.091177533939 9.39505963742138 10.069199443913 10.4403846639705 9.79377882706722 10.3588815050175 10.1987033459892 9.98430252512929 9.99435569608907 9.96075340564828 9.91763338346536 9.50426864331507 9.90157841250015 10.1298139586674 9.99807406224067 9.91145798252295 9.76870598297909 10.0952902241195 9.59074277022733 9.85330153768778 9.22237320990113 9.31036734669702 9.98771639770472 9.75327134136369 9.70989263048601 9.8616229289312 9.75720283570604 10.3615252152738 9.99781171268414 10.0179986007825 9.91931449879197 9.60451519692241 9.78852519601007 9.65944468388114 10.3558755332347 9.6618427011944 9.95293975224951 9.83132289896213 9.72837962044777 10.3244347400849 9.98591064294396
"188" 6.25913128090747 5.85957559208066 6.03335975004587 5.72538202893256 5.87083856010433 5.97959267351685 5.94497320544027 5.8600320641666 5.99914985372103 6.04038639338345 5.82024981492229 6.14536205304488 5.80651843745224 5.89558311191684 5.73889046788706 6.08339200476176 6.01631081429052 5.98871746174525 6.12850663130622 6.03230587748007 6.06597153490571 5.78251959183281 6.12165495940565 5.87169171184083 5.94882825162549 5.81054656382519 6.03648412118471 6.00702616176803 5.98875920788999 5.93250517037939 5.95703285979941 6.02155044520091 5.99676616295235 5.9538343941769 5.9173223798382 5.97229844642767 5.81451253075053 5.82102066427838 6.04983901953228 6.06698254733929 6.05895368760087 5.9592226811506 5.85657201286904 6.0086072135721 5.89732673875351
"189" 6.12542459518473 6.02213356171614 6.03996313554689 6.1509132504168 6.22122828689513 5.99271687100876 5.88173919844388 6.1098824055485 5.74908688965674 6.05715012536104 6.14232887522162 5.9752659864228 6.19603934383933 6.2729612796257 6.05670727005612 5.91372844862436 5.87468821106342 6.18065157157055 6.05811607854983 5.99666811989636 5.97982269714538 6.00191996702335 6.03804852580742 5.76540431445769 6.06510993837206 6.08386218817312 6.15093299342561 6.01091685453649 6.11002091785672 6.00820819671768 5.87341561133517 5.90060788295328 6.08403529101284 6.06283735929618 6.24401956641319 5.94701257692182 6.0705853929138 6.34646029554069 6.06741589127407 6.10451896795585 6.29445087056246 6.00993281509406 6.29596297351755 6.10673441252341 5.97917118873046
"190" 7.94114359434157 7.02711874959019 7.66464399170246 7.78897670681175 7.21812344066294 7.61883490971974 8.37784765150226 8.3111680413167 7.68954941637242 7.9263841976972 7.89724880740206 7.72053465356713 7.59540555850985 7.65832250946634 7.95795140868121 7.4109379606745 7.32326124646836 7.88907128082417 7.77171447543967 7.63260337753196 8.20800980364295 8.26890977972044 7.79628133354001 8.0281131793611 7.71142666750983 7.66263946708633 8.20346674413518 7.89988637706846 8.2286564770294 8.28310865919268 8.16125072481464 8.57202484340117 8.01194469657587 8.473816019453 8.01946278701596 7.68858749954742 8.15974853510512 7.98483380008377 8.9348099463537 7.9784326978293 8.14811988130076 8.21372464456168 7.84505862715659 8.27360897450538 7.89942987572942
"191" 6.27131411142339 6.05660737695489 5.74327320069198 5.92484883580508 5.93893201998499 5.9598791964005 6.05253932465159 6.16771103026462 6.22418064555689 6.04782514974028 6.26219924224246 6.09788184578052 5.99952898172462 6.04581846788085 5.80076990536485 6.06861939754864 6.0254003051949 5.98761926536958 5.9552824076201 6.13212728470441 6.10296365644033 6.24674773721892 6.08751723132549 6.20378971761705 5.99259024270067 6.30987236353241 6.13031100516767 6.15022734867893 6.0732376501867 5.9707347837692 5.99142249629359 6.19780654815536 6.02832765870172 6.09624883120002 6.05376474065981 6.12058760904807 6.02365768071917 6.03245940003814 6.16540457637399 6.25012366686218 6.36346879913471 6.21291673742197 6.08306281630848 6.31076304034916 6.10552652075217
"192" 5.97379201091621 5.91816397854121 6.18993097357547 6.06438937500358 5.84143059633419 5.9888362970228 5.89368491874004 5.96618955750554 6.11426309090234 6.10637558584694 6.0117179998739 6.04650305551451 6.07965425641004 5.82047956237766 6.03218518671654 5.91555961814077 6.08931587701603 5.97772114676805 6.02069370960889 5.83499172794754 6.09998676192368 5.91660066443006 6.09727095984937 5.93658054625524 5.74358256166341 5.9974829270654 5.94872046922315 5.96557870885218 6.02069905981361 6.10742957631471 6.23739756933156 6.16173995509484 6.22259410545943 6.17727715165862 5.90627083961151 6.085572735223 6.13428943282802 5.94876343749374 6.10044402728971 6.00983870674633 5.9859513293821 5.87908943445769 6.14576443252205 5.93661687326374 6.12836373507005
"193" 10.3340250425339 10.0820316040245 9.62687755106711 9.7777532922323 9.88600664568007 9.88264936695663 10.3554243438099 10.1475240457644 10.015423880627 10.0664856169484 10.3666163126214 10.3627928881702 9.94328243656932 10.2040156556673 9.91682061147856 9.61232574265515 9.97999543259059 10.313194565513 10.1609399760933 10.173032638689 10.1629799390884 10.3255348545424 9.98657552628487 10.1685967922453 9.69944499952047 9.66395496776456 10.3926682333481 9.68677845410386 9.8171799206186 10.4516739278392 9.99862840570059 10.8945439546325 9.94446209572115 10.2691082818965 9.9400086033323 9.76246901941816 9.94534143949237 10.1146519993005 10.7927729743428 10.096484160784 10.1586076425607 10.3872760645177 9.77422648773592 10.5671618113891 10.0506112052653
"194" 5.90306695877201 6.18979558771333 6.03191586809737 6.14501559610634 6.2769651756492 6.270723176881 6.04354890272906 6.15091076556439 6.33591283220902 6.21101958849083 5.99427674888962 6.25075420802584 6.25176307621542 6.35778496220843 6.31666726479041 6.08712108970136 6.1100492116817 5.95345235599892 6.35940630641111 6.33476009003309 6.10782791023753 6.10718441579023 6.21811416962845 6.26654951671351 5.83815832820734 6.11294844468409 6.10916634752686 6.27732825911897 6.13701239998626 6.05197534556277 6.0666794604548 6.26510483933335 6.01911606403725 6.32928832853316 6.17888780584976 6.22956197602045 6.44548845827301 6.46584495893453 5.9981241317048 6.19734904049667 6.16490000591801 6.30129418123643 6.02915827258269 6.177848748992 6.30589956522525
"195" 7.80618566716305 6.57907365424604 6.38891390638662 6.59958049227726 7.18566767025242 6.49551176209274 7.45617017008686 6.17098715864341 7.26031931639664 6.58753347010646 7.04355355016256 7.81928210392326 7.20940882389978 6.83287365478438 6.82149628934918 6.36778665057018 6.57026986271118 6.39646809340165 6.66168606546731 7.14788098429036 7.90133500236228 7.00446851201612 6.76542667129464 6.91686468681899 6.53660529023028 6.97527667445002 6.76055520891173 6.44622791466357 6.96945269081357 6.75982748285899 6.91460930327081 6.84488032372133 6.57311344525532 6.44286820350223 6.96175989213364 6.62933691974126 6.55754904415673 6.41541315990881 6.88609191039861 7.38765706222252 6.76817633100496 6.97980740950588 6.43743285011213 6.8323446325584 6.49928063143933
"196" 9.45626352790202 9.51787343948307 9.29415210522258 9.59938307252258 9.58539132834842 9.50597814642381 9.71786656731405 9.66663380563543 9.40788196846231 9.74862804763961 9.34214038251051 9.65847206786581 9.75529344272712 9.287790443714 9.46522292500829 9.67734617768985 9.52170963511225 9.42001745964197 9.50036090202991 9.55469364222109 9.71683186168717 9.72886329927206 9.63198633867128 9.60302368232844 9.354535491643 9.41033422745529 9.25969391120358 9.37105950184678 9.34805117272971 9.31332496427693 9.20865551931057 9.43254000330655 9.15145499736303 9.87177041112302 9.5629293773605 9.18456547882307 9.38808052261667 9.38603454079511 9.64910725211988 9.52103660293498 9.51657392747274 9.48962905334564 9.50160424436698 9.66162655183486 9.43045146551811
"197" 7.35279552863766 6.87443038925805 7.25460336980103 7.08067611679009 7.41301639988156 7.47878871506745 7.6598551642149 7.33695963540462 7.25138229633189 6.95570939757335 7.25258782409636 7.58798828578014 7.41273268445706 7.04835814319457 7.27024285484024 7.1659927484087 7.21772085837209 6.99356166117728 7.3298595243062 7.72532249462105 7.99373914161857 7.93346745761058 7.50222520076514 7.43729031001872 7.56947123450327 7.1852672364606 7.61380940338052 7.36613839619844 7.42009073973073 7.41446449295236 7.27906257733133 7.57275774660855 7.31619732631304 7.52553039499788 7.13433749465098 7.1573400938358 7.48329499907006 7.54202126982907 7.78378035061572 7.38773845250789 7.45536317634724 7.94640459691679 7.45452721053621 7.6669552492488 7.63314544472648
"198" 9.39307414216416 9.63499082046794 9.62412588958661 9.51464508400364 9.70025556749778 9.07503126999058 9.54416539261186 10.2007248802304 9.80248724628422 9.6883180670321 9.78115767199295 10.0524198198806 10.0030393915965 9.6698209075095 9.49903068085955 9.27089573957772 9.38386412037456 9.77334977156204 9.50287922963594 9.10625784196274 9.19610525073703 9.60986954944457 9.11097497610217 8.91303099394072 9.29673605909588 9.05561965269838 9.29009002503006 9.53179436179849 9.08460375389021 9.00852280720561 9.03448670672407 9.89903476051393 9.15939981372517 9.63900188350911 9.41709635686048 8.90411040923125 9.56207392448253 9.38304298236632 10.0335260126174 9.30014084214547 9.25611659085274 9.66953258904286 9.35831256458241 9.73946890922008 9.41353638585059
"199" 6.41486429866455 6.34624976274463 6.14889559333297 6.30732986769773 6.39495047840626 6.46941327731618 6.53757714705476 6.488373584778 6.3615039048311 6.18439273842705 6.19355766920478 6.51300930249983 6.00042809433301 6.34776773152516 6.37916487874524 6.33921082016856 6.37201285861014 6.12206653399871 6.36659256513942 6.38309288065981 6.2691130192187 6.41420744787098 6.30473259575135 6.22685662861379 6.29487284535007 6.53477861991271 6.25269006498502 6.3142364861059 6.25389368020833 6.17955794666444 6.40894000324761 6.39858467697012 6.37194567311334 6.25420623220201 6.34153917862661 6.12234032927196 6.44769995088326 6.32355348228912 6.47825409106063 6.29236398922283 6.37450459866073 6.47235675308316 6.30919766073901 6.20144628538268 6.40979663427234
"200" 6.0717933032632 5.89379280957332 6.19477320966213 6.03094925953539 6.10157225689836 6.00686962388984 5.95446057356681 5.9749960115303 6.05429667115269 5.96812954853975 5.87414141538283 6.01085215126079 5.86065572214608 6.04880771519938 6.01067359329548 6.09304435674463 5.9598817551526 5.8949862693661 5.9396271056727 5.95929611776897 5.96417317522254 5.91952544914159 5.88537283353575 5.937734209738 6.03806202332506 6.01043590840161 5.93325349366977 5.720097190295 6.02835123466255 6.21637512616421 6.08775118672846 6.04118721542967 5.87380407945331 6.01080269642649 6.01661219673501 5.93717596168257 5.83868623059213 6.14602852925844 5.82641290526442 6.26270474898351 5.77290002362954 5.96425960932718 5.71634147138858 5.96163163986366 5.93006220862705
"201" 5.88254253828647 5.91305650187618 5.88722235925523 5.88440755814149 5.90896480803055 5.7862489828376 6.19997575539865 6.09505288727942 5.90248756905162 6.02504732431733 6.04598233649982 6.0858075110996 6.05072924562583 5.93098796824864 5.78979877454146 5.79458601798941 5.89342253704163 6.05821358761539 6.23432918523703 5.96985275075402 5.80903997938809 6.12779941940872 6.01465986691928 5.97498780129694 5.85199085834942 5.87440749425599 5.88266873366021 6.07887514012419 5.68018781494116 5.85643340537527 5.85284315107434 5.76948939844837 5.68402513571947 5.83641972274076 6.0062708751639 6.02462677399747 5.92256040846566 5.81375427850887 6.09753678180101 6.13900056442851 5.91970070493972 5.87779906206748 5.7334431617026 5.89689252289652 6.12831734223643
"202" 8.68203863140909 8.94605641950616 8.49620144207969 8.69592825627302 8.69482722328689 8.51932720178965 8.39192780197294 8.69465943972032 8.89359435043389 8.74139302518239 8.52590645145872 9.03829352126864 8.69394109810949 9.14860382205871 8.90210369248632 8.59178252045107 8.88872936921451 8.59373186037293 8.81010454286055 8.52705399973312 8.74374152611928 8.50138295392606 8.73275879308014 8.65214927722434 8.2884770726442 8.28976838006918 8.43107035522276 8.4572757491726 8.48390751486888 8.29851574334627 8.47720755371601 7.93425547308072 8.32213705284814 8.2191280473053 8.30518874261882 7.98696309211158 7.89004358351245 8.31363095273077 8.26046729200089 8.43616499350761 8.15627453650047 8.35911572673797 8.41022425828913 8.37496744920956 8.62212396402332
"203" 6.04248957636483 5.96798217263269 6.08195109684897 5.93045996703615 6.12982134787313 5.98448890087823 6.05691999467424 5.95409097640183 5.93244751949163 6.13324388080338 5.92784526703605 6.31314685997111 6.05090859979963 6.08773358038233 5.99197104230932 6.07816689346824 6.1712100997951 6.09931550723038 5.9334353153727 5.92913858436163 5.95185864589469 5.99647230838011 6.03397308195339 5.88021822526364 6.25931235269604 6.20323138968058 6.02977881757423 6.21922583897681 5.79390685813869 6.17592993727531 6.09423551973359 5.80891937367538 6.24584718408441 6.14357894557063 6.0566125055236 5.94495855856124 6.01255695775458 5.96905141706631 6.01969744481904 6.09944717511387 5.95374968514563 5.9013922674489 6.25149850592679 5.74603084290385 6.20891279004921
"204" 5.83550231392469 5.75725524567591 6.1294143259178 5.74463340048163 5.78964878026347 5.94945660715226 6.08660673894938 6.04587448879989 5.81769013033212 5.98154226645343 5.9390928326123 5.89574883502444 5.96496985675467 5.95600784242551 6.27900904629956 6.19134458732839 5.77149386938543 5.83509219018719 6.15531983352189 6.04842110116166 5.96209957731288 5.87410190678987 5.88800208512614 5.85274596147658 5.88689925780844 5.76949172612809 5.85335522816437 5.99886322299161 5.75944169574544 5.87415110087084 5.93743225738393 5.96647302140538 5.96063931654834 5.93386626647986 5.87277147487247 5.79845437000465 5.80012991659116 6.09804187062275 5.98925174898002 5.78619532496133 5.70258336039167 5.96450375193695 5.73192785989078 5.89333815834711 5.8980183399361
"205" 6.25278322104645 6.15758288377901 6.35745601841248 6.25391684073847 6.23079159715395 6.32286605904157 6.11241633512267 6.30248265964482 6.18742269161706 6.1872117019308 6.08137780792352 6.16474941567389 6.05083767644941 6.1294183976458 6.30556514165355 5.95272632474637 6.14347821777854 6.2202742967686 6.20547935148213 6.37091774771709 6.26517610433808 6.22619176687806 6.19578632342342 6.26750350197363 6.30876869481623 6.33301878592709 6.14827595717642 6.43600622954858 6.17128675765596 6.47874986560474 6.20859500534343 6.09075851125067 6.26037734886049 6.17227335731454 6.20235236181007 6.18911439894952 6.08653835556481 6.14078670469942 6.43010273745903 6.26757250834059 6.38258386693038 6.37075172403529 6.2990557348724 6.11485064791846 6.06529763898092
"206" 9.89546404038521 9.17934171690847 8.85285938864802 9.42756209234935 9.20886411025354 9.49545034270834 9.88937108883872 9.56397593950229 9.03606968297403 9.51573030371813 9.45880415792918 9.69727238473708 9.17065741216556 9.23910251204621 9.56405902436294 8.83367389428719 9.21481436819178 9.20617353973643 9.41426472087987 9.45316476057466 9.49739127740447 9.63272538697548 9.1226024150714 9.28179091671654 8.70042042323164 9.21003679466117 9.385064996929 9.19211424530525 9.57416590890078 9.41998504277931 9.90277904909497 10.0098593076707 9.26591761215553 9.58830534253144 9.10625019764159 9.09347054768346 8.98472850876724 9.26288272669408 10.1162293541004 9.12074219419014 9.42164048287709 9.57614691335753 9.24818048507836 9.97777884836877 9.69685628388169
"207" 6.24513288219401 6.52204916908318 6.30454949095953 6.34399266859101 6.23693470881011 6.31904151814926 6.19231807908649 6.53005412499478 6.22971892917168 6.21213867547235 6.17221076921782 6.43849060507253 6.42121286260196 6.29960411447951 6.14072082698511 6.36127413064639 6.04219419823452 6.3482832404225 6.19288578198502 6.3400124207427 6.33352766648169 6.10764323190385 6.37381299454747 6.13200801556795 6.15246349986008 6.27482251239879 6.22547945185963 6.07640517137983 6.12931234535836 6.32436408687723 6.30698020187456 6.20604977785671 6.3172381645294 6.46998620594548 6.34957700569073 6.40048510559778 6.28015002236906 6.16263685698249 6.32495829061837 6.25948833517457 6.12776637715293 6.2038058040583 6.11449625419437 6.38612772518751 6.27793832166835
"208" 5.77064123923676 5.95122579626002 6.14198904749011 5.84410316175241 6.24151345310173 5.97764090843788 5.79250348937504 6.14283940959286 6.0836098966872 5.82460273041368 5.9641197907882 5.92933780693037 5.8978368477076 5.9447078762473 6.00262557366649 5.78917086021043 6.05845702037901 6.00337634942664 6.01716491941686 5.98559859261028 6.20727750269028 6.06525259707716 6.1666319554466 5.86885908677418 6.01669117797108 6.05775022858356 5.96879878923859 5.88489335613751 5.91691981410469 6.00211277795818 6.06403884527501 5.77254232575173 5.97412956775212 5.78277405725328 5.81912744195341 5.87892143398436 5.73085443973018 5.98013356520049 5.76092909195117 6.00924018405379 6.24937366573515 5.81509819035333 5.9724810170488 5.95850429725934 5.95314149470173
"209" 8.65424876699116 8.13880432842705 8.12083860694962 8.24015524696682 8.75051886658941 8.26162373669645 9.19764832664031 8.48432620486297 8.21089874169527 8.40843408901188 8.28233229403588 8.44373346670688 8.02598726639354 8.14702591960462 8.38016588103443 8.12384766563805 8.13184103592408 8.28326808008254 8.27164329328745 8.5016092898646 8.81773301595942 8.89590690069033 8.65251035222197 8.81384944038202 8.43444601454341 8.25087527257455 8.74599727416878 8.74565405686038 8.67383428191 8.6259170514101 8.63387070098053 8.75702537338842 8.46908872120436 8.66974085122793 8.57443675801241 8.40347304582102 8.29949726398619 8.67778730587782 8.88927839242657 8.33790845052142 8.60553560064077 8.87032959668988 8.52369792546021 8.74105778616529 8.52906178968597
"210" 6.21427858104154 6.11135259212406 7.08458050422357 6.29749186833375 6.12111697858483 6.6735191316205 5.98149369559461 5.92787619406801 5.84855263838814 6.28974161566507 6.1019949796202 5.94687699634045 6.16782861994062 5.94784547658739 5.9914919981987 6.04928271234879 5.86824575064085 6.01710163741696 6.26261871467484 6.21234057644044 6.23730952323309 5.92437763455883 6.00496576492431 5.93025205078083 6.09456657768963 6.13603450193903 6.20736951988356 6.11298364579428 5.97380459011257 5.83325338239134 5.98987333285255 6.06896129053124 5.9637632938446 6.0002281101591 6.14519559447349 6.09352580111402 6.17473966028126 6.15815415164042 6.0499400700679 6.24708031252971 6.17735343132584 6.08392511860681 6.03898493989061 6.01861572468954 6.0488804688564
"211" 7.65975343799964 7.73672909491088 7.60637193463906 7.43394531435822 7.56673994186465 7.71001965982183 7.71249415157002 7.51157049361095 7.76000349610585 7.51815841841144 7.71445099902704 7.50964109611839 7.6377812626203 7.46224128355407 7.58045055404007 7.745246415533 7.651117840805 7.66904078623339 7.9957311968146 7.46154889387031 7.60454640310035 7.52841693814853 7.70890389944866 7.59279232594761 7.52960776528141 7.44814820258217 7.37890392333092 7.71000851484246 7.45821107573427 7.40959638518766 7.44479130472955 7.5571694146521 7.38027218629769 7.32779790551661 7.67164395481316 7.24891285421673 7.33311587373011 7.57904839056072 7.63266941203388 7.18453763947007 7.47759856394898 7.54406703995028 7.33492176572601 7.57297173233069 7.52551238527766
"212" 9.08864656031103 9.3205971339487 8.89082511978581 9.05408148336455 9.89649406132683 9.23657367770662 8.90829101963508 9.5909536761825 9.4358866406075 9.2913357914559 9.20823301546262 9.35629116378351 9.57986985042013 9.37546877079249 9.44131734544676 9.37070196737841 9.45029882561646 9.18054290217698 9.42238470051678 9.11174407981587 9.31398891723505 9.23110405421264 8.84975424600451 8.71329836235092 9.02614352194729 9.16533623653737 8.77278386083039 9.03940472752915 8.71374237750146 8.87052112323815 8.67251579424175 8.93310909810375 8.75551851548081 9.23419618713207 8.6933185040734 8.68239219974256 8.70357555878969 9.17022120359987 8.94446457056033 8.81680942462863 8.95550103977549 9.08186751936083 8.72908975362115 9.06009794566732 9.36309853275912
"213" 6.18571165488729 6.12962893807616 6.05505213218642 6.20543341987687 6.17964023131162 6.04068310097523 6.0554225670815 6.06206502737198 6.04048399106812 5.89986467551493 6.13939938903292 6.00955334744597 6.33744360521371 6.25970226583176 6.17583548403671 6.10606677979456 5.94427968276002 6.12590614044157 6.21374237006065 6.23552433429351 5.98953945854012 5.843966075607 6.24416046763761 6.02484687642303 6.27717482639966 6.14564138504666 6.04038829740926 6.19887888460992 5.91298695207773 5.96367752442254 6.13534195717738 5.92470181020846 6.23320119310916 6.2050572682815 6.22630408520086 6.05741652812645 6.08191439540369 6.17603097943646 6.12991446169441 6.13247420586653 6.23620493204801 6.1369539147177 6.32667676990803 6.11281622442087 5.89741424440742
"214" 6.82517309285811 6.22923670548488 5.76815997699769 7.49282772758683 6.70985868980668 6.38741104079271 7.26789237872912 7.6236898509273 7.66976333662598 7.65412133198084 6.56737311722735 7.06104878158218 6.65087896372312 7.14927377900626 6.95229392582062 7.03512777907029 6.57633839258344 6.76100600642058 7.01154423759406 6.90535548330208 6.70676830842621 7.16736671425815 7.04466741039126 7.00388289277329 6.75263174541899 6.48427912326656 7.22494565462672 6.31195822490045 6.94238859676298 6.91833654225703 8.43109679672826 7.30827883167445 6.61941861882125 6.67314258512502 7.1732406557006 6.95339280422409 7.05870899753337 6.7500705018239 6.59703787999874 6.87367232371845 7.26414947707498 7.07477832410679 6.80274714681919 6.74416784232516 7.43725847479302
"215" 5.98000332463432 5.86150693217136 5.78780901071286 5.65640226444813 5.88988215291076 5.6640114231849 5.87618799930571 5.85711159688316 5.9236896626882 5.73074850830653 5.67486122047766 5.639338882547 5.8496124605748 5.82519139004748 5.7402151874744 5.72938336425455 5.69683449017687 6.17685929984783 5.80362092899697 5.75753179860971 5.7478849269753 5.76338828664698 5.7448401136199 5.65490272802644 5.84669146484274 5.85611094486431 5.82909523572993 5.8545516306236 5.77262119762709 6.05311733386016 5.91131065577156 5.89535640152338 5.87554222395135 5.86942226234094 5.81844197979242 5.77053205178755 5.87637707786378 5.89734597461209 5.66710193194409 5.76120701030541 6.07380832164277 5.79827956003174 5.87304813640864 5.65962090695762 6.00409792931873
"216" 7.96886504625085 8.10432642334571 8.09398922281072 7.62722164905377 7.86012230052905 7.724336029136 8.10135481119619 8.2002060768647 7.85294282378467 7.54198169303413 7.88059240413676 7.82979187979611 7.55779613446886 7.76088288939161 7.80738358258237 7.72478063938115 7.67419300748443 7.56213713698396 7.75953667350529 7.50679238570311 7.41633012824454 7.52534820667936 7.8745603064229 7.58589332726114 7.56774853546096 7.77012978818042 7.63360906394824 8.05983605865699 7.47030247370459 7.37338401083935 7.54802619917637 7.74530503747937 7.59612482941612 7.78553631160253 7.64579159836284 7.38054466062616 7.69335549382545 7.42976022068456 7.66566940281233 7.75135544669955 7.47327139391173 7.64410253681817 7.85796570864613 7.73978036991805 7.89536640799535
"217" 8.91322021285344 8.64314659895737 8.70462200617294 8.78045991825317 8.68720542385267 8.87095516847202 9.00564597640926 8.71726862835306 9.00270083972431 8.60817662898517 8.48263001032297 8.43020608102375 8.68448209096731 8.42058568250793 8.72394724062864 8.35222491490515 8.15656533646484 8.32379782673772 8.29719226626077 8.65255710130908 8.87195853252373 8.74040027386857 8.57903696631099 8.55728628039742 8.32007245558754 8.26732863660719 8.49896731749761 8.63609250829659 8.48552440327121 8.5266406121391 8.54519956315877 8.93545697317447 8.84657680289048 8.87419416736051 8.60416436396257 8.5122863246655 8.56080279758625 8.56794670528591 9.43608968711151 8.58357242201565 8.63066990381148 8.60675423996133 8.71452884818079 8.72327000835728 8.68951909491881
"218" 6.08027589943722 6.12702449738422 6.2240556528457 6.00018134879543 6.14215462079024 5.9443677690948 5.89046822290849 6.04375822488521 6.03264253521556 6.00064125299178 6.10492852922567 6.05311356664511 6.07729457971502 5.87713627332231 6.1411833455553 5.91760302254184 6.27894489319313 6.07360793335474 6.34558436761692 6.11645445559392 6.24454341530383 5.9797908451346 5.9275064122353 6.00604554478091 6.1907586563266 6.1687991507938 6.08052830690418 6.1140711920363 6.1461086702212 6.2144830518753 5.85698572546173 5.98894225250344 6.78858849173376 6.02375319965792 6.10898734037509 6.12229360455759 6.03715553395179 6.05573520484229 6.11709691832798 5.93176289436406 6.09572307139795 6.14628268892869 6.12393899442202 6.10758936070502 6.12988500963344
"219" 5.96802474120509 5.73978495855915 6.11866747665275 6.25432487772145 6.1073702267199 5.93930082065579 6.07686653730693 6.06298110599491 5.87758187948382 6.08851645027373 6.19257851564559 5.7924793235703 6.00304784767881 5.8540497656731 5.92888737282471 6.04788657373036 5.99921033997195 6.07398633267646 5.97122174603396 5.89446543344949 6.02583183252897 6.16930301418334 5.93920187964349 5.82826270738556 6.15221862302096 5.99778521078246 5.94022360774399 6.4400137682574 5.83852911680292 6.02980094119286 6.04650105228553 5.85665989409577 6.24799764188669 6.04241542692031 5.88243327632808 6.02447841330576 5.97468405215144 6.02908614901488 5.89869186073026 5.88827344658208 5.90700370682866 6.04896851970136 5.85572436730532 5.95795322736576 6.05923376239877
"220" 8.96518650562973 8.91126368372643 8.97061794124658 8.90803982061547 9.77231889012966 9.49764241807694 10.0631897110816 10.2764836724273 9.20207014102606 9.6253870896647 9.87151121572786 8.98282986550989 9.02012681193066 8.76145434609315 9.10578683495654 9.04376967932936 10.0214062177663 9.04519378419337 10.1487366583462 9.92868212365423 9.69855521342029 10.3270573659099 9.17445986726571 9.07267450040256 9.09727712054872 8.57343773388335 9.28650521920918 9.39217422540796 9.58579891185667 9.15753648625797 9.48711940668064 10.2240613826391 8.97722598063183 9.55282822045317 9.93519037985339 9.42598667550244 9.15598306844742 9.44829504567339 9.50639697183956 9.00641819079629 9.34155246712837 10.1226371216513 9.53160664991138 9.48523070057329 9.73862367391475
"221" 9.08698113264595 9.41966417372343 9.43557239814613 9.36737926449272 9.68539878367094 8.93852144092227 9.36925599946897 9.96225035604041 9.18837458424812 9.20453910634328 9.32466290873167 9.28540583103202 9.50167164520319 8.91090703348022 9.20631848814971 9.36489889110584 9.1240197578799 9.13338902108509 9.64765473926971 8.8430680092981 8.85681583093188 9.09467328584139 9.26686311246122 8.83926013958023 8.55107768863999 8.87078973313277 9.17676613850391 9.10083260554586 8.668561364911 8.89561842176921 9.51809746950717 9.38266748738592 9.05869544190254 9.31101637941564 9.10670736146463 8.71149424094587 9.0915919726316 9.0180023188297 9.41535495962684 8.62532250727389 9.27437293215808 9.21597252061286 9.05274012192361 9.25752977884311 9.48513011233309
"222" 5.82522862246717 5.9255137624115 6.03848824710868 5.87815324828285 6.04343863681845 6.10009815123453 5.94857352429498 6.10040130862042 6.15303173455885 5.99875862214886 6.17063284402928 6.01536967012225 5.94442193410926 5.92097123580334 6.21267417000688 5.92719003799833 6.01955349652545 6.07411229148121 6.01999562386154 5.90586157569165 5.94318153907842 5.9063344105344 6.08212205279399 5.90935409923579 6.06385105351997 6.09177733199245 6.0120550433014 6.04921637434617 6.01756335253371 6.05738408256041 6.24759695938935 6.26526930720791 6.07748646212943 6.00511132971284 6.04370055086404 6.24122725174377 5.92648930091949 6.00426487665494 5.86833644569567 6.03309767768291 6.17321998993868 5.92613336311563 6.04722412304952 6.30554058975591 6.1241777957075
"223" 11.4418843455862 11.2735281793365 10.6048889217398 10.9106940852711 10.5245900158797 11.0094222848849 11.3549603326351 11.1326169593495 10.9140756156603 10.8409293206274 10.7673848845326 11.2337819878941 11.1092426283662 10.7979317609734 10.9550600334995 10.6755520985172 10.8303682999927 11.0405689375051 10.8994368590455 11.0877557532499 10.8375113761534 11.0095389221005 10.3570779043749 10.6700886950215 10.6918815340927 10.7790617583566 10.8565617684024 10.9159895903164 10.736783375428 10.4890137238618 10.8904468336418 10.9181676358635 10.9418970616062 11.0051105993949 10.6814503006065 10.6012380869738 10.7033731482715 11.0949665148798 11.1419001004921 10.3264814742642 10.8587759075351 10.8938458970569 10.8099687825975 11.244183163599 11.0988163349756
"224" 6.22657296707099 5.99746239738443 5.86171566660107 5.94083200281269 6.06463095107837 6.20736032600082 5.92523849183099 6.21325719897848 5.76534206806133 6.01836311243141 5.9279814378636 6.37299280150523 6.13248388786947 6.01336603921799 6.29230020860812 6.19845881386176 6.06110750835893 6.06816586455489 6.08728516353763 6.16961816176715 5.94540497420467 6.34321723252677 5.96951940050091 5.93441875258604 5.8446029389881 5.96191376363919 5.89041488581485 6.06158112874963 6.02842322197355 6.53995088185542 6.18302625696302 5.83709123472426 5.88887536777014 6.02792546964234 5.82997118059517 6.067114714795 6.07270772127261 5.95610782685521 6.07494975493743 5.99473421886092 6.05684542177392 6.12889250258452 5.7954275135374 6.05051851155114 6.09958184880173
"225" 5.93737247404235 6.07550802404643 6.21050371133517 6.22655095237553 6.0345842825544 6.37248800069051 5.96743443364764 6.35792445928151 6.0057981830948 6.07321507558397 6.06030037088669 6.00831375664513 6.22760948274336 6.15252737446266 6.1838383035351 6.30175763224159 6.17146195398618 6.11946357898927 6.00986978726189 6.22759285492515 6.22304165919225 5.98162624633273 5.90756215812431 6.05607498822687 6.22974785613086 6.2572712321146 6.06509807005441 6.14754786162082 6.1526328623889 6.29309659868085 6.29996396451595 6.16428500681739 6.17085884679757 6.24766669170862 6.08925050314834 6.25224474296422 6.2537284958215 6.15772293004688 6.2194809202604 6.21116190708711 6.17165517232468 6.27980765431591 6.07918995251369 6.05738813553531 6.22292982405377
"226" 5.89315372428023 6.04356284894309 6.23763460299628 6.13908096060521 5.97153736782763 6.00384637281789 5.99563754468231 5.87924746462014 5.77112171084028 5.9478087085649 5.98135531770923 5.97669091425171 6.16804254587815 5.88798347748612 5.85584822245373 6.14767604278349 5.82309174750184 5.80435075053125 6.1147208015625 6.09816779849572 5.93019561702611 5.85036571647234 6.04046249897181 5.9630385950327 5.8594732810809 5.86790180860796 6.00244104975497 5.9411116980167 5.91923346475186 5.99506186694275 6.08860168688871 6.02402631708926 6.21379546371217 5.83320726152257 5.82832779620355 5.9156180335382 6.12895653498181 6.08141141233435 5.99535216667948 6.04541144331282 5.79563961388334 6.05900426000706 6.12097513649566 5.84586673697285 5.72162711632415
"227" 5.9358106002797 6.06620721508378 6.05285001976059 5.91965538339622 6.03289989783986 6.03864427280475 5.79235205023606 5.97280902419108 6.20088989189883 6.21878876217494 6.10166271594495 5.95222864128142 5.91043970411475 5.89684983068513 5.99339350459323 5.80027486982547 6.14114095127261 5.9710118296866 5.94789656318466 5.73447238872248 6.23388460294588 5.97612867883268 6.11103501789063 5.94170786631256 5.84275445486909 5.84875581115952 6.22947570155944 6.05149090440617 5.91423361579363 5.99478307088572 5.85650721710945 5.90034032479938 6.10766562633323 6.01629813352176 6.10780415891259 5.90934386950273 6.29563160465788 5.86670512794711 5.88553166565903 6.14018472848287 5.86813589583948 6.03289833614097 6.04054823131595 6.15775687576758 6.04173580282552
"228" 8.24651888375846 7.90985021594514 7.92192242373136 8.1703729709284 8.36582797953636 8.04669704062398 8.49526170964825 8.38847629933215 8.28592569815176 8.29392099004669 8.14733077667631 8.23577550660021 8.0607386197014 8.30961954556057 8.20248655971338 7.8426590184781 8.24320953479366 7.87510474492896 7.93659058270929 8.41887296441568 8.18346255036598 8.33393763434285 8.06870427789923 7.99768827600009 7.91985323462044 7.59087265482564 8.5163268816919 7.85058434849972 8.09580350338611 8.05125223272713 8.20434686805072 8.47716943341492 7.83804967935115 8.32780635120522 8.01352013175032 7.63877310990424 8.07937192786406 7.65376891803633 8.66998435183893 7.94008829883476 8.303285658858 8.30011617256775 7.83482927994249 8.36689463013787 8.57022940944505
"229" 8.9143668898523 8.45226324312908 8.38349085690647 8.67111717082895 8.58811231797246 8.42179166226831 8.67583694103532 8.94625411325229 8.65970340575278 8.89786139747904 8.52850960664153 8.71643580595448 8.63007181287856 8.50776183526452 8.54442664800733 8.63202786364922 8.9137496341353 8.31876189165379 8.86598013968383 8.64071640949131 8.87930787992506 8.64623373690147 8.56124089098307 8.705725215436 8.50339637265803 8.23516383482943 8.77846724458363 8.50457041461643 8.68744053309402 8.51134874311415 8.77038473466643 8.55129859797395 8.45863166191734 8.44842757765733 8.27503628215257 8.43562379614974 8.15576475987874 8.63541927013027 8.44423007456344 8.30079271845299 8.38114322611917 8.58282198954054 8.7991617994728 8.6255522151618 8.64505774543297
"230" 6.00969929910001 5.91428892000622 5.98409424230539 5.73834698808917 6.02678460741227 5.90621563641182 6.03940710892912 5.92833655221722 6.08391686779283 6.05463537939879 5.84597679062802 5.95917800500853 5.99730555380887 5.82439278640779 6.02629499989275 5.80659630183887 5.95532490217741 6.06183880720145 5.85534334628644 5.96526965940102 5.72764922584201 5.75725043837287 6.01903395273454 6.09255021034911 6.2210722193705 5.86533145196519 6.23069349077513 5.73176976314917 6.05036105851899 6.16600880578045 6.12433769065423 5.80759172197247 6.13844845155444 6.29237082708356 6.00801038878496 6.22186291406687 5.9860835108798 5.68222934068274 6.09610528807479 5.89471196220422 5.79699896812103 5.97573086412367 5.97104384401073 6.03782210239194 6.05973522427125
"231" 10.0589718852996 10.4849142645488 10.5753940633068 10.477572092856 10.0994250223259 9.98568373644819 10.5045695256264 10.592606503729 10.5520414956953 10.6899925554057 10.3390175761911 10.5465579938378 10.4068837214061 10.1317628814999 10.5674109941663 10.2017417186134 10.2201590941671 10.3713501698162 10.5211593090292 10.3672448272079 10.2662293955606 10.4612401168723 10.5986800449254 10.5624730009377 10.2493380494323 9.87753856401058 10.0844691189674 10.408568398682 10.5167421754743 10.4868771566904 10.3034960625566 10.7137916251346 10.1734981271734 10.3917064007042 10.7853077579213 10.4654622804242 11.0045740186758 10.3261055998175 10.7764373632808 10.0038940090658 10.3919016662315 10.6498927604382 9.94828969540005 10.4797656057467 10.3776190382877
"232" 5.95254077894386 6.0221802406509 5.87696977475689 6.00052729859557 6.36897396946071 5.99145901230362 5.94287485961033 5.92312528571841 5.97153260500167 6.03429808239589 5.89605394725363 5.88079541835277 5.82543558305025 6.32210859515321 6.03985745483147 6.13796565683538 6.00581776672799 6.01336788984932 6.1834115462649 6.10940682999519 6.40999336408581 6.05320266578161 6.41716757430331 5.78078644483093 5.92397417926884 5.90360929499058 6.35431935693349 5.96565411825338 5.66596352683262 5.92366645661626 6.03987825799379 5.99102263265221 5.92869415444886 5.93266462917847 5.77439496704861 5.71935240822604 6.31654350966469 6.01492329839138 5.97448962227327 5.89209575706902 6.02546490654818 5.99135814222998 5.80923437346746 5.95428597654446 6.17166661160607
"233" 10.9324049726329 11.0164349989913 10.995199190654 11.1109463696835 11.0000422236008 10.792039236241 11.2120238843601 11.0282267024754 10.9838758133083 11.3439555964116 11.0082119304455 10.9257509452183 11.1365879313028 10.6408928345512 10.8477582955013 10.1880724973567 10.852490654604 11.0548254502229 11.0866913969058 10.8922795286607 11.0119923458783 11.3853654900017 10.9103562815656 11.0185598656319 10.821768196158 10.7467251811693 10.7498339302391 10.9049049077843 10.8396983328801 11.1377514731702 11.0152284378232 11.5594848079009 10.9307944719097 11.3292597049255 11.2218981382099 10.958200798036 11.1282281129614 11.0916201637099 11.5732641017328 10.9497812759451 11.2006498123482 11.2419124918284 11.0621064795106 11.5893621515566 11.2192929987367
"234" 11.5198008510676 12.6117683871639 12.192832568663 12.1876711740395 12.5346706335512 10.9564488636841 11.522734527553 11.9172831475956 12.379594736534 12.4850196728936 11.9056006740944 12.4627147098962 12.0895509044519 11.7941313800509 12.0269230129112 10.687551173768 11.4889395214226 11.8799767798487 11.5792559294057 11.4030744584251 11.7504221165148 11.5024332823141 11.4623749508149 11.1859980892516 10.7055733364368 11.053332211583 10.9562509905184 10.7536867404171 11.0121825598149 11.4956320227993 11.3811423019875 11.7513275294308 11.221847868154 11.384040683158 11.7898518832747 11.0824994175302 11.3730743430877 11.1197486585303 12.2010066740764 11.9268311524222 11.1533121369485 11.3476417900584 10.9117859916858 11.7570347871705 11.3620909265362
"235" 7.4147426790497 6.69924993137216 7.31043575627753 7.03027721369592 7.03710300420542 7.09516884209458 7.69826266181496 7.16527855534683 7.15298226261442 7.06774717044984 7.10028063977835 7.20258606349964 6.91637841842136 6.94368463605296 6.93564419084093 7.31502992662735 6.93143110996054 7.19785216038784 7.07199658543327 7.15630618341886 7.54847646709415 7.79536923398195 7.27685525712878 7.15843018722991 6.94685758632341 7.27275170027426 7.45277409029496 7.45496773111849 7.16272543638299 7.05694691080343 7.30745930211526 7.67059582522015 7.27786299114346 7.48038233864861 7.09052343277646 6.87267923531793 7.3298019628826 7.27105345205756 7.65782030003034 7.01895301069181 7.19280073937751 7.43286968651179 7.41318982312844 7.56875426272348 7.3561332405823
"236" 9.19864633663446 8.81057691879511 8.82693881207354 9.08437032304884 9.14960089203106 8.68662003991667 9.26273216289768 9.31850322596036 8.94214640695262 9.01091519382539 9.0229972288493 9.19495724067288 9.17660549579783 8.93869073045503 9.03065768049061 8.99976424111071 9.02134027538439 8.89707794079819 9.10101816964995 9.09271327296486 9.27165267973109 9.08933384235935 9.28377924286554 8.75465923282023 9.13189329574108 8.78184712243936 8.96540974203709 9.14547749835267 8.89494175709026 9.122255873485 9.08408648907495 9.15023681009801 9.10273067414765 9.00615510088531 9.23987561692914 8.64618625000071 8.76003219133244 9.14281168609864 9.36412849898842 9.14917801832902 9.11486221091326 9.08938654148636 8.91453502174059 8.9594897612786 9.28690755006343
"237" 6.35476513478401 6.4533820598484 5.97208176858194 6.06732803141744 5.92748666132266 5.95438592549969 6.04292985550707 6.04426654111076 5.96299934648611 6.066377092333 5.9874549677672 6.0731513619006 5.78580186863004 6.01202116835391 6.25214499030401 5.85618699808992 6.04481129363016 5.90513550156905 5.71174278456253 6.05280316946254 5.66419588008469 5.97788982610199 6.10141181804103 6.01171879491927 6.09170712807996 5.91819637574064 6.140406267181 5.89313913632646 5.94534693344823 6.13512422470632 6.13954415725032 6.30213846305346 6.1077547043643 6.03931858509885 6.17074503206096 6.20028182091435 6.22891871541238 5.87266642284874 6.23783331066523 5.939184550497 5.80035321071024 6.0482819013909 5.94534359452133 5.89936448452532 6.00468776754924
"238" 6.10136334248559 6.33751117903537 6.28069620093416 6.04575859762629 6.04384809061985 6.12765692940144 6.32107734272482 6.0377996702709 5.95922699267781 5.86332989355862 6.27446366395803 6.12959857490477 6.23435318121587 6.32617688953387 6.06603245690363 6.04890263153914 5.975826567487 6.13167062024709 6.06727629644476 6.11442993251698 6.10651886254856 6.31178270483992 6.19965485086626 6.20293243593225 6.42383081719195 6.07246865028809 6.00085356179256 6.11403756440856 5.92755560916824 6.23279278616458 6.1943247132731 6.26709960534671 6.33246989079688 6.04395754111191 6.07200857665619 6.26236745363889 6.19548874399561 6.13747394592639 6.03230773242048 6.24542665142691 6.24362455594374 6.24106353672211 6.1748260843674 6.17314058377809 5.95567006082657
"239" 8.84647351183938 8.82376899687176 8.77876867066875 8.93769280888394 8.6087286703297 8.41392398071002 8.56647978462637 8.99156352966676 8.68083908505362 9.05068884060849 8.78678863306698 8.85210637003777 8.49782620461671 9.05551998360415 8.87130207106863 8.83877258018889 8.66163214937874 8.54047598927609 8.39269485780963 8.45396628618841 8.84525902304715 8.94949156579363 8.50398109242681 8.12748949830875 8.51922567377434 8.52174823469698 8.63099715342073 8.79947817146097 8.52327009822738 8.68660779700521 8.63878113897574 8.73084138703737 8.43952271214457 8.71383691853826 8.20125574263288 8.00298620440955 8.64826820819606 8.50511778184371 8.82809172277854 8.57949083639786 8.29757560943973 8.32519792638282 8.27748777643751 8.67878698974715 8.37838150994674
"240" 6.12276681123711 6.0231384483099 6.4462997043576 6.30573418022855 6.27793299269029 5.86681363965025 5.90269437271686 6.14761481005962 6.08243049848781 6.19094880550049 6.1537830052642 6.12798093330929 6.20166105045013 6.14505089017477 6.252562035221 6.01417612186308 6.02418117623269 6.09940979266223 6.13045760118927 5.95896542714326 6.16230918282919 6.1447541787541 6.18821330408378 6.00195357852443 6.29134667982133 6.19678073126737 6.22277990942974 6.20793132212648 6.4375367716286 6.17454889102048 6.22280379077236 6.12232927072384 6.08079275719106 6.38528819161692 5.95988285239433 6.14462654733485 5.98998666906309 5.92773079302181 5.94422401835713 6.14501921585284 6.13805980730028 6.19892449015269 6.07437195087441 6.17779626997291 6.0095819402482
"241" 5.99974939574014 5.95949308302813 5.81026933508103 6.55671331871418 5.79923897463083 5.95944173984521 5.97712827865312 6.28504508664537 6.71403023739134 5.9371498734121 6.12560902941258 6.16685095341893 6.63367001356493 6.05040107258841 6.62774487349992 5.90319650416625 6.17254314732196 7.07456910432272 7.59409853730533 6.07310096670852 6.02459071935349 6.19403084764765 7.53044229356718 6.83318633732374 6.52056136292418 5.76744886216288 5.83693889756812 6.0681894846956 6.27596975131543 6.06696483145366 5.68763164301174 7.71071193497785 5.73489010575581 6.03200802218078 6.97727430381902 6.07134888165902 6.58571207508953 6.37318088544288 7.22353291719124 6.15022947633092 5.9329170257831 6.24002242367735 5.78266494775642 6.04426808063379 6.95298082904645
"242" 5.84416707868165 5.8678749540413 5.93788504160513 5.99909407630418 6.12321890583515 6.11546435881834 5.96627229250656 5.88166411456201 5.98574194502786 6.01172710267471 5.93022742105157 6.03144390547439 5.65933513248351 5.77740562314389 5.80040405237559 5.84064799439064 6.06596240995092 5.81666580336933 5.87623352154387 6.12897130794858 5.81694937210516 5.80140960133513 6.05077559488397 5.9931508628422 5.8262202372648 5.73371086111866 6.04155222186489 5.90623638066822 5.82586720614092 5.90633520794384 6.09579444186373 5.96811674945588 5.87799384384805 5.84669027679271 5.78710985981179 6.03966164456596 5.91911579024942 5.70771872367017 5.7942991173555 5.72115624374034 5.84970788166647 6.01353567731693 5.9088611150123 5.96227818779233 5.85614279268547
"243" 6.84984323094385 7.0423448260921 6.82846280204726 7.15981769704242 7.51217238957307 6.72227019292047 6.81415048237584 7.38680724937831 6.8380720266651 7.34612153497281 6.66247268107628 7.02469623741534 6.7969577408201 6.91757094666592 6.93095833884253 6.55286178082396 6.81243171588316 7.11368079581525 6.97895096531229 6.721388643572 6.52985590328451 6.71994762309328 6.45258835250553 6.78019074574217 6.52997915574615 6.61980495550053 6.54216987058166 6.48855606847181 6.98825523687724 6.61165360623776 6.69802704797615 6.83297495550394 6.64910700032542 6.8655836277188 6.47718219136026 6.79555714733642 6.6406350517901 6.4390124905293 6.94180925372699 6.86509572398542 6.8858305542895 6.69473133184882 6.86495696525773 6.90481396669542 6.77971768313077
"244" 8.13999680306977 7.35984543071108 7.36255425204811 7.92097411188799 7.46736582845223 7.11779832737309 7.53865466123026 7.22769976324275 7.04123807260296 7.14901167329916 7.63788864019404 7.79628827119375 8.35641056936023 7.28737185153847 7.49124337313994 7.01925104944361 7.49695071271488 7.25791363445867 7.74628935115725 6.72390432455419 6.9324615334788 6.96289452492414 6.79561269454568 7.37881506293079 6.93283058663954 7.27281787880888 7.00011599767273 6.87932635751266 7.61638307617917 7.26082286900023 7.66015255755245 7.13752814050123 8.03997281336684 7.64519006482492 7.26167541683277 7.5832523236933 7.25134410262669 6.92605134836753 7.84442209628171 7.28739261725145 7.50780409469068 7.08142663104594 7.38212516041423 7.13616998934398 6.76469974026182
"245" 6.10101344110334 6.19858661665918 6.38303513793016 6.18020308793442 6.11740950771523 6.05958609221235 5.94006506960139 6.07040483470365 5.87776547860646 6.36633233216891 6.32119333768732 6.26966243968204 6.07397672722353 6.0247077566148 6.14207579149401 5.95972091324444 6.12057476112824 6.17681281559589 5.9721122994454 6.13438718855113 5.67002659113479 6.12854589439446 5.99557358915011 5.9059856966332 6.06587212307815 5.85291444048101 6.05288158271424 6.27524064803911 6.06539580134008 6.07444984205284 6.07526946026809 5.90772180530394 6.10296418272718 6.03157575181319 6.13050596354356 6.13629487002994 6.35392973444974 5.98875230683738 6.09906698902278 6.13694450500377 6.11144788707074 6.07315768117511 6.06762655048753 5.8164122861411 5.99915795925127
"246" 7.1271291454806 7.39886641666253 7.22448168688599 6.97658440759251 7.08007384192001 7.36868435708473 7.39584933346929 7.35925281286888 7.03605016139013 7.27530966739616 7.36540528801802 7.17352320674626 7.54506029418476 7.3509048537544 7.18977319371451 7.60265358176337 7.1909959054981 7.11565318531538 7.42978229718834 7.35475860158563 7.16477575245344 7.3837045897622 7.17015804558965 7.16812844703965 7.1723517646475 7.32384747183297 6.95215757793798 7.16916949839768 7.09139073290757 7.22294116899473 7.08198795899066 7.3446003141378 6.99707824950978 7.22767710779144 7.31789189986744 6.88900414215177 6.93498599614154 6.77048845464187 7.3046801569244 7.03151677708815 7.36429170635987 7.55924040578103 7.01754348089867 7.5714004943791 7.51259948052815
"247" 6.43009082606424 6.65115991409104 6.53996139596982 6.44395398642573 6.50353058124137 6.70888831865077 6.74124858161795 6.55898044946097 6.63164694673882 6.45006001100947 6.68048851159889 6.59326468775375 6.5189676348128 6.73627403987875 6.68019295173089 6.4672330540592 6.48056720411028 6.7263553214025 6.46266416361589 6.50590987945005 6.54895168033538 6.37336669415229 6.29769909292574 6.4977797208858 6.47374901720977 6.47628609838256 6.33244796187414 6.56366447708836 6.30179961686507 6.38926922643814 6.56496451936212 6.64593753385363 6.34192772960747 6.48117487765102 6.65330052889906 6.19762385275145 6.43547996644259 6.29693119124487 6.50710925747985 6.60007105557241 6.69370974696077 6.79357121892536 6.62657021394823 6.64830769751646 6.90965749577658
"248" 8.94979971297789 8.45324349481709 8.75946503273492 8.79344501324111 8.79098542731717 8.34278430365171 8.81262945850708 9.34531635728606 8.50008303211559 8.90613560367542 8.7632245493942 8.66975909319769 8.73250598188577 8.70584451896463 8.88533703129085 8.74426523294837 8.5512121436722 8.40505828639043 9.14037500588952 8.82937903905422 8.88392976562498 8.87617585244597 8.6034334521772 8.55163028769608 8.29219132037305 8.31748831298322 8.96095065107684 8.82278276807347 8.43359664224776 8.7939468378548 8.42438693008799 9.05634248387083 8.75121781237057 8.98526516874828 8.69346380730051 8.39803362013137 8.7607147198681 8.65493627845822 9.09422141180049 8.56676877605132 8.55952688230705 8.84629697016343 8.77760221487832 9.0857107495369 9.14046848651129
"249" 5.98010589526467 6.02420843544638 6.23115381964184 6.29501344959254 6.08578399077529 5.97259145902951 6.05770593042963 6.15689767764702 6.06221399323226 6.01712797415934 6.05939070103895 6.18150878096922 6.32245472484176 6.18685580020116 5.9783000021415 6.16694872294234 6.08514316057669 6.06146603444356 6.19516129180256 6.08221131314747 6.06654195661953 5.94734682041595 6.04169860731814 5.9598621391885 6.06017357803178 6.01759413085708 5.86590356849286 6.12493412932755 6.18132365374465 5.94944036983373 5.97442285263507 6.03492740683664 5.96254739148156 5.90331186626532 5.88033972717735 6.18430624660314 6.20729462534017 6.05418233648775 6.1349873300545 6.19408899883142 5.97134573202907 5.94093025203051 6.16953022069794 6.04934808166909 5.77695811005803
"250" 11.6504122218804 11.339178471901 10.8865653176272 11.8815589104529 11.6613585043191 11.3056195934464 12.1761599803924 11.7082698695864 11.8692893488452 11.8316484614043 11.811429522109 11.9611802560701 11.7751167693932 11.5424739757696 11.3472680160936 11.5007780647625 11.6319315623759 11.7381407394742 11.3402048911876 11.3241319310919 11.6038068926094 11.3420157753227 11.2564271811625 11.0735838854817 10.9252490400947 10.8501135431714 12.0084452604621 10.9719649226675 11.2852429661909 11.1704895124812 11.2169758160658 12.1401250430679 11.3051765478941 11.6948189664874 11.1280909123889 11.662094958125 11.5441766956598 11.4355790489845 12.0673895750178 11.5846562434395 11.5798152473887 11.664067200524 11.6719774907655 11.7635243725949 11.8381187157943
"251" 5.95749812248179 5.84070078872122 6.03662849500445 5.9514114671922 6.11853789780379 5.91661706539098 6.03907172415921 6.14804112169254 5.90272574052813 6.11730727224328 6.31341969506738 6.01635466951883 6.23858672096345 6.0692837284548 6.11825651489092 6.1313223504596 6.04762003242868 6.18921733889932 6.04709695673465 6.20226136000469 6.10093673698686 6.11203251027812 6.37813996729243 6.17188116520637 6.20763247781744 6.12774278989777 6.21461875845807 5.85171361393974 6.19438599062821 6.19296755879344 6.1838572636389 6.13915032386474 6.10279791876444 6.28414496512696 6.20977942724866 6.09268894679726 6.24097908522692 6.15156278748601 6.27105069301953 6.24152823022449 5.8615772935461 6.18692027091843 6.1917588222947 6.06562136414648 5.92837367091802
"252" 8.49913241798043 8.88692116225287 8.94851189442353 8.99652860383029 8.85076590397562 8.34499505836697 9.01658133626366 9.00849655014824 8.93876143259057 8.95674167867201 8.96935315902187 9.00363327560505 8.936173888795 8.51753504249269 8.71339746553696 8.15783159977405 8.54118361497231 9.20756948013814 8.89888398250599 8.94680457354593 8.92772899897134 9.32234533295685 8.81240320465735 8.86576463551342 8.71012891724046 8.49886960808942 8.3763944280933 8.88297923865883 8.90964194194746 9.27181322449673 8.49674052692284 9.55613396356214 8.64349667193684 9.09896579535549 9.6549164735995 8.83555794571126 9.36571730891804 8.73215711609176 9.47226677718347 8.78408389951467 8.8031375103387 9.27240009539744 8.91136588319468 9.43315962598899 8.62810678276761
"253" 6.57264748242933 6.57314232881407 6.86119684176986 6.76297379296593 6.49667092197841 6.51983270864688 6.66758996347409 7.01409041525167 6.65723548670523 6.70212350986303 6.82408821688194 6.835963300172 6.74208930557887 6.70232758480855 6.63681675582381 6.54941773808227 6.59422954341562 6.73890136704945 6.64588310930553 6.55944827993112 6.611500740114 6.76185832237632 6.76214427937352 6.69706561256672 6.56952949359812 6.48146980911552 6.63965820588763 6.60264462524957 6.58486122072927 6.67994741985209 6.71133865799225 6.77615725362721 6.58395048273499 6.68452383255076 6.81968140870242 6.49587890930245 6.66251905251191 6.71061343627796 6.938047489719 6.6083608888063 6.91229429821791 6.83223889885759 6.73951870065865 6.73191288678244 6.90679467971286
"254" 9.24126282016945 8.42002725283268 8.57886432642983 8.82007099328579 8.14750292304402 8.2145081389945 9.05198709913986 9.07481171706188 8.5595120939061 8.52083050316543 8.79172650177234 8.50930026379605 8.36099038942656 8.67855425000844 8.44906056440776 8.33568374260779 8.4024208325823 8.5904404446248 8.89502344708721 9.03317488948928 9.38780791164557 9.33348421986718 8.79323263610357 8.78745766989535 8.33072647029656 8.58732088357953 9.3222069929286 9.09961054797914 9.17338684922574 8.94746687992072 8.85555107342098 9.73736489146457 8.69173862722339 8.82742242766051 9.01647118500627 8.8973926844002 8.97737750050307 9.15507579965244 9.55252416493517 8.79783094284672 8.85875362784189 9.08087651563909 9.08264849056103 9.11300738645586 8.91455264665417
"255" 6.54344380280696 6.67028873243526 7.22890518541635 6.59600515666172 6.21327596291674 6.21300447287584 6.52517192379609 6.07278943022521 6.05804252954012 6.38944759627934 6.4210656476557 6.13495738065678 6.41628967579352 6.33788270121366 6.35402816278983 6.75395953283273 6.67435212675078 6.30882431128222 6.1734411787698 6.51800233427931 6.43918387368558 6.29059761112702 6.60900860064682 6.41504044892929 6.05021745694447 6.20764872267729 6.23150738951518 6.82954884750042 6.2922900677799 6.44302516444039 6.42983334534767 6.51494761569981 6.3156367273881 6.80869982270162 6.26542437523139 6.14831931340677 6.39729702661148 6.34346497228661 6.15863800608618 6.45372516910694 6.49276050282813 6.574647457094 6.27008623226449 6.3777491269529 6.66431096046336
"256" 6.28216800767971 6.12275712483251 6.09228144970745 6.26297926701638 5.9693589251453 5.93563866149623 5.85645291847911 5.98415843597576 5.99662684317792 6.08203673419864 5.99102685455428 6.26462295943163 6.17898039200442 6.01445813348195 6.34949270024556 5.82524549103361 6.09047476194149 6.11894410754665 6.19493255603503 6.01812380356597 6.04727980419754 5.99405940334786 6.11551642813715 6.06791981436599 6.05720694553534 5.9847295179537 6.33925014150023 5.95644451138485 6.25119180159547 6.11696953816356 6.16272100113618 6.06533278644105 6.10386448624782 6.02115554566891 5.96742578771796 5.95637699554499 6.10671814606185 6.23224492692142 6.04846448699171 6.15322319030499 6.30251466067369 6.11635740096256 6.10592027508817 6.09248057249076 6.04499070938926
"257" 9.67203740394469 9.15168672978802 9.26479343516435 8.852265353924 9.05500731991367 9.18304594565301 9.24035201100276 8.95346982665031 8.57870758232535 8.95770892114693 8.99561514080054 9.14984215859907 9.04584488449812 9.07267562420273 9.34573028355344 9.39364695267593 9.26974390033874 8.77071147758653 8.64306779389058 9.12775967466462 9.33145662888831 9.05638690189976 8.66667091996135 8.52172667159241 8.92640434152113 9.20841091171704 9.61225775824813 7.21964534152091 8.97353474185713 8.80869846195662 7.64397544358103 9.71965948576669 8.97814838535017 8.78029526091527 8.43131953909156 8.29539132410948 9.31994745292406 9.41994387077167 9.7706342629622 9.26185724575488 9.05212510399615 8.99701880197038 9.25620879653128 9.60762294601139 9.7704383079877
"258" 6.0711584219599 6.2486496874725 5.86258080063568 5.95630151296516 6.2377504507233 6.20265685488032 5.99125105563832 5.96451916871938 6.00880899915043 6.0557633339945 6.14500468269491 6.02497261285386 6.16819043200078 6.00608101238484 6.08036901477873 5.85082626067529 5.94852168303316 5.93874449695782 6.22488575851613 6.14520373274167 6.1995985914324 6.09186560613589 6.03427135783828 6.1207001705459 6.1717141946887 5.9447958575115 6.07859260127531 6.22747153637836 6.22896084220916 6.05563186842313 6.25801773249103 6.17132315841975 6.02747063899354 6.07827349341742 6.1053331370537 6.19270568055504 6.08353904514065 6.09215836075005 6.15196834891062 5.98209058905394 6.22952195767989 6.04005543388447 6.03069752890854 6.04285286981193 6.06157888349478
"259" 8.2609399970576 8.28263534125218 8.07883543874754 8.29579797458321 8.24585765868964 8.36366079145933 8.46515342377524 8.42303221112667 8.84296826433751 8.55726968573769 8.71499503046975 8.49995681606373 8.13987380321613 8.39340977846039 8.28333081869332 7.87655337749648 8.48054558005445 8.07439713374563 8.64988366849985 8.48690224501646 8.61704377247486 8.37204564132193 8.64833302506301 8.74627826236735 8.30900279884008 8.16456324546829 8.14748589677108 8.26112256090209 8.01521998322762 8.23026896787774 8.16320757204839 8.76280429945906 8.40587686898289 8.48280562673939 7.97237351125429 8.15072169729668 8.0538662044556 8.13732832862136 8.41886529675081 8.77948987187936 8.37129648605591 8.30085980004874 8.33114142410365 8.6763610105091 8.30798241383643
"260" 6.28306116237827 6.27743021004763 6.23272566523844 6.25203839725113 5.98715413120423 6.18831563730347 6.4232296159404 6.08276327717433 6.33213312750742 6.44475688477632 6.07079404713075 6.29429627790606 6.26764519903995 6.22974872020088 6.02595002875966 6.13553864608965 6.0901090599198 6.25411357655671 6.12748079280769 6.06167995255972 6.19747667872202 6.17592754173813 6.0541479449176 6.08338051515234 6.20048269988479 6.0046657801522 6.14493439341491 6.02161994779818 6.03056762669498 6.09924582219933 6.040622701514 6.12194961872203 5.95080180232823 6.30536437128435 6.16319961031213 6.1974568099645 6.24691963049037 6.24443509284708 6.24754535251757 6.21346449702508 6.022463814494 6.22654610019559 6.00661847509526 6.38937856867055 6.1795489226901
"261" 6.14261921151368 6.15949578780501 5.95496394828809 6.2533483458768 6.15727128618839 6.27677517749857 5.81435609399915 6.10993090368038 6.07102726293615 5.93216858088566 6.28906261510249 5.90466828712031 6.17884331567389 6.02369489840643 6.01145225957313 6.2179053906171 5.98524604268948 6.156845909202 6.18442193623326 5.94903442975165 6.07972299452146 5.89735831978699 6.07346698558146 6.05813347072598 6.03007314907224 6.00941706388519 5.99139578330544 6.34607564441083 6.12024494033617 6.00755134871558 6.09498841109779 6.06336649051911 6.30753944680941 6.1738918890302 6.22161057181771 6.15264991766424 6.21222228092024 6.11078428434412 6.09245507394037 6.15008189898077 6.11961143060043 6.17907415252511 6.105000095335 6.12838010319263 5.92527733513399
"262" 6.53575300665574 6.84112581117229 6.69130552605176 6.81751350553688 6.66018788501539 6.82346221495915 6.94824715662864 6.57716961316903 6.74634539675189 6.67480938644654 6.56901311850177 6.85950204142222 6.44839865298254 6.57227776455739 6.64778910689366 6.664923086414 6.59861905290735 6.43897799064991 6.60447280479192 6.8306817159394 6.504613095459 6.85985969961754 6.82309223516482 6.71286282080588 6.84066778321488 6.69934409253137 6.53759386790352 6.52361960061697 6.51629238548464 6.73341886910448 6.56551949290712 6.50915398205334 6.26467421180149 6.62653488407279 6.68932353251203 6.54037723517415 6.45547795467035 6.62847896955892 6.73232482512702 6.44587440359751 6.75009897289411 6.6685157381778 6.73367875525402 6.83065485685703 6.74971705203634
"263" 8.80026209700736 9.52503727538951 8.70906549801183 6.78129474763402 8.07357389078489 8.07237055117614 8.35437918730423 9.25221229938883 7.95316967742042 8.17536971696922 7.85456321208291 7.86856454993465 7.27663182693456 7.4808601703137 7.69426075377308 6.97445391189258 7.31908855498089 7.25720317783302 7.47259302269421 7.95076380382666 7.16208197487462 6.55221311994576 7.19259206600825 7.44762685581217 8.53149326200479 7.82082423600831 6.55239485060335 7.90464037508709 7.84190542229991 6.93411438178174 7.53244078699131 7.88601938983989 6.94209219836547 8.2932820690943 6.95105102698692 8.43466590040478 7.06579201230623 7.89280937961982 7.6451134699442 7.02995767933186 7.53891738550016 6.99820458625289 8.04608677785439 8.21219067259685 7.84879231223171
"264" 6.01014292428319 5.90700630306418 6.32623564796343 6.16884228849554 6.33087709788975 6.34017439760509 6.17799897590117 6.26163836122813 5.86038960550966 6.3917671238759 6.51617947283945 6.22754546951905 6.23599710354665 6.14846770399006 6.21025466913219 6.08887309160557 6.30288044976901 6.25743980599365 6.22648229623582 6.16400365926741 6.21301197951974 6.24611112251895 6.19667903948847 6.15186011993459 6.10945730436406 6.04055408284195 6.16452611690084 6.16979439014099 6.09854392814871 6.03647041177163 6.19311672577107 6.24574611791264 6.0933300617859 6.51670420940277 6.07592338298163 5.94960839854999 6.35623348731979 6.18360687109611 6.27585962246515 6.10637432559583 6.09408655106934 6.35260320246158 6.2767075632647 6.26888131102141 6.1644576244497
"265" 5.97978702537683 5.96397260602999 6.01224864819666 5.92781946129103 5.97549554126923 5.74409387505846 6.10603156237441 5.89423970806136 5.91137017722416 5.65875581775642 5.91827742174975 5.97946704897012 5.98035503917343 5.87695150852833 5.97667786634449 6.05228163688983 5.90136720988325 5.73213774337161 6.08154875376877 5.9001111464065 6.07777787026949 5.95876959869238 5.98269106526614 6.00274336265291 5.7692897978285 6.02444907018648 6.07144252466644 6.10886009328617 6.05370460621028 6.06517804307078 5.92434039630773 5.70423730922513 5.6899672149239 5.81464342938688 5.99509813172306 6.1343655314528 5.86726238299429 5.8106024850541 6.15062205060346 5.84923632731604 6.04147233923674 6.10500831433096 6.06941219506827 5.89116660014276 5.71128899775861
"266" 6.14808982549644 6.33363033462786 6.53809142785156 6.24875400826468 6.1890553530013 6.27571079895609 6.05866102659858 6.44972578388967 6.17545762933279 6.10032249349745 6.25963183844136 6.10559436307377 6.2532705636441 6.41276293170849 6.24152243014534 6.07619620389134 6.15210786827738 6.15024483741525 6.27722535752785 6.08846200455677 6.34791962148681 6.13412942203976 6.35518613519938 6.14136235985787 6.32122264583926 6.20630473397967 6.25722917549053 6.3834590344834 6.27655480764297 6.05932107658374 6.22000749618025 6.22575388433922 6.17986199461699 6.24231310111185 6.29682801910462 6.22555561985893 6.22622298941043 6.21161939937989 6.23719773216428 6.38073182986198 5.9529317600183 6.28970605219738 6.07303123100299 6.38007433425513 6.27305897610484
"267" 7.03342982119233 6.65511843953596 6.67830241125828 6.98812550070448 7.03112320529035 6.90046344876613 7.16861073919937 7.28822944375588 6.84182071387843 7.25423335560279 6.9010731882353 7.22627162512978 7.39071664622163 6.74399073839731 7.23256517623991 7.0607263216911 7.24968163174055 7.45997716713998 7.16099336368777 7.29606364387412 7.14013795212149 7.23499046758864 7.03122062669872 7.01724043105006 6.81768593803118 6.86149530771916 7.47025195295407 7.15681522170291 7.27344377411036 7.45558949747104 7.48877461542933 7.79920695840305 7.25116114439644 7.71847892839495 7.24815359578502 6.91934755675801 6.99022953644974 6.93208204471642 8.08229227702726 7.41381625429817 7.27704561398512 7.43476733470745 7.13218791862212 7.60529244290918 7.12309774551711
"268" 6.0339163217082 5.97262264189201 6.04947536097578 5.94978016547514 5.95099038560702 6.01898937933021 6.02925079956984 6.18470398903437 6.15385406972723 5.95828260105239 6.18298841686979 6.07300441950256 6.04765037214977 6.03859796973158 5.95720459588546 5.9983669097217 5.83331258806526 5.99528594825021 6.13810544578888 6.04587327600381 5.98335199768569 5.93999968484614 6.030494055364 6.0675520063762 5.97413623126793 6.07558218953368 5.92408060469076 6.00505841221426 5.92227870920789 6.26772235885645 6.12064225108971 5.82872115939638 6.09840849721341 6.03440522152932 5.93869532196639 6.15929489371046 5.90612232359411 5.83484854337803 6.13502227715496 6.18571379060407 6.14761152909723 5.83414540885379 5.80372413474366 6.02862445234757 6.03163751612251
"269" 6.41888681472592 6.14777819254485 6.32005748511891 6.14578584587426 6.11516206989713 6.14411613217976 6.21153880670539 6.1597569527294 6.23112224724159 6.2895211438944 6.32688487795223 6.28511583494538 6.38802254613967 6.24382017184174 6.24734597243382 6.3242149693021 6.33483880966768 6.3041535481149 6.23769020711286 6.40722713492019 6.31760321124696 6.38813528700646 6.3634140074534 6.17792105728937 6.28530195778463 6.18050136341898 6.34712418072512 6.46703508796559 6.15951981389165 6.35528523519418 6.31962258532881 6.32113633659939 6.19383723798977 5.9703187540086 6.05570489335801 6.30128401366406 6.36349076741934 6.39730565797487 6.33110498889124 6.44208624037991 6.31037231098042 6.55572375469132 6.11950335005163 6.16309530434072 6.30407594692174
"270" 6.16402227422023 6.30512921755871 6.98615055916872 6.06840455245482 6.01947360274959 6.15409472339729 6.11272051822833 6.26320506406331 6.07987069111872 6.24507199172279 6.28057475653516 6.2573928161094 6.06013023831827 6.20752320143606 6.17192201785928 6.08116553851331 5.97169636750147 5.89156396434327 6.15539218248564 6.18546422824964 6.34983995175822 5.99288435236059 6.10300090884032 6.17091526289069 6.01316570232741 6.07476165394904 5.96031249768567 6.1114281315433 6.25896245689232 6.14858387294175 6.2126996562937 6.60191280268007 5.86845285279256 6.18480336585826 6.10536196270635 6.12827565620367 6.19694108777395 6.145398326287 6.08307142248152 6.29264380650174 6.25133397090103 6.0309672104379 5.9939224351048 6.11445138039812 6.07414227837914
"271" 9.56178467178493 9.36797876804582 9.65086953863467 9.67545069668736 9.79153842630146 9.23951580266312 9.76079957391944 10.2361312120647 9.45744616165261 9.71834894013125 9.57816123347319 9.75585058972441 9.64018761338713 9.63326094296628 9.57369586353936 9.70082922606771 9.86529199892904 9.83090924634236 9.69718238190737 9.68138854294166 9.45958118015422 9.55675264478991 9.44730403272272 9.38786663064025 9.13117646660172 9.11131078129912 9.35956842164281 9.1163540542125 9.13097666760753 9.12532980450054 9.16638820846326 9.47868073877304 9.04903840558681 9.34837747795404 9.11580796570358 8.89578277572243 9.4254208506169 9.3644943499105 9.91702019470293 9.12928078592064 9.01108608706966 9.55938147094017 9.43238550510357 9.83938993698496 9.64535718548173
"272" 6.22558787339008 6.05888773343592 6.14981109579228 6.25428298657474 5.88199144184817 6.05965450472474 6.01501507448589 6.0280523140693 6.06408715299356 6.05392740562609 6.38098894797628 6.22389712305642 5.88205919505901 6.05635946766191 6.06473860831671 6.11909041421675 6.09191653980718 6.02539422011012 5.98236350307089 5.93406528552089 6.09965134790275 6.0850230168747 6.18508432286257 6.10893121568905 6.1726813893828 6.09011115342856 6.00004210881109 6.16610441077681 6.06576758625295 6.00899790079114 6.00929741309698 5.87467699733103 6.18272257155225 5.98012603227301 6.01065830759984 5.95543385335195 5.97731588262914 5.98090908332347 5.96351984274129 6.33242257526052 5.98672173582734 5.86344848357058 6.07335018610157 6.10940971418752 6.15781877442287
"273" 6.5808805538969 6.3222622989385 6.26477126201326 6.36012049323597 6.63669869389727 6.57065624028154 6.59233948154979 6.35833599879862 6.42919943719477 6.2451688832704 6.36232854690309 6.41845363151923 6.46980350836786 6.47312342585261 6.21752259074222 6.3127715837537 6.5223097353408 6.45521712342064 6.24169360105061 6.30289436194069 6.31091036750783 6.36715961413329 6.39329311928277 6.53460923437285 6.23640319898708 6.34701896459047 6.4769121672074 6.56651483526508 6.29649959453858 6.2846529759793 6.38234772305992 6.60016488590768 6.5890433914715 6.5790091784219 6.33797332300707 6.43735874870474 6.31070167032754 6.41676990598829 6.28502585878989 6.25980050370661 6.43703644082941 6.14475754318424 6.30577242689517 6.28139686132037 6.44965905575967
"274" 13.0113504109371 12.8922617073139 12.8929352644302 13.0942396607091 12.8363519243542 13.1475922300231 13.1665249630535 13.1834143432973 12.8163028292649 12.8939495228599 13.070065243462 12.9789309708784 12.9663377099283 12.9544023619676 12.8598656416023 12.922709448121 12.9913556535541 13.1504773927657 13.022409736976 12.9198322495528 13.0911759085832 13.3356905147794 13.1545834837189 12.8635965991654 12.8431690753996 12.9668962967928 12.8292595498802 13.2327926297634 12.9328381009871 13.0160670224727 12.900094843726 13.465806073865 12.7686747032905 13.4186546493751 13.1488696252597 12.9490665651037 13.0916434447528 13.1066960484008 13.4862067572895 12.7782675491008 13.1799995173928 13.2387979784117 13.1980144307673 13.4869699556271 13.3250824256642
"275" 10.6037704681129 10.4473240438975 10.31050073873 10.4752409933248 10.5563624585702 10.3196500923119 10.8796600364844 10.8303903446402 10.651401089999 10.5782840068376 10.4023624205945 10.6299799895493 10.506360639912 10.3678319864363 10.4084693521515 10.1187746926621 10.333149374472 10.1714107803129 10.0641068076696 10.3583838844629 10.656461372223 10.576295487857 10.1295754300757 10.4904307670313 10.5458770154402 10.1844251287259 10.7627183371445 10.3206926072082 10.4591881706803 10.4809144438328 10.1296118705992 10.8868437480119 10.417976411327 10.8732326081064 10.1121129997243 10.5566800622456 10.2664857768643 10.4829445140843 10.9831055244022 10.2977560153863 10.7339486408603 10.5492769269452 10.6345999675922 10.828925691465 10.5591531356212
"276" 6.14082304617007 6.39979531493613 6.20265218037908 6.43980270576536 6.10595451356615 6.2582631731564 6.2130399775084 6.41111190237989 6.21022184958727 6.23367686474487 6.21695633809342 6.50661463210587 6.26291633442838 6.23470174769406 6.38067510026484 6.30048788889948 6.08516478309227 6.2414862430697 6.69499272409227 6.45033884108589 6.33341836788833 6.26000230296146 6.26739291641722 6.49408749885067 6.16108838404294 6.34413167378258 6.31121392033106 6.27872808689978 6.34947170488552 6.47262953854363 6.39937961638096 6.2421194794738 6.26691109093044 6.52138405296328 6.38904389355786 6.46128966941615 6.26956327559872 6.24743365602192 6.39974049570068 6.45565232209748 6.40466453437652 6.43709550644721 6.24891654599977 6.20407574074009 6.26209059103951
"277" 6.11684326775812 5.8855566440844 6.13402620052278 6.16135433539812 6.02693730732668 6.19898511780756 5.747006860004 6.09192738718689 5.93077534175477 5.91725886650836 6.06870450319386 5.87865691476623 6.17917392559831 6.19693318346584 6.04962583681232 6.02000433793898 6.11722249271445 6.03620589338291 6.16150575522952 6.10546269801625 6.15314304153597 6.06298230408672 5.87956210226877 6.18083357976525 5.83238542107976 6.04081216491152 5.94555817548323 6.07149619914428 6.09625234019405 6.07760605134962 5.94532964384303 5.91947280012023 6.21755912582842 5.84210565314746 6.12032506987014 5.97533257014666 6.23579971052995 6.08830598405939 5.78736360390398 5.89781752340968 6.09896519607414 6.2236335270181 6.12033785640435 6.07912180905412 5.87796539022298
"278" 6.27395972743831 6.3472917161723 5.97243835162557 6.28406291908918 6.16761769770497 6.31822585290296 6.25434075868468 6.26769019314262 6.18613257681023 6.31008026821505 6.04737044774022 6.46917593527345 6.32609236016198 6.24609417732146 6.41568405093477 6.27243938539244 6.06437240654367 6.09138111287174 6.19165204172179 5.86935024796371 6.17197184968638 6.36077895795521 6.28654999283079 6.20469494935196 6.00072689727507 6.14570922899004 6.20410773761562 6.32814461358723 6.0900381027195 6.17625703391518 6.38979414173917 6.09658296133102 6.11210639057785 6.25085789229633 6.31526412247075 6.52802207722759 6.23334903982514 6.28094431588138 6.43776612026024 6.14345470457766 6.25943616694637 6.31682655879779 6.1867299335437 6.509093575659 6.31081109430725
"279" 6.02323694614813 6.03898834837375 5.90534220961599 5.90826298770497 6.10946104389104 6.04637470318768 6.08832389935521 6.15558273693698 6.05818222018407 6.1412718989969 5.94769455678912 6.06372076915602 6.31069864433309 5.9412918518334 6.13558165718514 6.06480822180062 6.09179370175797 6.31834726593106 6.115818528721 5.93189366677127 6.03571746552471 5.94365622590543 6.0154793155231 5.99848119614939 6.04986098808669 6.10355120919486 6.16462739832938 6.1995957655984 6.10118606068481 6.1094345049914 6.10403431343198 5.95113750716879 6.15449700647219 6.09793730475161 6.08051237169184 5.92468085466598 6.05215419978252 6.15631701949474 6.08164358769778 5.98043606095903 6.07017714557841 6.05335685634626 5.98454102460266 5.90494133825734 5.81008138209853
"280" 6.62693942269507 6.6755923653626 6.7427707149406 6.63702980186529 7.04205693391635 6.86040752949111 6.55607075427675 6.80269153659972 6.56558107590233 6.76266858235904 6.59606186280609 6.54520182579993 6.64980816720475 6.38128679408437 6.972394149644 6.58368662835539 6.48755373641513 6.43136856351761 6.53468136761218 6.50712565605479 6.69576459160218 6.33733635657066 6.27210946947927 6.43805033289764 6.25302022830337 6.45849782184217 6.25558089186716 6.66245681678136 6.56337809916095 6.39336853272838 6.80162360096366 6.83394768793081 6.32271847998787 6.6834827636105 6.78584277069798 6.68562400168406 6.78115231607618 6.61166105966549 6.95963932700411 6.63007142516548 6.5419011151138 6.6035810406391 6.85985629268577 7.01651117585355 6.30596601484746
"281" 5.94853104794237 6.17745576879778 5.95073474230226 6.08796676126055 6.0332313440998 6.12545680890774 5.87249419661571 5.81550321227529 6.00121675425997 5.91156873218887 6.08415705793443 5.95403755465307 5.92640062649047 6.09661922599423 6.033246999507 6.17827923252445 5.86060702545843 6.09248127236424 6.15934583437513 6.01793594164921 5.99992320102921 6.06793797070054 6.03181013872398 6.00123420366262 6.12206476669107 6.02721124563582 6.05759258449267 6.15547059545713 6.3367991691726 5.89742539648826 6.32943254211765 5.9354774466096 5.98245730275019 5.89762029454731 5.8272316002364 5.91698244903704 6.07740989505072 6.26747692601164 6.00398152509287 5.94876253146967 6.20918009806712 5.76187242569103 6.03432866188327 6.09344090686945 6.17057179488765
"282" 9.6121184133665 9.70644729336027 9.63700980146313 9.42466713325731 9.70217972465969 9.89385785887736 9.79474696004525 9.84515121142138 9.54166920782114 9.58609950668524 9.8088503561331 9.99266308922024 9.86374831105816 9.94075030002848 9.66996958253605 9.09258887709248 9.72731226195703 9.78927241573638 9.8527055544028 10.0987765650825 10.0350209469396 10.5436653247849 9.91415790090208 9.34059647741493 9.61253595297901 9.62373066904746 9.93411014544245 10.0293238465918 9.51855971364802 9.94468814456141 9.55412001240119 10.0137079274688 9.70523931400604 9.65269543561774 9.49262055826378 9.26235235049181 9.84593224099495 10.1393390805118 10.1091905973896 9.66755290855258 9.63073445991109 10.5183336949366 9.69314896229011 10.2033048506553 9.87649526882398
"283" 6.14860411819629 6.09494699879869 6.16802528571042 6.01257696329342 6.22425470977863 6.10585245918487 6.21569996330235 6.25550129317145 5.99187650919135 5.89827838215323 6.1537934868592 6.13067270489885 5.89497283540942 6.15816985633999 6.14170438755881 6.23448807560358 6.19740794131787 6.17519359872884 5.9731360646021 6.02579207871481 6.12301099294154 6.24316284966146 6.13975807734732 6.13849636255961 6.12907607331918 5.99197479850458 6.18233612770743 6.19727488431612 6.0574875929495 6.0470113959655 6.04559690515965 6.18965327116613 6.41477162355428 6.04420743120564 6.33161392128666 5.96688170711711 6.0965310058238 6.06553749292771 6.1759028555473 6.15965381324524 6.29014088972657 6.40193318628517 6.12175308628237 5.94962243146885 6.24011747944904
"284" 5.90435063971353 5.83779338796989 5.86066248923387 5.79870361264698 5.87162808616696 5.67160580467613 5.69158344400416 5.76101745045816 5.60900609146238 5.86043949660397 5.93157553319644 5.93664454277563 5.80669180120817 5.59183241685922 5.79901103475164 5.92879151518908 5.7466820546856 5.79181877324227 5.78523023794296 5.81306013428161 5.79725234454572 5.65185277102984 5.788838373555 5.73986521213556 5.84527254585831 5.75749549322866 5.75386794592698 5.61525672439266 5.64385780474637 5.87169381306145 5.93788153269992 5.83478876754978 5.57352068595828 5.85546411026203 5.88654840382285 5.76838757236865 5.83940058730917 5.85114544489773 5.71069053517313 5.74424049093906 5.8942262422209 5.80052741377202 5.76167008091914 5.72231653044068 5.9237953724386
"285" 6.80385466469891 6.5522229299333 6.72434442878412 6.61413681162203 6.73036984933518 6.6272523726222 6.65891885341099 6.85006978562599 6.57000065364412 6.68756865390202 6.70632151175381 6.75969008830304 6.65983288287348 6.64540292355834 6.60542161384218 6.71172389964187 6.70206217335702 6.67113398919485 6.74733877597382 6.50853105669824 6.64577072734943 6.72011757593259 6.77719169291673 6.52623477965958 6.57192784433078 6.45815600732355 6.43517701482483 6.62552231250134 6.48515054841336 6.6843826911996 6.50353193102741 6.56843930906402 6.43139555787632 6.86772911147601 6.54000441272352 6.48015273009836 6.67758621360513 6.59504298625404 6.88560597733365 6.58111780939899 6.53855521201998 6.72071994384924 6.61566218947728 6.83621300771337 6.74022369702899
"286" 8.76781330447393 8.6957067570307 8.47153592004638 9.23705825158628 8.68846497654039 8.53934565791652 8.79822017415552 8.99994575550676 9.14886444873592 9.3148336682472 8.77504224099742 9.58994611087916 8.91689275052099 8.88528346147329 8.9998143565803 8.85991815206947 9.0970223453796 9.56291367124173 8.72631359250607 8.71630265360844 8.773597568298 9.05173860500705 8.76380394388262 8.58490475329192 8.08865321647453 8.20364353749926 8.93748085193366 8.4481349399347 8.31942638492447 8.53544545475728 8.22565712205283 8.60402487603445 8.60613303948674 8.65062584695525 8.34453610755326 8.50332040100783 8.86031664359511 8.50856086120702 8.95264668056124 8.90765799809571 8.38614709866369 8.86366372890102 8.29277362601217 8.93144141598203 8.83304533151985
"287" 10.9527164245096 11.433392973016 11.1181203502048 11.0738019883413 10.8314203907735 10.7292970023777 11.3806355183602 11.7963714177941 10.9891497143332 11.0459012328658 11.1719752362659 11.2320427003696 11.1154804903407 10.9921826361934 11.3241369718294 10.8767445125109 10.9505464522473 11.2021667829929 11.4136752151718 11.0899727006583 11.0997175001922 10.9586605845613 11.1215602454976 10.8934315407159 10.677094334735 10.5464079428213 11.0865549464979 11.0946530307987 10.7202057165806 10.887980701033 10.472244337402 11.2337168530767 10.6501985685786 11.2717120940121 10.9861167090986 10.5174647781345 11.112275465932 11.0083798655963 11.3920560387065 10.7582174600686 10.7845511167265 11.4167992901727 10.7498241009436 11.1793316512294 11.5151694123154
"288" 6.84907403307028 6.5967719002595 6.95665724412219 6.65063065434252 6.87831073512612 6.55037691341944 6.94122296252161 6.6067989363491 6.30550295188311 6.52631439504271 6.73868372244534 6.4089711235989 6.32789446845713 6.46059285275977 6.34679219960638 6.41195203447573 6.2721545681624 6.39053941862349 6.40814057305609 6.58848013144685 6.53700313902602 6.48183949019689 6.629501183949 6.6019987015668 6.39496740450202 6.55605505064963 6.67440033943789 7.00120547653083 6.60012158023674 6.69526159415825 6.60384547220457 6.74297099875842 6.77139704579562 6.4753457791091 6.58972918365208 6.28456757179026 6.71368745388538 6.77752178782009 6.70167585061651 6.48375476968443 6.73839775324875 6.93116079117638 6.49980411254881 6.6982622341617 6.81958911019059
"289" 6.35613203049015 6.11081693320747 5.89281121374876 6.10096407857946 6.03389524364942 6.0762696503263 6.14416473784294 6.20287463655701 6.26864527386102 6.23997120403239 6.41050390778179 6.41363893914266 6.05660339890616 6.21103748907517 6.19632121082363 6.14940914477146 6.13737303227105 6.05655033983266 6.42456443621423 6.26320092142491 6.1652755896674 6.30584062765761 6.17426972767032 6.23881537829918 6.42474122132855 6.25854383232096 5.88201958066309 6.08889547748313 6.38682437212286 6.01050606989947 6.07205263410869 6.22876989772608 6.07165365075809 6.14689762235835 6.26397484638349 6.25354778487161 6.07154896362656 6.34524191978449 6.13036055572396 6.12328908793324 6.32588140156201 6.05743863944292 6.33776410687295 6.25720187465319 6.17104534981872
"290" 9.56504212051382 9.45493325204509 8.83357714215906 9.07819238445498 9.75064863487902 8.77929985296625 9.74691780280908 9.58067694583823 9.52601530147101 9.75432452528667 9.1767974214287 9.41154028736691 9.50698054068878 9.26401973452727 9.03698340233442 8.74685902408634 9.15955451287201 9.44801401612399 9.40300955906857 8.87011730938941 9.27303131419034 8.47659147348287 8.72220583531864 8.988296397537 8.89294143554529 9.15420418805755 9.26386603870504 8.80183359194174 9.20637140393833 9.51339786899517 9.52489873403694 9.71048325985759 8.73240092615634 9.27626528902341 9.78734212834396 9.41786566397401 9.35810230271457 9.22572759603438 9.92895654072632 10.0003791761107 9.36916410835509 9.23706960403791 8.90832300494013 9.74508781663452 9.32919984587368
"291" 6.12442798532716 6.1619035223931 5.96704150622709 5.90664199315241 5.99580761261605 6.07257467749581 5.85062809139751 5.97412756341074 6.19676828975271 5.95904649751295 5.97882677420641 5.82341941131216 6.05586266171968 6.07639590601109 6.03280815456016 6.13185348535727 5.91063877179754 5.89687771436226 5.77446375468076 5.79900935580705 6.14787669973058 6.02342474093616 6.08917669459308 5.97960193117673 5.81948108667502 6.08182405022605 5.75227294440704 5.83171525106919 6.04853522217312 6.10711540453114 6.10696781818881 5.97544500922573 6.02487962163901 6.04347758713267 5.88231417271029 6.21273146133174 5.85465044196869 5.95279576051824 5.96645796242592 5.85159136549776 5.97987482698 5.88213693707131 6.12130600926627 6.01529583980761 6.01952106183273
"292" 9.74946081617709 9.30476857796229 9.22535782151868 9.85953474668634 9.54182836083832 9.49220992652534 9.7258511265663 9.90058886775877 9.60310168324656 9.88219544519601 9.75799045109524 9.63773178685104 9.78062901334226 9.67429486973457 9.4134683881745 9.41936456016763 9.42333645367824 9.56414359431916 9.52491033739792 9.5017001091291 9.74702168961405 9.48576032328774 9.60107287554418 9.77666525964044 9.36524269986625 9.51086163167578 9.43748323531357 9.34965837156213 9.35571942750948 9.65789340499378 9.53230055924663 9.71932301588841 9.49272554864771 9.75003434347648 9.45500600199809 9.24676960347509 9.6360149944134 9.71204283365495 10.0227137222999 9.67301839043456 9.49034704262691 9.56524943767199 9.39081766557453 9.79847952640768 9.71867144454754
"293" 7.61639395107843 7.00572272281453 7.38352343678967 7.20575552958214 7.04663777920432 7.17866775259706 7.50509408046587 7.64727842141639 7.43511625354097 7.03464811655129 7.30025226732518 7.28651129487644 7.08892138705943 7.2567721807322 7.18109898071354 7.0677009076518 7.07439988083635 7.33367277877894 7.4098043597017 7.19212846939412 7.58612785536975 7.69240826265711 7.46283026351163 7.27339943816351 7.06999944539458 7.26594482695787 7.55914515406651 7.63774828755722 7.04950247167168 7.21646543390895 7.15533716238936 7.71664617698755 7.17932447139327 7.39410149256809 7.39250127713244 6.74459257298727 7.45414291876143 7.30508121916407 7.81313932876211 7.3347979017541 7.2972196700531 7.60321029856225 7.23325616115969 7.4923247694497 7.44564115647543
"294" 6.56873184584593 6.5633684903469 6.473551804501 6.46608073229754 6.39822700768405 6.36802899532577 6.42894577113564 6.51056042743434 6.55807755120263 6.4391443836355 6.4009094127888 6.46581854585445 6.4422985627714 6.51752648044161 6.43840389401226 6.40403430136255 6.22796236592856 6.57058712230702 6.44737899137618 6.47136418668857 6.26217383145171 6.53677881806807 6.09766846105663 6.456352305549 6.3201571096625 6.22812307846656 6.38933180148575 6.19259739109061 6.37735458628095 6.47977907038459 6.21968376070849 6.268305869585 6.35898903008157 6.59162818458349 6.5569484978277 6.45761102801952 6.48849206466409 6.45903532559249 6.43798720980865 6.40305011821327 6.76879529725448 6.36834848991484 6.38820964603489 6.27747597286706 6.23477386867321
"295" 9.34587409262972 9.14147624931377 9.35889678429524 9.56383868284023 9.8504421407427 9.2196362297916 9.79884124360707 9.90020937170919 9.52728859762349 9.47198542549754 9.70087719518985 9.85440404294704 9.57938733016449 9.4510251180033 9.29981558969161 9.45898233754687 9.5850508289692 9.42181833587796 9.4232245019642 9.60911506715016 9.61445278529931 9.67434277160673 9.63333803569116 9.37807485797618 9.08923574548271 9.07878370000597 9.86659893792991 9.63100110632764 9.06093394031229 9.41972598691281 9.19889553612529 9.92423904301198 9.03182221024009 9.49660073426639 9.20760986183633 8.68149227744242 9.48820004093307 9.53659900995673 9.85384111706319 9.37939802625634 9.36438730187104 9.92495663999347 9.46397670373995 9.80842165166223 9.69392998777753
"296" 6.0105505044918 6.09182779666014 6.20887043872291 6.1837477841615 6.03505277491522 6.19177706585496 5.91885544604257 6.29178811839975 5.86052104638535 5.96355756179547 5.96729054339299 6.19497613926235 6.32183195375423 6.17993478706688 5.87307331906648 6.04656157770206 6.20869573159058 6.08830878236739 6.04109185569924 6.08839267379225 5.90858448811263 6.03944700620453 6.2568189115014 5.9607534543934 6.24984174734868 6.06693375636797 6.22174285611445 5.9625319768646 6.07427960998443 6.13133697589408 6.02636704285415 6.05042190778835 6.19371818752739 6.10859603662584 6.0568403653831 6.1730154893251 6.38852498850658 6.21426389348843 6.2006224289128 6.04381656742147 6.02874729128798 6.09376512719359 5.97459423065677 6.07267253301073 5.83798928107522
"297" 9.2485876358363 9.31285603328397 8.98565738127495 9.07409252254201 9.04022575514239 9.61969627255896 9.26114675045599 9.65017827597501 9.31088587793738 9.28621839696162 9.23665529285628 9.06724389941735 9.60480761511133 9.10754591543947 9.28124440636712 9.35787686629455 9.37125936097631 9.24868469721773 9.39720165413011 9.47756986103749 9.00023285985513 9.23894109920137 9.22513001941283 8.94628025838414 9.31269809726733 9.33798964989122 9.07740765263128 8.87667782630425 8.8873330494803 9.099921946647 9.21868027252852 9.26607118272281 8.81780374011 9.08028081767601 9.32452205178051 8.68299143447639 9.021679091872 8.68588435662773 9.19152332145172 8.75165851168274 9.41941919328499 9.53575260854867 8.84339208794035 9.00389160033069 9.52054350426305
"298" 6.04405391982141 6.13758319190938 5.95933920460404 5.94952559888318 6.02532518960086 6.04856086488652 6.00934394716421 6.09698349733531 6.08111509151634 5.91284554727315 5.88908141442681 6.14081721799539 6.04657390523483 6.0295956501334 5.91026535460844 5.92865969821576 6.10124514920807 5.97069557426565 5.78232521849946 5.94370047329598 6.05667224267405 6.04220497806207 6.0223082556013 5.98194999816958 5.92702296219131 6.00785039999338 6.0876599127791 6.0819992935248 5.90256921195261 6.08200581583555 6.41051889854622 5.94744603427755 5.94025700256445 5.85540395630552 6.10855263272696 6.10561136512036 5.95891961183646 6.17790433092675 5.76984473123842 6.10410451801229 5.82706293555459 5.9544293138673 6.25233301923714 5.78039945237 6.14645304163936
"299" 5.96338973930877 5.94167809430636 5.7787217675911 5.9515294279537 6.01898063436565 5.84878070541371 5.84728324751534 5.80624971015966 5.93480812695908 6.06452275019061 6.10493630451017 6.00718753797019 5.82601014525518 5.97592319175383 5.9975199999129 6.15450102808341 5.97605491824572 5.91007065645664 6.08221137996284 5.984484162232 5.89464608374173 6.11008309283902 5.97478113657593 5.90535284514763 5.9505816628491 6.14260353250497 5.89213926724145 6.01136233519141 6.1556454375705 5.86191076758097 6.10115437878721 5.8233514054242 6.12066816966736 5.99505480653739 5.83386251813444 5.96985272557964 5.94862726417974 5.8724998337224 6.03996407129375 5.67254512959905 6.05076113588881 6.01051791974478 5.99668116503684 6.0010261598026 6.13826676008125
"300" 6.12488753960832 5.75521993365844 11.0621419609229 10.1564138272878 6.28660758132437 10.3131034506381 11.5916161274675 10.8388897868081 10.4034498779159 10.6288038270812 10.5683951136684 10.6007144251979 10.8519476932263 10.8139996529082 10.6978854693082 6.0981977677986 5.80313400233151 10.6021047487749 10.3907762071161 6.24258827358477 11.043727056107 5.74975817093173 6.02551744300302 6.09143748331354 9.70961325955651 5.90326738221459 9.6881955634202 6.26734757365596 10.3551482954756 5.75356185275998 5.92628782399414 6.05961611881168 6.1329349574232 6.14299850352568 6.12485168966254 10.0137373004772 10.29710044219 10.2100905793476 6.08691011033777 9.84005823169723 10.5455238781751 11.2454074104799 10.5621744316814 10.469981103326 11.126188430176
"301" 6.88037797973834 7.00875849138716 6.77519835642641 7.11875540545397 6.8944206191749 6.82608688357422 6.74992733338901 7.19244293401549 6.72371677044751 6.98762540094724 7.07181888337253 7.17752738564237 7.1739241853586 7.03683643939953 7.23680871587582 7.01956772603094 7.31148118158225 7.09967021525335 7.0615483946782 7.02388747263543 6.97605968640998 7.23455019765214 7.02137912312339 7.09055263961169 6.85395965787531 6.74418790334955 6.75887759922715 7.08509729048017 7.06111478188346 7.02203166753647 7.18463813185923 7.08022813488525 6.90114858928197 6.99393132970028 7.12433061524423 6.72995479324677 6.60829595200293 6.90756792352826 6.85103698822137 6.94234930742518 6.89825108815094 7.0254024530777 7.01972120214148 7.08738422399979 6.98128676747963
"302" 6.05509152354192 6.15366450847476 5.94851833766818 5.93335440953398 6.15363791961653 6.17743128524734 5.75526692220619 6.00787498225076 6.12893381593852 6.06140512056919 5.84571489545279 6.04885582145182 6.09436675327147 6.02036093470628 6.06995574300958 5.94534691875652 5.98792218173141 5.90469460500225 5.90540166040673 5.85895759136589 5.96668151122835 6.11570984550348 6.00147665786783 5.89310847498695 6.22917884798877 6.08022007972137 6.07793827457148 5.96750620969707 6.03569319870802 5.94015663656233 6.03066189412885 5.75531397827457 5.96476837111203 5.94915330597984 5.88839200564425 5.86198607997714 6.02505647988402 5.82715095573153 5.98092591180959 5.8738681622656 6.08622389318048 5.88899347486904 5.94537198523379 5.93253999219143 5.99778126525741
"303" 11.2380028918847 10.6581392288218 10.3772442130668 10.6330329398925 11.6404900021404 10.6781352214759 11.4100106552169 10.7052677638235 10.8247948023085 10.6313590194794 10.9885260766082 10.8894437744192 11.1070447213003 11.1949583771887 10.9001555824395 10.6305373551622 10.7848394273208 10.6144968783623 10.4756462998771 10.7007437563552 11.2194814675533 11.0405602856338 10.7791802571359 10.6151244727039 10.6034460973143 10.731171045366 10.8065255613297 10.725123211744 10.607936504391 10.6501730650663 11.0364050601105 11.6373354879315 10.6517592234905 11.2144241871853 11.2243003702016 10.8504760476626 11.4445486593098 11.1464145953171 11.8224600104591 11.5381018068984 10.8993977004344 11.2551368649412 11.2576207674079 11.5196931419252 11.2641056276491
"304" 7.31219949686577 6.86419345120786 6.87668100836945 6.88433461797119 7.08947210211323 7.12608031135684 7.51907418260883 7.16987681056018 7.05742425126076 7.17123912049664 7.13090417901803 7.21790380411197 7.03118596622752 7.23254152328921 7.21112490599718 7.12921328495521 7.06348029463734 7.02623030068397 7.13132688543664 7.26537083445301 7.39991595369805 7.45809830710924 7.04141844357148 7.26183678637034 7.03587899696992 7.28889435610099 7.55426392366799 7.32026357790341 7.32836149803041 7.13982348390423 7.2648340900398 7.47553983686693 6.96866800790655 7.4421298992164 7.09825171359956 6.92279023579917 7.08345412685029 7.3043548818645 7.77499805093716 7.31016387917894 7.31543731190148 7.4928043190925 7.05064379217864 7.49184384205238 7.82168162432963
"305" 5.96186487193484 5.94363028070641 6.03290469621879 6.04811978520092 5.94938008443353 5.91005963551275 5.8604707211121 5.94570527978609 5.98706673225175 5.94649673138177 5.9023004976143 6.04876944757423 5.9236854399409 6.11118168076658 5.94052106437836 5.63464054730167 5.85498020283808 5.893958451194 5.90488588686723 5.78794165739404 6.04373149621257 5.71526483363789 5.89955559706817 5.81315599123845 5.79123674916522 5.69954189655927 5.72060935003206 5.92030303793707 5.77345003989337 5.90134473949176 5.95159886944362 5.84628364075658 5.78992374100548 5.96141536304365 5.88929648191537 6.03468968564323 5.88542062117771 5.89915505735072 6.00634354440754 5.83082946743594 5.90261272160146 5.71738494197338 5.88059847393208 5.98524780623995 5.79711838174694
"306" 10.1086720405881 9.1140529721706 10.175100184121 8.91141030496972 8.52076611011924 9.89192578940182 9.84163750121907 8.72527262076829 10.1689989214114 8.92118842423857 8.41552716829903 8.28442502021139 9.09116709182591 9.0134027467142 9.43014394334165 7.78208071100694 9.19203794478178 9.49527448013409 8.88818392200215 9.16129389981455 9.46159933089577 8.93773965818761 8.99233701816992 9.35302862432053 9.0197380999486 10.0614281304651 8.50328193993965 8.58639101920715 9.30121866370759 9.03777628836629 9.2487177090491 8.4639117383769 9.2352262514377 8.4167286855836 8.34919733946421 9.19749221819734 8.91398892427796 9.22028018560871 9.40536956468418 9.59751338108306 9.11463947721164 9.11327091333236 9.13832403560456 9.13560048714272 10.0242955581693
"307" 8.89623629181712 8.65115844844852 8.95163458623187 8.85757656158295 8.55901482649969 8.73548004265648 9.26341369460056 9.15339177932084 8.8819923336239 8.82217926259502 8.8982387853273 9.07719595574435 8.76964785843276 8.92727033365841 8.68390623175446 8.48913381002563 8.91928173878483 8.90500920599963 9.2268413478618 9.32654181163302 9.40730775269319 9.2059871550797 8.85782299762384 8.8642050737093 8.70821822710542 8.66112553078089 9.2832466903092 9.22664606460532 9.15266561452964 8.87814280820345 9.01007362552122 9.18203299184766 8.64242351605469 9.19737187516745 8.66516894202834 9.01552393933568 9.09515178007431 9.07010265152601 9.63310455537431 8.96254331666005 8.93882176280181 9.29156606713886 8.81777463975929 9.31731495790693 9.25975721721421
"308" 8.95726505268486 7.93105041279298 8.11825393024719 8.59959374819606 8.52759505363011 8.4759859629656 8.76422501061779 8.86383518952661 8.55718572573857 8.98464303695767 8.77197424731449 8.87478638793637 8.38613180961508 9.04590373796237 8.68325642849066 8.44275052330256 8.84904047953274 8.53690105847473 8.6436721244914 9.29425137265712 9.33146895003625 9.53338010970612 8.78264071550876 8.64703513450755 8.2886323174172 8.50436132391427 9.25219023036546 8.9186739437978 8.92934172847894 9.33359156300597 9.07078174852812 9.61029902676095 8.96294577330674 9.36799747094344 9.00381826466988 8.36000440541567 9.1132624199944 8.946431979721 9.93471864127719 9.26969054916426 9.02043907434158 9.53950138059436 8.74129693119795 9.6420403820192 9.3057323512535
"309" 7.50151199670255 7.63357879953385 7.29588006611848 7.6711798677946 7.58799295085387 7.36894898122367 7.56896686275645 7.76974625202173 7.49915276149698 7.7216877265583 7.70779767731075 7.68938758199582 7.46327784977646 7.81743702359032 7.6274481453644 7.28390917206216 7.8216125844605 7.50065445222147 7.77030696663746 7.55196430287691 7.58939615642325 7.72771734030326 7.41027559304353 7.36821597985679 7.57509449684655 7.33313271192276 7.46908989137474 7.51638350603835 7.19701053783121 7.51373218450925 7.21549550917103 7.71911750072573 7.46323531807365 7.64095511707927 7.41056063896125 7.31438813324898 7.51018778232299 7.51122045658123 7.81581092175029 7.28966834607863 7.40965412387349 7.50839745257927 7.58814066653644 7.48554455717384 7.72944265777067
"310" 6.18917669645894 5.90689496491342 5.9327924079405 6.06692802774872 5.90556116307775 5.76165962089786 6.13570926342607 5.81030481420062 5.8656007721171 5.76259677748979 5.99090143880901 5.78525218573741 6.01556281265373 5.99894999934704 5.96151662874963 5.84629941019067 5.93893108287962 6.08783548458919 5.94126004358053 6.216185401261 5.90165859546199 5.97814128424984 5.95313186715864 6.01423799691418 5.9814536803321 5.96396761613612 5.9230336649931 5.83659949187147 5.84157862980525 5.92454463994631 5.87997878516571 5.87417724041897 6.29158008037485 6.13084961184356 6.05671952455105 5.75092197926096 6.06943127298343 6.02829266100833 5.94109715983256 5.89191568313399 6.15840465006291 5.95389921114643 5.88140208788727 5.98621973877353 5.93462371376003
"311" 9.99363020783222 9.71145695798194 9.7967465528342 9.81881896734683 9.72802642098426 9.81263007944593 10.1200215644166 10.2094156968646 9.45715442939544 9.97249804724208 9.86796924058624 9.90493905141982 9.75588029754367 9.8589924957424 9.91994448960144 9.94651765927927 10.141113730127 9.8995902809676 10.1046843882947 9.94267281294976 10.2215008065619 10.6554010884926 9.87916451106093 9.89666471995889 9.38045079070359 9.77842354763234 9.96043466697943 9.84297029704919 9.87247498869901 10.0978174933976 9.82803959108407 10.125359469811 9.98082621109578 10.1979062832913 9.7367900144829 9.75573179622903 9.88277869642436 10.0455091461154 9.93081916773006 9.5781350644351 9.81815459507876 10.0638255384903 9.75682819029144 10.0150141235284 10.2632442734323
"312" 9.68971994904681 9.8562413282327 9.39923824559202 9.48478878089168 10.0893333860108 10.4119973367512 9.67280712482781 10.1552030784544 9.19294422638152 9.7074852684376 9.29148145717271 9.52394349898746 9.51475113877344 9.30084200706617 9.54555334571464 8.89163152496407 9.7477210279063 9.54566093017409 9.60306295985406 9.66133412057131 9.6032724439215 9.70638666579172 9.53284141335103 9.20489836036712 9.55522891035031 9.38275542214025 9.32962401671303 9.50546905501255 9.41165994731826 9.38076160554306 9.77760568065013 9.82149649823027 9.39370974447656 9.6494918336263 9.3530432459239 9.09328601397786 9.16209678967157 9.35073693323953 9.99586675934383 8.942302736252 9.52088510745166 9.81240109760282 9.35005577146476 9.66408496754325 9.80897577336835
"313" 6.15721172965328 6.08579035938896 6.26926111738681 6.10798527907977 6.02512790736681 6.17538186237086 6.15215849278786 6.21209195593089 6.27502387242883 6.13506290688253 6.13195243188376 6.18307237174928 6.0383309411433 6.04668750570434 6.26117134559104 5.9175195322398 6.18628101748962 6.34000416766905 6.2927885823744 6.20489746172636 6.09532032541774 6.2341172485771 6.19683822843724 6.26430809324278 6.24229157528848 6.28627256690648 6.17079282607077 6.26051810322431 6.30706328147633 6.22578262563118 6.18939680972619 6.23482633446759 6.13034612379357 6.08960408325188 6.09451980258091 6.11379210590937 6.01705419328728 5.87358744494921 6.2253641616565 6.17871571191621 6.11540897189981 6.25033766623026 6.13041176801556 6.03280670536892 6.45558735467417
"314" 9.70292681412546 9.266704895031 9.04858346028549 9.49876787551403 9.09482355641712 9.39272743940634 8.9464581319734 9.59053820949234 9.52135077944494 9.38990074624382 9.46459218853633 9.45491542330062 9.15545922684734 9.29483273197346 9.58123961546094 8.98993931378631 8.90085131103114 9.60709805155042 9.38832895310213 9.75559780776911 9.29893988672486 9.97294927814643 9.03651776706999 9.14983755201347 9.43251647202659 9.10481064981096 9.30552712030787 9.04111395893921 9.50860345019347 9.33440141538762 9.25461633648345 9.61443341877123 9.35435167534099 9.41933713427734 9.24017428995235 8.82250434612641 9.22411113407448 9.20041282246082 9.86192702345804 9.00699458730253 9.25385609717253 9.51345242214198 9.26419463425292 9.73845907593847 9.40848626324066
"315" 6.52473701649222 6.5159901690328 6.41374658224452 6.35367164243219 6.13658075697129 6.51697833732923 6.177223757529 6.438766475534 6.47093147828289 6.36099798235195 6.50210860899513 6.33528436367778 6.50851821947694 6.42902963637402 6.24732621796401 6.4269261971337 6.24386883142261 6.44019380017792 6.54387582013888 6.56691440668648 6.35134593493935 6.36935799153179 6.50972212962909 6.51890924383732 6.37386989320595 6.4800510375346 6.42255415275308 6.48102503760935 6.38198265465293 6.42048932579758 6.54603373617411 6.64418668222188 6.38965608093126 6.42020994563483 6.54231851756879 6.31788902455865 6.34376128310002 6.6447520368768 6.46831333583724 6.56479075179448 6.34709307574173 6.58803614901495 6.48204829471047 6.39262439820058 6.44411014659031
"316" 6.90708059403153 6.8099056031278 6.96654261224694 7.3178674971945 6.95277383056148 6.71472824185752 6.76418857650708 7.37986277870447 6.73668916539851 6.84330541813649 6.89901824952516 6.91444965552508 7.01168080972476 6.83137353701354 6.65997369448747 6.79385318842941 6.65693601508696 6.88121689024792 6.69978709863177 6.4688657437665 6.65634802330078 6.66635660074692 7.06381186500728 6.43518992270067 6.59235258746935 6.4827275640609 6.70604501572428 6.71164120575919 6.47855836185555 6.49267669418668 6.50543418935081 6.89602878594127 6.66546404196903 6.76173621235187 6.61566288149746 6.70022570810429 6.77865127502363 6.99313290968877 7.01459778240908 6.68754877609906 6.57477403789325 6.60858706168572 6.62778797621521 6.98774051362457 6.81408160852321
"317" 9.69502345736671 9.67512112436836 9.50201060985198 9.62501450252363 9.59267067825081 9.50909941868653 9.78540516471709 9.91272751455002 9.78983251110482 9.76436110203059 9.90655686570191 10.0113180343172 9.52866080978092 9.58629536887521 9.76499802861382 9.27334515934196 9.70061784177899 9.6657919200648 9.77986902138454 9.86140896965329 9.54727038292701 9.97521097606164 9.51996040035229 9.50530935293113 9.28384294647697 9.3915368130361 9.38662741059246 9.64068906661054 9.54782172158645 9.43582501268871 9.33906430490509 10.0653869166902 9.36319803836272 9.90482718645811 9.72766435303729 9.22806103474086 9.79402904436307 9.67445842132306 10.1194296902419 9.69037877838817 9.49321061716338 9.86303096905754 9.44384101047376 10.1328237028861 9.85118072148079
"318" 6.02069916631165 6.15786962609296 6.03579729754946 5.72585258130286 6.13502475346152 6.13772155855586 6.06844523528281 6.20070860794218 6.06189525211652 6.2811716200867 5.93992261077308 6.03072114913982 5.96842223569176 5.93753306188406 6.20678695885152 6.02789894053244 5.97266361089541 6.16900191720095 6.19863950812226 5.9016351516304 5.95316561324616 5.89995724514178 5.96882900228942 6.07931790807701 5.97279361136716 6.05329905136766 5.90579141660974 6.11766138779377 5.9425289919021 6.26318845170767 6.02125849115105 6.00078152830587 6.04219097342043 5.77962655904888 6.07470429332441 6.06921949448703 6.16344990156039 6.01088555463108 6.05930856845222 6.26655301451678 6.02009984877641 6.02607834790013 5.87014140182982 5.99200492017284 6.10838760768179
"319" 6.12129979145371 6.29336792395145 5.93667240437991 6.26905778760251 6.23468140810657 6.23279492641941 6.07843162132365 6.20292474829807 6.08257085936787 6.15527722017002 6.24291791860945 6.18660528981485 6.38692575554592 6.20263176654232 6.15464075106216 6.22016384924827 5.89948256816205 6.14928605784851 6.09562307844116 6.19020226425146 6.1040199223108 6.17074791152986 6.42608896297615 6.2601040660519 6.16251035761982 6.16251393258158 6.1399359141854 6.06174143303636 6.228403704461 6.05343490931582 6.01241522976992 6.19220541295893 6.0248329488746 5.97255752686538 6.0017092494139 5.97726219688622 6.48493388768057 6.37273636433383 6.32631467734037 6.19937772602226 6.18744851119331 6.21188575980417 6.32448894224792 6.13962578319392 6.16330665248801
"320" 6.43233766664996 6.1374198676652 6.40207916688801 6.18130781497085 6.53143976049865 6.28214797996139 6.23009416115503 6.03831311295058 6.21675730658711 6.34131659549144 6.33798270449425 6.3118368931992 6.3683567587539 6.33701452542103 6.14911770662957 6.16004250205454 6.04030845413815 6.39857501769091 6.20350313216796 6.40111675389232 6.35931046883236 6.1561166969231 6.31723882165413 6.23578724043775 6.27992583172087 6.28585083244116 6.30369002537233 6.31441605310132 6.09600643033626 6.15753145405202 6.17376272509331 6.53177928667365 6.31992640988662 6.30640738377217 6.13114049412451 6.35523318285676 6.32832105051183 6.26371639529858 6.2312224869915 6.13151056264829 6.38013754735698 6.19398238194113 6.06071846987223 6.25490679848917 6.33594314948536
"321" 5.83979732905851 5.98017792566528 6.03955514348004 6.00994309640264 5.6893256114945 5.8917561326665 6.05089295033183 5.96259935714138 5.78802317277081 5.88456515444929 6.01062993474209 5.9414282682223 5.88152298403737 5.95611659173281 5.9548560211819 5.97884954122202 5.93174951627516 5.97781552452277 5.9747070040267 6.04454727161505 5.64391984265186 5.86751421396149 5.94660444130428 5.7123833985344 6.08613382488521 6.02467725856044 5.84577574565271 5.90077936693038 5.98114249257084 5.73679747369441 5.89833167837813 5.70091140372646 5.82826294197275 5.99971675196703 5.83280298559855 6.03378267375537 5.73719127810122 5.93387134311914 5.69401849097874 5.88265149846272 5.86455400175358 5.84133748778109 5.85059440917301 5.91970213036263 5.82455677821433
"322" 6.40356199313646 6.54073637546875 6.25999030628911 6.38618530645111 6.47174995828751 6.36604619303746 6.37672706041241 6.55338356241309 6.52536633966938 6.38635094974499 6.45455078248683 6.53633981230296 6.58341151426588 6.2757458514974 6.4926049858039 6.49189548203905 6.43084158456072 6.58351487301833 6.46662056624579 6.67260787708278 6.62520051244845 6.48753696935381 6.29389585272403 6.58107468150794 6.25770882049385 6.35031262714979 6.56439522441589 6.52458216481998 6.45459606942549 6.65628646361122 6.60235134794345 6.53876538159779 6.61577427345145 6.32971866305796 6.5212332086931 6.62145033127156 6.54707651122124 6.51003296752731 6.55810407768973 6.75783840726646 6.65852172597209 6.75131911831933 6.34833349919789 6.64837902876804 6.64255542851219
"323" 6.12718021981466 6.21720023724125 5.94924687110098 6.06031928866981 6.02317011219635 6.16379031601822 6.33799165659235 5.94511469030967 6.19826646871206 5.86863013711787 6.03342787459412 5.97208643887678 5.99402063044892 6.02358275400153 6.01732526137386 5.8097824775177 5.75043387222647 5.83450285864349 5.97894618110024 6.03710034142986 6.06865427807983 6.01473912491193 5.89854105109283 5.86567602629831 5.80877386924123 6.24660872475138 5.80599528745179 5.88786565418994 5.91039856604156 5.88305048651665 6.10733098398719 6.09122913707914 5.9277952259809 5.96414135644644 5.88446122334727 6.26509430173927 5.8436661117895 5.90142733595817 6.28868738829985 6.07904122638863 6.17995907211169 6.02459837730133 5.94680547692698 6.08683541448914 6.0266157097469
"324" 6.31168808511196 6.41483909570189 6.34688240122579 6.4878285694549 6.16116869620001 6.25080352882698 6.1864319113421 6.34133392586953 6.19323738815865 6.45349636887002 6.24028407694296 6.40585789619897 6.48093113988387 6.17060975154198 6.27195222960062 6.38353008030968 6.29015173625545 6.20731827221866 6.0795835878209 6.50710240173927 6.09812286408706 6.1954517811425 6.37017924735205 6.20083637211316 6.27608366968853 6.32360166543966 6.25600833063756 6.25888107298447 6.35639364559391 6.23752015769478 6.21024804575222 6.15889327675055 6.2180685319133 6.28926908468667 6.26132439289397 6.02637714233591 6.37740883492519 6.27354044979401 6.13680160224112 6.06630413976578 6.19276232546309 6.22103536565211 6.1858402238017 6.3663745989007 6.34027883180121
"325" 6.05626952049774 6.19576981020727 6.36000635378891 6.01511720546933 6.23478519119941 6.31473709391361 6.0502424903813 6.25115964011361 6.30827541866937 6.41030990633264 6.308117191316 6.19436788329179 6.19069341763444 6.39485905882293 6.14173819979144 5.95127960705963 5.84016285515553 6.27895353280031 6.19515364777142 6.43755263677602 6.4314526861518 6.57016287237144 6.33279508560408 6.49032030909467 6.59788478472339 6.0433867178892 6.13250075717341 6.38928932064885 6.46515198476027 6.18060917932227 6.06556766586378 6.79199025069434 6.29819390369051 6.1985716626184 6.29134905654692 6.01083966107477 6.27650412756268 6.02385155477645 6.37423690380393 6.39840497175933 6.50821801829868 6.47722333512052 6.03698854256939 6.35997535901938 6.19747740824183
"326" 8.34474716250333 8.42715280702165 8.04241346767227 8.04318239040597 8.25996535982127 8.26403333043348 8.02001098196288 8.4801185956398 8.01185696149917 8.4596430667935 8.50032321139059 8.46199258155768 8.21803750541672 8.35340988446082 7.97011560153194 7.90512193970183 8.36447931681971 8.29261904440086 8.17390857024919 8.49022109269061 8.55876072335231 8.38644263133122 8.30759873945882 8.25603778731347 8.10267216783707 7.9733249948472 8.32316504097345 8.09284082110319 8.12566471401302 8.18237328381283 8.45510546321579 8.45884798499841 8.40295775090702 8.12894514218478 8.06425167320444 7.77080145806859 8.05701334257613 8.71091211494511 8.50221333653237 8.05119550130227 8.27089016352807 8.62069840054972 8.34884598196929 8.24532162869216 8.76856861923912
"327" 6.16651468675433 5.79102083959713 6.04439328117198 5.98868680621395 5.96615559398751 5.87859964834137 5.79442197079658 5.74548788184458 5.82518684807406 6.02964653449084 5.92675724313406 6.06166548935985 5.93127307846823 5.80422406193604 5.85771881804101 5.83621033903609 5.9547894885882 5.73967348695129 6.082738181515 6.1099971005295 5.9897548400923 5.97755088364224 5.95665644683127 5.87404674076232 6.05875601682025 5.98365656710175 6.09266753251213 6.12863578487054 6.1365868837302 6.10748991785841 5.77362828442337 5.85014721109111 6.37498801707384 5.80823156105207 6.31249158427267 5.90043463737421 6.00454260629539 5.89454172005512 6.00736955127467 5.86037781066968 5.85518683014349 5.99667558340456 6.06423237694868 6.03709708570717 5.83644998005478
"328" 8.7416292970427 8.08514565027444 8.54664653534864 8.51875410915952 8.37721345778772 8.47823773658086 8.89652068202016 8.64930143558234 8.71940491855233 8.44746746026726 8.80990116765117 8.86638806120865 7.85290300558226 8.43487848689699 8.44199349138909 8.28973072774035 8.10389147477152 8.16843577990255 8.46399256660529 8.87086059890903 8.8487694222861 8.51013575041575 8.84894458845503 8.52126672366668 8.22594553682611 7.77291003893596 8.58990032623435 8.41733286701447 8.88347060198772 8.63464135599934 8.22956148877962 9.04148284886398 8.36641948745885 9.06542612906102 8.47354581079363 8.36578622552153 8.53724918202341 8.76352365529699 8.98941371101058 8.27649094849148 8.31799746881011 8.73854615805264 8.51615998718012 8.73600049156346 8.91617329720385
"329" 5.97532938532703 5.85855590554432 6.13067235327221 5.75099673474555 5.73867997567523 5.78596965062091 5.98179398301042 5.79318566104734 5.76794378614321 5.91951588696369 5.68561223121913 6.03800942651236 5.95532728010706 5.87661041211345 5.82410840818419 5.86894399008204 5.6852049733656 5.88424759750724 5.67578696854888 5.61546133486469 5.88229964391427 5.7478755684502 5.87535684296366 5.78942026109678 5.77096691726922 5.9913416996714 5.76745741051846 5.75096384745657 5.9656677949372 5.7954666403592 5.94413770793909 5.6167536806915 5.88764416453411 5.87929640009437 5.94714751511643 5.82865129389772 5.82981253562356 5.94524545596251 5.87650886267343 5.74278761249488 5.9873776916136 5.73053262854556 5.89976317311584 6.00559242537942 5.82156382677228
"330" 6.24063377081775 6.20687686860036 6.13613845431582 6.00043578170299 6.05805336870822 6.01691649818018 6.18372894908051 6.22014470233916 6.16014156375374 6.09327343144511 6.10869843343144 6.37497667427989 6.34923305885154 6.24442024993185 6.18784025337331 6.13205006386913 6.01595303639229 6.18093147810048 6.41040309384809 5.94577040674439 6.32977149088527 6.09546706444801 5.8462366724069 6.40472833456387 6.12349144631829 6.16492113842235 6.02726452045416 6.21597234825697 6.03908122637733 6.36411424491818 6.1471513913545 6.24198944092947 6.25651679262491 6.16916043928822 6.19391075350731 6.02504033674813 6.39684815233758 6.2039506512871 5.95435264690747 6.1547392467061 6.13427306939781 6.28254943907902 6.10559523945882 6.23401293509656 6.37347530944911
"331" 7.51956563490592 7.63858395942163 7.29913751192982 7.68073346329549 7.36190508272224 7.38659636479805 7.85283874335525 7.72871040997712 7.54394019129875 7.54798256731949 7.3166600440844 7.62373944502866 7.50180032839371 7.47252554016908 7.78551879260091 7.32015979839364 7.32250883883918 7.77645881209303 7.58026944426028 7.43832526548297 7.77527988661166 7.80815016392769 7.26850382813385 7.10829611706338 7.26773259697008 7.0197645691088 7.52881731217412 7.10486277527157 7.48661743928381 7.78176936147491 7.81346212424746 8.04747396149537 7.28314620128415 7.53604110367252 7.79700159375745 7.05780247570718 7.46048314175956 7.44646859354584 7.68040003534166 7.47116401716459 7.54851301767799 7.77085519683499 7.37923276992068 7.7253838435289 7.66622570339292
"332" 7.51743881663413 7.26143966474377 7.88955863697467 7.04162618577061 8.17134817047498 7.4953327991387 7.4185948563902 8.48977565172207 8.2264624465579 6.99029337346722 7.74262599639355 8.04047137014479 7.71855030529287 8.19135544829251 7.68464442342935 7.40930706156471 7.84234640424452 7.03222034343757 7.80622491113961 7.59796906037556 8.05031000852484 7.88931522312661 7.64683956138292 7.6577588616663 7.53107621158442 7.69961678910729 7.4473050106512 7.97409905350147 7.22621802817471 7.20791964305529 6.76625344746863 7.76797383109167 7.53590336871172 7.83890949304696 7.31941074539872 6.90144004252776 8.0875656101497 8.083980132267 8.48295405931491 7.90233149077448 7.42245017045465 8.03590096358293 8.06480162639405 7.95864013970017 7.94477081006661
"333" 11.459569870196 11.2271873035141 11.2068408979471 11.3502023129906 11.6247299540223 11.4007939710847 11.5086374386925 11.1969528418319 11.4229446604687 11.3981211311607 11.2063491481791 10.6318601560054 11.3184110451444 10.7124709061382 10.3898893870527 10.979134951103 10.7849520704371 10.8853437914328 10.8929178772419 11.1776172848494 11.1493398550122 11.3760766928744 11.0356589931211 10.4196207318554 11.063846811237 11.4771599259831 11.0059685539555 10.8512308739248 11.1973129788411 10.8407736060511 10.7203200804143 10.8449625537794 10.8287433904413 11.1106008195611 11.3098262231387 10.8948115647026 11.0135094090857 10.7376870989388 10.9761632231827 11.1997376512017 10.9211558801822 10.9302058954088 10.8381209073959 11.2827028902392 11.2776890017061
"334" 5.93718008107186 5.87775191105714 5.76395213746082 6.0333805044773 5.92999408202637 5.77551214528103 5.94337265062287 6.15503676034072 5.97121719623072 6.13257408565229 5.73161603476549 5.808510761575 5.92445489041106 5.86866923072985 6.13888744748932 5.76229475213046 5.83232135365521 6.04697056972508 5.99680454318273 5.73707733370313 5.91869693990232 5.7727567584358 5.90098203861796 5.75003652356625 6.15700638247869 6.00615790464016 5.89864869687924 5.95639512960984 5.92995740587804 6.0409766755511 5.8103268113059 5.85692834908682 6.04979132454582 5.89976229323831 5.66247022451201 5.96628640028469 5.89384236497711 6.10441121215164 5.91263654556226 6.09215623140002 5.83833925203977 5.88233426746811 6.05562903250737 5.8458373863654 5.87610446260678
"335" 6.63310243320679 6.58757071868168 6.27706996900032 6.21165786623055 6.30910747133054 6.34884023129112 6.44549824482069 6.28620414871225 6.32490891746497 6.35726855850566 6.32480984690698 6.47428632824553 6.27635009126829 6.14747300037216 6.23980806438717 6.11697310151496 6.30214249251157 6.48013575970158 6.32666166500272 6.36234099069337 6.26030340777717 6.49898141736452 6.2891427892688 6.29586632891121 6.32048901909738 6.33180592615628 6.18388246216909 6.39121071541929 6.48894592768382 6.28777235938065 6.1934515336559 6.26898988885293 6.42408413611734 6.35115398402372 6.16854549373757 6.38018701936473 6.18803096997568 6.42169505717571 6.3370497384289 6.27106033974209 6.24336975721639 6.26656085621853 6.22504932508236 6.24855422174102 6.05166686721676
"336" 6.25468657402255 5.97703346738562 6.0584095983605 5.98826588859308 6.24314672834075 6.09116750429307 6.10818893180158 6.18296191199804 5.84171199718057 6.21965818445611 6.21904757583817 6.08856101878145 6.0857823936372 5.97069156225081 6.19037933201973 6.02911661942611 6.1128267317773 6.24161207002617 6.13768480439884 6.12049902688696 6.12493870520838 6.20583567576364 6.03931241408167 6.14733545410977 6.09031265985307 6.26537614145821 6.33556188750472 6.1334247316505 6.23676550412609 6.15279206864991 6.06519284611581 6.13023813510548 6.21277519155115 6.34193010816376 6.33749894474021 6.2465441572562 6.31817248561537 6.27769942631055 6.29973969948906 6.10923818630216 6.03466696814228 6.2349326308093 6.13365344756562 6.01997021781841 6.20836032484624
"337" 6.17668038855672 6.22067498522491 6.25876617178422 6.15932371347852 6.3021156292393 6.05945422622476 6.14264786239775 6.19544810480473 6.27711654110807 6.13177237342477 6.43116577738762 6.13295175579921 6.17602756810498 6.23505811221195 6.29637588865135 5.94308641906167 6.07753554698647 6.19046052468123 6.3294541058384 6.28311791681425 6.19595235127228 6.24976457257948 6.30145343961858 6.48836436501611 6.30839760850137 6.22768329872251 6.36709903758532 6.10856617604086 6.1976305992589 6.46857438207597 5.90299121157468 6.34200130249977 6.25773542263622 6.19783493457926 6.25248221169444 6.22115943110589 6.34724908167957 6.09569283559899 6.24654031633328 6.03819263598436 6.49964998669075 6.27408493070564 6.14085561212245 6.17872705628287 6.27070100524879
"338" 6.30356013881968 6.31438247837314 6.49731127772091 6.4190408921363 6.41831990796266 6.60498847039353 6.31846393670396 6.58106418011477 6.42917986766577 6.4412690797529 6.4553245194236 6.45950897275157 6.43263552398759 6.48075914297304 6.28095277605922 6.48663761516227 6.23982745224107 6.56923724499643 6.61170739240811 6.52460095739158 6.45298272620789 6.40177076834673 6.43434569493913 6.5604268236569 6.32904995844231 6.35832118165044 6.33859947322147 6.29100364898186 6.40588283001424 6.2804906026027 6.69099155893332 6.09345593856274 6.40353629561515 6.7013160628113 6.4826605501822 6.37020172377751 6.40476209422434 6.50412624619178 6.58043722514942 6.36056349329578 6.41825646411353 6.33452110413671 6.43049089194288 6.51519290435577 6.39146229250384
"339" 6.16487252738993 6.12452578956169 6.09683211121163 5.93247658854725 6.1736298325271 6.24071772629443 6.26671300675003 6.23126005138888 6.15389295064799 6.31163987153528 6.10741353219885 6.24030411363394 6.26636404744214 5.95956378812399 6.01215722651383 6.0739983163448 5.99979282436546 6.17322584206033 5.88658216355924 6.01069835142266 5.94626567885878 6.13210755902241 6.1747852031688 6.25273376274087 6.29931459761291 6.03639149139803 6.01670499922263 5.96217839023935 6.11316427790921 6.17602102244538 6.15479890397065 6.10441208533265 6.19704545992336 6.07990289512823 6.06423913242946 6.16311540804752 6.14922742826914 6.00216444613817 6.11755533450519 6.24545033726563 6.18636576996011 6.33779352252042 6.06550556122016 6.21312784323405 6.20162653028868
"340" 6.08448189007137 6.23915097119281 6.09672843631346 5.87013717259789 6.11978220206136 6.12743077583366 6.13021107061524 6.19315414292952 6.21567561862362 6.15141642492751 6.21895105961708 6.10404914615721 6.2987814279497 6.27243286328225 5.9942705717066 6.02240420467061 6.2581915496606 5.98101796328443 6.05310916085315 6.29243709804869 6.15893515769877 5.90322699340081 5.99117886343005 5.95901653280908 6.17183070950916 6.23873762924055 6.22279727181303 6.07858400460706 6.09765855510139 6.21764868794472 6.29562978783209 6.28072662035608 6.16790646248667 6.05518481046552 5.94527878054852 6.17843391994021 6.29388314770949 6.19728214756665 6.21288860441827 6.21264925983756 6.23993111525483 6.18738961792096 6.23446371872812 6.07579143617005 5.98940326556491
"341" 6.2014684294452 6.06558677411637 6.08457987590278 6.01361746039793 5.89797075686239 6.07339631944207 5.95941078541901 5.89583622194705 5.85999159698649 6.34020953065694 6.13835199033054 5.93086943584048 5.91391144282627 5.83551313141421 5.82428458713705 5.89909970551476 6.0363528430031 5.89148487657832 6.08033629569686 6.08202327408708 6.1904745479757 5.82422511853066 5.98292343296902 5.98437516351614 6.10448459815665 6.03668387675681 5.85280008449873 5.90996004228992 6.11030852128277 5.99057934465738 5.6248042071487 5.98137503716021 5.79928809439221 5.95801737312124 6.00231317290582 6.06066434214635 5.90684515305586 6.12403675626925 5.59763875092977 5.85339175240773 6.09503933682706 6.16836753837116 5.9504014248548 5.97005257207113 5.94064910305732
"342" 6.81750853757946 6.6688515527364 6.78802790635043 6.69238702912059 6.59779796395741 6.72009631291342 6.85460764336496 6.67134722315301 6.64039464412001 6.70687958087633 6.6478149197316 6.76276871562538 6.63711704627606 6.85645930871584 6.92392078300602 6.73088319289282 6.80766661693954 7.04525510271674 6.94753664056414 6.92369912846231 7.02247729105971 6.76607763336703 6.50281172564718 6.90478711540195 6.90131585501782 6.88337948004134 6.79105804259116 6.82283660773468 6.63788220916162 7.07788573723005 6.65655828377534 7.00134360383044 6.6397759103341 6.99988854998066 7.02906840659799 6.71935533112837 6.73431720348917 6.9372981860303 6.7794439981801 6.85527611329623 6.8509269211654 6.87207852670505 6.74722573903031 7.22962012239483 7.08444502492512
"343" 10.5301161157881 10.0534410830788 10.2044846439852 10.2109185586762 10.1693855355023 10.3215926207978 10.6647867288055 10.4554894568974 10.1516004415467 10.369474173419 10.5196224077412 10.3346579409965 10.1595538291217 10.2851918999771 10.2503733567017 10.3848774744893 10.3493184160777 9.97030475767802 10.2471656997186 10.0823624046763 10.7200279698629 10.7670119586445 10.5685274580283 10.3973593326559 10.0854498578862 10.0364670718192 10.6151917426358 10.5363298071533 10.4340915800316 10.2046184061488 10.306173378404 10.4831438390868 10.2179736642051 10.5614124873062 10.2916891821479 10.2553519333433 10.3426563999323 10.48203960206 10.7746469901602 10.0872396080622 10.4549707661902 10.284847314163 10.4725707815495 10.3496628486496 10.4357352905152
"344" 7.20399190780116 7.02821155947209 7.32024343905081 7.11154614414505 7.25236500043218 7.48626544654108 7.5120120733545 7.19261847207544 7.1335328527472 7.06234042798733 7.20949142716432 7.05091167936371 7.21497195042488 7.04610605411848 6.99536933651253 6.74546678282959 6.96107428608766 7.1987591251297 7.09503235573074 6.9980693732645 7.6472573606216 7.35178695376915 7.15139740098356 7.37479762941848 7.09254378599123 7.17940486682749 7.42197686958804 6.9859931279834 7.31754354557994 7.18978339381757 7.54451950604577 7.3673470423265 7.24310426867461 7.31243969783833 7.443322476378 7.04488536631209 7.43526437444208 7.20620518369575 7.51559942027514 7.11802992171724 7.22173774534166 7.438252087901 7.43298175640336 7.10841682425417 7.30700368423878
"345" 8.63048461787831 8.36438083298859 8.25344298909031 8.99696150252914 8.48427040817466 8.78573298736778 8.64754678725811 8.48217243161578 8.58980157768365 8.73272716720762 8.82060580596127 8.65141595446522 8.62827187793625 8.63335173089072 8.37754133183313 8.58587801782192 8.58994843635317 9.02642050457883 8.66476635216159 8.70530322459525 8.88228281773392 8.95789016069038 8.88038366344025 8.67000706389258 8.73383829910803 8.68909243515119 9.04239205465898 8.38142904871376 8.64873122417535 8.93792007405616 8.91523407077511 8.84130931959407 8.8833496705843 9.1560076896796 8.59712885952803 8.88294485000615 8.48893920941285 8.78751857370349 9.19000685484271 8.58431085163711 9.0719226803733 9.20550816868199 8.78616371964215 9.23863239608913 8.66963483276886
"346" 6.32318421303683 5.9263467435756 6.00198353227163 5.96155599241573 6.02487703779332 6.01075041928077 6.24661685570906 5.82489609762931 6.00964500514444 6.07303175196839 6.24118197554126 6.16670134608262 5.83334422042375 6.04476443434123 5.99403484547992 5.67645159433017 6.01591708047184 5.84536648054793 6.00348900019757 6.13913048120172 5.91673296093384 6.15722198390693 6.00397220140206 5.86211928705982 6.19126810046309 5.92087179924233 5.84558659592511 6.15678170393482 5.94021978513187 5.84658517674294 5.9165439149225 5.84703975479505 5.97036920239218 5.76985656986064 5.97640144735657 6.02403417964736 5.97005378431974 5.91086516236057 5.95352606463102 5.98783607013189 6.05784941198501 5.96006709182453 5.91952149504631 5.955658528742 5.97453278686976
"347" 6.15133776106234 6.17416760567981 5.83899893318151 5.90806783474413 6.49453562812028 6.05801334235811 6.10644561997675 6.13105596460265 5.96787273544797 5.85844489269897 6.1963405872327 6.12444489957886 5.81762689237577 6.27790573460215 6.18646700959485 6.12776139070069 6.01686571162318 6.08639984301821 6.11960522277971 6.32332578442984 5.96311006790958 6.2234535242769 6.3110457838095 6.14738496843441 6.54709150816095 6.11706001697273 6.18683591299936 6.2432822973792 6.04041884024694 5.98103828048286 6.11258678321762 5.99568362619636 6.01088139570074 6.23636340885047 6.20476357120413 5.99388902659756 6.0458974219965 6.20928814884955 6.15588075317119 6.10036197145931 6.24943416044906 6.12026732053266 6.11379749850976 6.10308618626568 6.08633954130921
"348" 7.99961383085935 7.9550369987085 7.92029199423726 8.1488195496599 8.17458021795515 7.99667782880013 8.18139787289246 8.19144089957568 8.44019615726271 8.12242646588258 8.3600568896065 8.29358869340438 8.02162762982118 8.22729219752465 8.20915251506247 7.98400939397811 7.95248508755943 7.94255981339008 8.17335566172503 8.1124453713386 8.30268098133966 8.50017881798167 8.25329380951508 7.90679864951756 8.10397438429265 7.57678211598303 8.09779387882957 8.06538794859493 8.06610739319704 8.14857728073488 8.02145680827153 8.06441703456373 7.98912238753213 8.25856192087853 7.81539007410854 7.96586049141077 8.0520295649295 8.18355213619438 8.34961894757692 7.95741439066915 7.93081412508475 7.9989626139242 7.92773710456497 8.21089250547685 8.1613219263027
"349" 6.57567825493075 6.58705106522347 6.26764553385853 6.48127786374796 6.4356283162921 6.26730895059131 6.50032325607954 6.21558953888066 6.38580254335709 6.28600645623042 6.54044037696277 6.45421361740012 6.25306657390926 6.57000588678498 6.39100907866803 6.41949087734095 6.3502545075044 6.55240842666997 6.57563568760048 6.19399237790557 6.45706263479221 6.58325398728349 6.13809608102476 6.39691021395054 6.28964630488164 6.3738485770873 6.37244509395615 6.2194260887579 6.38407781833811 6.42773050743893 6.47290674897543 6.51098492373129 6.40651809792764 6.34061062669949 6.22296047263232 6.23287167206713 6.51582192991839 6.39210250830724 6.49521279263526 6.44176959427797 6.45379076840239 6.40877723104 6.52060834801963 6.53222179542827 6.51280143006478
"350" 10.6850238552087 10.2233926826287 10.5078734599561 10.3662578363511 10.4168718003277 10.0132435062037 10.7557338148081 10.8912533408047 10.5672121259588 10.6127816336202 10.4577469882705 10.6949794601406 10.2772596224429 10.3469884869098 10.3567456250895 10.3516185953824 10.5737628797532 10.4892763973367 10.4724284346781 10.5375189158412 10.6913014480043 10.8068228483274 10.3466523623182 10.6114610941189 10.0960855659935 10.0912538812049 10.6830732895012 10.5303130192565 10.369877498547 10.5479551345855 10.1932228892626 10.9397555907772 10.1264857751409 10.754252501056 10.3520689393028 9.92079587526542 10.6052982248541 10.4219709226402 11.2393847986419 10.270991625997 10.3432482248976 10.6594383821354 10.3280423182248 10.9075842607647 10.8619859210081
"351" 6.55140340996473 6.668950714184 6.42006154970187 6.23713254129525 6.53821301185854 6.37872338531554 6.5126132080238 6.59498456732929 6.42505228368622 6.41882985528955 6.52688147422784 6.70909229973477 6.52285373232073 6.52747464671971 6.41564983121913 6.56159162471581 6.26519816306113 6.42670945551212 6.54706940299058 6.32444429005645 6.26663914693001 6.40441882187303 6.4554039466476 6.48163174306799 6.35038520541313 6.58922419782173 6.29998150092753 6.42305827445071 6.44433211420524 6.39802595708509 6.33929432182499 6.39707286805761 6.62254896262443 6.50599168773627 6.47711748598941 6.09005137223953 6.36721651107869 6.51548832502088 6.53166536903967 6.46531307365971 6.4547509228889 6.26418735898757 6.42908198141496 6.66329693592143 6.44113955525257
"352" 6.09485627132637 6.20509525694686 5.91137268614543 6.12353209615646 6.03867849795077 5.96297630129806 5.87637198655464 6.11457719888832 5.90607842565367 5.80214915984112 6.01982458917831 5.94991228394416 5.97707178324501 5.96832379971952 6.11572651876017 6.06646761911902 6.16526124903248 5.9072635505094 5.97963050052881 5.96625274453818 6.03531841618394 5.8193829915131 6.01379531425685 6.05902687543112 6.2203148859812 5.97180614676652 6.06496395763425 6.24454156133189 6.03266167347388 5.98222512189394 6.00359610320653 5.97589943049789 6.09989582290495 6.08254534088834 6.16000643263149 5.83817012783686 5.97753971108373 6.03535680256164 5.89298878945422 5.93079203087511 6.06869804711014 6.10174245215487 5.89969809246048 5.74694120606619 5.88057901436756
"353" 6.15286905700088 5.86250159040529 6.04737898807754 6.12014317752682 6.04611857274752 5.81943731119911 5.80021805384814 5.92172668930641 5.95762886498357 5.92052922373096 5.96617964825442 5.9529890349717 6.04634680257731 5.98750792145804 5.94185792436768 6.16467319844921 5.94523481954416 6.01183431734418 6.09507420944752 5.81721655603528 5.8725052060315 5.81151756259636 6.08938270666396 6.07086359499899 5.9013983145347 5.78617617792014 6.00417538050656 6.08437516184447 5.95999305768801 5.91452032640669 6.00001515995575 5.92330589156045 6.08774601518776 6.06479218814758 5.9071021658272 6.06919379425805 5.95187888089821 6.14640805533884 5.85958685017922 6.10275138619932 6.07961265704103 5.96983450243929 6.23488372240146 6.11242742097097 5.9358031220009
"354" 6.82942481530005 6.65438246323251 7.01272789495247 6.8315876063617 6.55214047178036 6.60447149837551 6.71940692795762 7.13752814418991 6.7809139212252 6.79552824081251 6.58476072859671 6.77926318915706 6.65297203893969 6.93882106475405 6.97743529388431 6.6696794513722 6.33779072475114 6.53479883208611 6.84967753090072 6.35951193864596 6.68296386291463 6.9058111180171 6.61515306245989 6.63823904569835 6.59488778710766 6.35680330755426 6.68296653627147 6.85273948484977 6.87515736160124 7.09054176895453 6.88472673618108 7.15439890637379 6.77668217776221 6.99821843588316 7.17819856787923 6.91571754686249 6.80001250752133 6.87148855465035 7.09531744730945 6.47983705573418 6.91307647626751 6.83489107868246 6.85096467728707 6.95089886774332 6.80252641307348
"355" 7.52229695503257 6.81258456413847 6.40656406584319 7.82585902692059 6.73334824036922 6.81201607357262 6.75126287899242 6.63395626914692 7.56573629159524 8.1065162970481 7.5366956876492 6.81659782525574 6.80822692653833 7.32860418654264 7.46304712456112 6.44636537786241 6.906296346586 7.03354516401797 6.79537210766914 6.65006100731119 6.74601767698811 7.11707714312401 7.52076860848977 7.10265670414708 7.06725684247143 7.19652300552611 6.69020117937823 7.38679875819881 7.79957287705372 7.02671949361024 7.15390155771479 6.80508226631508 6.911678254345 7.81745081148609 6.78570961121906 6.6149940424582 7.06207722671544 6.47000760599587 6.93187954248697 7.05422083821224 6.88203652376972 6.84395423231895 6.78672127929701 6.72161896844692 6.8600092408583
"356" 6.07066328783629 5.89500136500581 5.91605413132595 5.95425057022374 5.88467483451271 5.97368267379465 5.98092552750362 5.88551053289847 5.96727789818183 6.09613746320532 5.70714773733757 5.93536471412509 5.83468514418712 6.03514872124754 6.24864026478554 5.82535326969605 5.97051184809236 6.10117290672372 6.00591280834681 6.01750374073727 5.89238255268903 5.90686676520085 5.97462572609452 6.18836817389593 6.08403235335734 5.89895599094119 5.95031250868699 5.88074202734114 5.85417829476812 6.03630419505109 5.91314973585745 5.90227611899526 6.15090698418341 5.81131637841726 5.85927485823581 6.27288795650276 6.07592084499749 5.93957822279102 6.05353827956865 6.30750366567797 6.03428974589735 5.81092753026817 5.82527213836828 5.99352318209228 5.85862694972092
"357" 6.23740962517032 5.92425197141946 6.06955919348615 5.99611419137464 5.9609589932367 5.96898561069293 5.94008352989866 5.86252669863843 6.05514286051338 5.77436303107493 5.88255140896391 5.84934965484478 6.12876944043094 5.82904992406208 5.97873904859363 6.1124649825241 5.94227047307021 5.89223113957719 6.19930630322986 5.65723770845953 5.95135680432389 5.82425205399307 5.93477877458809 5.85752853692012 5.93703625009471 6.05191039821 5.85610482849249 6.01558527217942 5.85213637629663 5.87930799726171 5.90019040184165 5.73574030396714 5.65144615319722 5.77159223303034 5.79913198397526 5.97319314546409 6.27055839536461 6.15200863863936 6.03799585363059 5.94117131395971 6.0112713440485 5.83283029081624 6.06512388712547 6.05165817216999 5.85437598842486
"358" 7.88367691844891 8.4520052747157 7.79902719711824 8.2810256864414 8.01488324451573 7.77034443022397 7.75084594684844 8.4353455204373 8.49071272839013 8.2587011083867 8.72017382945684 8.423574866474 8.21786348544572 8.66269626604361 8.06168760105263 8.17760349041658 8.21687750916796 8.17824060126723 8.41179688730211 8.1767344883343 8.18047089624145 7.92476273924791 7.95462039341478 8.12881025080124 7.82585307583531 7.69064826738055 7.8006580988582 7.67370520922483 8.25990708542282 8.09213562859781 8.09508911904311 7.82190821414543 7.78606953910957 7.48060999551065 8.01487148222044 7.97545452012938 7.43022957732369 7.7140011100338 8.19602524317233 8.19364147735051 8.05969875347975 7.72123511451329 7.54737668868226 7.81022063317123 7.70077810639727
"359" 5.8588578584295 5.96206823342409 5.85042869167637 5.9614689534926 5.957132788606 6.00374860095864 5.79258015253787 5.95608879924666 5.9229631896294 5.91591453654707 6.01885599998523 6.23724163759483 5.76952029016725 5.81063987556707 5.9252550912128 6.03532474194265 5.84822532551277 5.75534171649171 5.91086432461765 6.0765367603171 6.0586391098592 5.77440206258694 5.69354968825851 5.83694816692984 5.8693501880269 5.96283133119436 5.96426685154294 6.30769375789061 6.0053013551214 5.71892773538115 5.71585083460786 5.83675885738273 5.92336579452195 5.85360346520758 5.90372180785366 5.97382940638601 5.80525867442437 5.84239248051461 5.84241569545019 6.05609847121523 5.84320434408519 5.78604192091372 5.80622578378561 5.86926031171247 5.96549943249004
"360" 6.64401148177118 6.92658057873589 6.75350553822075 6.78021643620799 7.01137079378585 6.77280126660749 6.80973108327091 6.79964850611704 6.64216363681749 6.9243150718074 6.74382939240739 6.68488191075179 6.7871616767349 6.82979506295226 6.53433638527139 6.73403648898472 6.69178098838352 6.87516094297028 6.78183830738682 6.94489876771198 6.78646182822647 6.85954149428795 6.86803410925668 6.84288837590355 6.6261826836644 6.63117893680716 6.73754891295899 6.70348626666178 6.56858256075902 6.86744642572964 6.81081195381007 6.73599878800022 6.95182356217056 6.82381681582404 7.10265015573294 6.64121745547968 6.77513240388977 6.71620954993094 6.72258861343977 6.93452002566908 6.85193883818024 6.71118928251401 6.62615319560616 6.65885624994824 6.71116790875506
"361" 6.25654103636651 6.08609968738072 6.05776704673155 6.16269675643971 5.96301883391688 6.35518259511069 6.18828809898689 6.15553340052126 6.12169708031035 6.16494598270159 6.10349156147459 6.05199444300329 6.3155814704957 6.13286884159671 6.07082068097374 6.24175750087286 6.1953442881691 6.31905318165852 6.26134404504186 6.10284820180467 6.18571023816855 6.07329339342551 6.31132367912995 6.17122635117869 6.05956724394517 6.15128805597602 6.10917818862901 6.06972451155655 6.10935380722947 6.17213823273889 6.19311220010719 6.36222948055208 6.00379476948944 6.05669547323013 6.17614266452912 6.23389442702163 6.35836156271708 6.17857719644271 6.38234106701219 6.18833982959082 6.01617795128345 6.02957162233529 6.06947646414838 6.18401532054101 6.04446425347642
"362" 10.5512276502542 10.1108656250735 9.99841473409451 10.1285551310984 10.2834926927488 10.4394594952084 10.9499886842611 10.671954931392 10.409468853919 10.6279202846394 10.6596342536074 10.5745296314038 10.2410696880316 10.2713854495207 10.3534197276828 10.0246797004707 10.2350762080508 10.3486450901522 10.4672278940461 10.5229681014686 10.7316116866216 11.1200327086868 10.7182962713093 10.4066525781017 10.506873504669 10.1069162460037 10.2903007668118 10.6169923052097 10.4058537029675 10.4941874600774 10.6837205205432 11.2066329806206 10.4237322473273 10.7545447292445 10.7960120887972 10.4510546669455 10.7609612606766 10.6439406699568 11.0904029811224 10.3622172417318 10.6304786466848 10.9540006134327 10.5711128358264 11.0799314187576 10.7515915014726
"363" 12.3771807097 11.5595306292727 12.177270779119 11.8103213072617 11.7564849854109 11.7175750994394 12.487098259821 12.2252216514754 12.0273694591417 11.8848272684024 12.0747007265289 12.2469067677558 11.8928230730786 12.1449894663055 11.6520584052625 11.6323056591754 11.9450697185744 11.9530911520375 12.0982697337397 12.0977320420932 12.324000578464 12.689727299456 12.0802295291502 11.9657229974752 11.8378629703837 11.6629597449187 11.9812090936711 12.4557663163092 12.0686894721133 12.0451811413727 11.9436925844366 12.6216100228202 12.1909725207757 12.2764115977835 12.123138267674 11.5721842215692 12.2035958139311 12.2349653149327 12.5877743807671 11.7197712767829 12.0773609640211 12.4150315367102 12.2787239795947 12.4581755212718 12.0197337539902
"364" 9.62560804053932 9.26395596402758 9.76349566079929 9.91640377640714 9.64331398025134 9.86715543860923 9.9166144793073 10.1051760168303 9.78408986314032 9.86867422147144 9.91828438642672 10.1890758802516 9.99282515407332 9.66476125658695 9.45315285193901 9.62713744387334 9.51680937959462 10.1318539495858 9.96664543968668 9.83865025222131 9.89650638099425 10.4458530659042 9.96018197218588 9.813884792173 9.65978688658895 9.61648565135302 9.92273722514791 10.0280115409818 9.41254227712321 9.56327225820654 9.61540071213484 10.4502413288484 9.7621769021861 10.2250085792609 9.87874228047047 9.70046694103715 10.2194350631849 10.0744848486977 10.4829936098796 9.54757984476822 9.8291289479503 10.8929171915689 10.1542040527741 10.4136575820996 10.1293340117702
"365" 9.4294563333385 9.52203946184619 9.61407804028686 9.44415844398512 9.23690954340254 9.76299568859511 9.44949604320819 9.57699727852103 9.01456347047597 9.50924542578431 9.22805803704208 9.38843453254464 9.53389523002762 9.30718457590165 9.44415834883843 9.52873342487384 9.00029182444439 9.3440917279554 9.76080464221184 9.49652477887741 9.81424700533538 9.5607073987494 9.5503811940422 9.58609527529124 9.26680662501029 9.31714890747525 9.53275176861834 9.63413492657536 9.53053092827434 9.41156281172969 9.75343991481167 9.21621911987049 9.41058109173875 9.72006466582991 9.20597160508852 9.36939673816504 8.92290513235359 9.18242533766007 9.52379769978 9.11341948731451 9.20243779896424 9.5945925738666 9.18912861175102 9.50528302450907 9.55881577440194
"366" 5.80320412138298 5.88868435814671 5.90812472527824 5.98651385290655 5.94677061159312 6.16553332098432 5.89485970477647 6.07475632144303 6.00051216752095 5.82316324604689 5.79716974624153 5.91849646475041 5.96295435011544 6.02605996682003 6.03296259538834 6.01623640440451 5.95957433435617 6.09526747396335 6.00460454824669 5.82163696540958 5.86976152080267 5.89316640484012 6.01535345721738 6.01345981886183 5.92766998984719 5.97826720690183 6.11685088461587 6.24152394936846 5.98202289702915 5.80441054658664 6.00751652016018 5.97062105854386 6.06876004924197 6.03277931765128 5.96561819202261 6.03010716243217 6.11459049501472 5.89037962942926 5.55376788368319 6.21702666282611 6.207390362965 5.87537282796072 5.99185672688568 6.06087012947675 6.0869793035026
"367" 6.43360335837743 6.27296659769209 6.28441982679835 6.47080813780683 6.4603569840431 6.70275063881473 6.4349637326391 6.10761777433415 6.23316675997462 6.39265468898686 6.35305291460163 6.48741750398655 6.31341769782173 6.35367971978221 6.29107767608622 6.09682173296591 6.51222605493591 6.63330323753683 6.29896986778852 6.5310093594354 6.50426762626365 6.68540465488219 6.3181257398821 6.41655399545436 6.40199108284207 6.41320360136239 6.16683153991398 6.34207187557347 6.26086050192776 6.45760797953337 6.55348236210345 6.43146866060969 6.52942733280103 6.36313782259994 6.56969344964322 6.25969869207966 6.4516635599148 6.39566302172572 6.42826225017998 6.27379419332025 6.21709010595472 6.68454365339229 6.41505738204928 6.62411724405416 6.43241053576042
"368" 6.25888219739818 6.09524155625309 6.21470974131302 6.13346693798773 6.14561925139584 5.9922080961499 6.03865069637844 6.10904819520282 6.06750599430823 6.11530506829287 6.02597041321053 6.19512312034933 6.11361944072268 6.1585526610742 6.06361335688961 6.14141583855664 5.91885247962894 6.02611544139098 6.11411730256506 5.96671095144168 5.99428253899124 5.96453966705761 6.26427644364423 5.94205631943714 6.13056850147725 6.15706838157987 6.06008362767284 6.11502881206813 6.21299340037678 6.06725062758441 6.26228271572313 6.35135722112865 6.31601268461478 6.13348905291884 5.9722956776069 6.06410449927685 6.11443226406029 6.24743071328646 6.1340192840442 6.02642340873898 6.06077660673486 6.26126061914191 6.1643391038016 6.3239210876651 6.01037174915065
"369" 6.53167568088072 6.32051411494157 6.14105936192189 6.49367886018729 6.3156276383871 6.65329850808113 6.71797399754595 6.25195149539313 6.7126926965815 6.52731273545285 6.4592588222249 6.68833962651567 6.51540328124482 6.74850549200339 6.23515367165755 6.20155756925594 6.23658704935483 6.36415475796491 6.34622852824631 6.42570570128946 6.79156012583736 6.44718430251684 6.32285855187796 6.63488884701376 6.4230438848836 6.21198346211283 6.48851725174638 6.28537482274976 6.33284286170217 6.5226410381814 6.32507753745962 6.81012703537967 6.27568461601982 6.13557266930018 6.16355447990614 6.22264551864154 6.47985235499094 6.42808861507129 6.78729057563412 6.84040129775735 6.24290093272957 6.6648441804048 6.38318748670977 6.54067665211785 6.4041945567183
"370" 10.3280339336153 10.0107072071542 10.0118560018191 9.78424271999698 9.79147648653322 9.44972679731813 10.2298259853058 10.1714386866817 9.69877426812658 9.67856059949283 10.081123023298 9.92124028477765 9.59976270374891 9.78536114422436 9.74936471131322 9.69271593308111 9.65419409359497 9.37251293394026 10.1351785392941 10.0000314173834 10.2989539343805 9.9721040307579 9.58932131422615 9.89850954601682 9.38075802631922 9.35238944965443 10.2476588075747 9.9973854612105 10.111430473907 10.0743892690884 10.1187836245662 10.1169486182364 9.76185138734992 10.193578325756 9.91143590453311 9.97935479771781 9.94067098731063 10.1280117079454 10.463541566288 10.2524859736672 9.9621976343046 9.8486881810466 10.2505028630746 10.2439569278999 10.3265258179945
"371" 12.2627413857603 12.6186966639214 12.5137365799036 12.5064091948588 12.3840100518175 12.3285475579742 12.5946528332614 12.7288328569494 12.3406897772302 12.4542699393383 12.5620730863315 12.4405778973089 12.611070727751 12.7893086926113 12.3061329077887 12.4204237548008 12.4989041218216 12.5577158240253 12.9259813505895 12.7240211254388 12.8225199201488 12.9637016549203 12.7295109696002 12.5902719685117 12.586245143373 12.3969803463096 12.7880789118484 12.7028517920323 12.4622428348943 12.781613458507 12.799547037962 12.8347069600716 12.4807656255854 12.7339087459891 12.6114110907486 12.6493564494715 12.6414556121327 12.8329400868772 12.7416717031698 12.357243767007 12.3531718188237 12.7599274620646 12.4770619197902 12.7985057504744 12.5808887906404
"372" 6.20201379933416 6.0694494641314 6.14171573298367 6.10544519375893 6.09079630883131 6.14354539458447 6.02892180726 6.11835926005154 6.14280086362122 5.87719206987634 6.07130757635536 6.04495014082446 6.14002409250464 6.19296819291541 6.17748704693032 6.13231287801953 6.40294973765689 5.99517741283903 6.17068041374883 6.36131229174859 6.07947436111564 6.12652632867018 6.26638239643441 6.17437389984207 6.03122291332051 6.24550104086304 6.13413094750871 6.25468475899747 6.14183821102364 6.23024588496204 6.19676397111683 6.15700465468148 6.05175799764184 6.19002178840547 6.07124780930669 6.22739586547343 6.17564161667066 6.21762463867738 6.22390255070795 6.03407710485846 5.96759964075788 6.12986942351661 6.2244622056444 6.04056042326524 6.07636454194858
"373" 8.41273519328158 8.24967126452075 8.21528500351948 8.46843483387534 8.75940296398366 8.40089981043127 8.51548510120791 8.48427269036068 8.39593883531894 8.56369343975117 8.49637156021261 8.64200486729419 8.70011543496086 8.41169898554951 8.17239149111004 8.27834145008811 8.21779409943754 7.96030424525153 8.08557431688017 8.1126220139975 8.28452906191151 8.22247823046328 8.345191733041 8.34310412657603 8.38465850182422 8.26750174936425 8.23349756403383 8.26372426108465 8.09685302961452 8.18827643552905 8.18968175247263 8.52293035088333 8.15263977215562 8.22468383171903 8.31119360535485 8.09251149082563 8.30615298886725 8.41932935446213 8.90283741606098 8.1224671292849 8.28670998160142 8.55302307001499 8.37909604137116 8.54300180210925 8.41523433330414
"374" 6.38011657849543 6.38894536503655 6.10567864310758 6.34103817120071 6.41123266158585 6.22338118500499 6.394143642862 6.34612951844298 6.36906446740873 6.06622638571341 6.47620450009708 6.44690750747541 6.23335773292293 6.43433952329371 6.21553109936253 6.45750252759081 6.30413595668306 6.30336385297865 6.42518952197394 6.21602203172393 6.36499913668763 6.30968614232134 6.22220459457178 6.37354052555847 6.24627026220314 6.24813355175732 6.23498987512868 6.36885177389218 6.44733516280462 6.44130510610031 6.27204442110667 6.40274190309399 6.13284065506885 6.32715927401248 6.41133657659419 6.12325536634752 6.28589247419881 6.28160133673009 6.51959507837711 6.27412843027925 6.27152788983022 6.24782424638076 6.19072745915519 6.33156666039699 6.46829532792818
"375" 6.82788367279725 6.72414571349362 6.87463688839376 6.6712722303723 6.8405761566981 6.57480447822612 6.79242632786678 6.83823130923305 6.82317673563488 6.60824096517423 6.67309473346824 6.94452974933559 6.69486962530223 6.81625673659258 6.64531309471537 6.43864991058445 6.64874968884632 6.74351079197952 6.80662116042762 6.68876540096167 6.74739294421712 6.86731724696642 6.88067604454676 6.57303295537106 6.62384729035618 6.66392555233981 6.54508059882228 6.48183412939573 6.77144338146065 6.75563685124077 6.76564061263939 7.05815097155157 6.61060384112524 6.88775019807938 6.47824297102023 6.80827491493865 6.70284462876651 6.84377052760033 7.14808105925591 6.58595642796689 6.79781154003724 6.92400340128751 6.96787938662391 6.85398498091108 6.64383076826156
"376" 10.2333237854723 10.0070523794802 10.1463589108266 10.2664789100054 10.0655595439089 10.1561669999927 10.7218724719383 10.4844922472419 10.2560734296907 10.2973212210438 10.1278594719583 10.4679514281143 10.0460641357991 9.90708541994861 10.0575266954068 9.80511316681962 9.90152567318649 10.1482395403929 9.92833419065827 10.0273306252373 10.2608259599008 10.7234064211559 9.96142792320759 10.2001057795903 9.85994052006341 9.89965616572385 10.3630586859342 10.0182859309637 9.84110274000511 9.78402842219856 10.0018273026092 10.4486944547309 9.53120958543237 10.1501989303471 9.89062221567364 9.53876308527221 9.76867235098316 9.83920382745547 10.7255867316392 9.97304021633865 9.9233764825031 10.3461846179162 9.88691797405043 10.3396439675563 10.6780915212561
"377" 5.98387526260712 5.95105408119351 6.02560615048958 5.75241968805427 5.76157489808139 6.03858672931725 5.86063381864567 5.99511029167932 5.8964415461512 6.01568296233944 6.15720924403827 5.84375107225551 5.73771721273573 5.90898523261058 5.78095734895418 5.79330097918759 6.0451861719309 5.93860160611401 5.97585089329542 5.88271247840911 5.9670990640935 5.92446194586448 6.15080492744631 5.89226775840017 6.13898463434575 5.95871983947788 5.84486264189783 5.75042941605235 6.05817599523492 5.99293733955836 5.95223989997754 5.83583349665994 5.8511875590855 5.73417243631227 5.87092993400394 5.97489638831222 5.86545576530235 6.14088151296757 5.90055353103083 5.92392980638628 5.95957929743341 5.90323258299951 5.97838771862668 5.97372947647437 5.71383623826975
"378" 10.3997239203505 8.52855783769004 8.65147062564371 8.38386699078867 10.4977784671783 10.0953598827639 10.1171035922584 8.48532724472012 9.46852654246882 9.07993590670553 9.80406543636913 9.90063157827291 8.83179540459043 10.543078030248 9.12118603092771 8.24701569857787 8.14527254691392 8.07116729279489 7.86479580270513 9.8307883370865 10.1798184899633 10.1206036241331 9.26273838950537 9.89561766319245 9.75353893021604 9.36769087027127 8.48214284349535 7.73102164742763 8.50333634816342 8.18396161490333 7.98485905910847 9.66548175220164 8.2752668191492 9.49545178620434 8.49538090538229 8.79808035940794 9.63497006476206 8.80349176235886 9.59303169895388 9.18597273008359 8.05385193401864 9.63957670799614 8.90563154745333 10.3067409506899 9.6731650692734
"379" 7.34506514589531 7.58933122579938 7.93078713791771 7.68301797638212 7.46717725241581 6.89634569308335 7.49725544662385 8.3898581019506 7.50891571859668 8.08612344586586 7.86414742637163 7.54957238813581 8.03867781424361 8.01106235504258 7.96691948780804 7.610202331516 8.01287967443896 8.01235324041421 7.97475990543975 7.27857079012417 7.95879328264448 7.92200404229916 7.51476717386258 7.3048143165809 7.4445716281505 7.17128679032089 7.84833711680407 7.63818759346831 7.80298738186087 7.96096795043358 7.71777421880641 8.32700754580392 7.79981191824826 7.95792523859993 7.84687194904801 7.47932153868694 7.97203453650828 7.72172717979921 8.61912939641418 7.35461018654671 7.83218563087287 7.73023500779649 7.59179592065217 8.02360185444491 7.57808479127051
"380" 6.19881498358873 6.05348268755486 6.22209441098661 6.10628729919599 6.08554771966747 6.3185331109521 6.10812807864096 6.21281559658502 6.1977840550083 5.82301108277096 6.2531879206608 5.97648418202429 6.21332711354712 6.08099337926593 5.98345015760642 6.25348403576849 5.97894052718511 6.35332026052018 6.11632409047131 6.2353892105015 6.20025162448192 6.14153844545005 6.17757605140358 6.08111818541707 6.30745075602344 6.34797924002182 6.28147670383423 6.08823934286911 6.19713314484246 6.16506825347254 6.04258200846283 6.32512984362853 6.01045495424644 6.25764570083733 6.12532446337009 6.34735148278184 6.0423139910431 6.21025448447779 6.24301774599112 6.1049702281741 5.91084468738768 6.03472418797146 6.19684870413108 6.21285374772858 6.01864803460565
"381" 6.20460524275051 6.16783519746619 6.2868302837534 6.27327904974469 6.32247640203258 6.05983547528691 6.02865125504984 6.2041205328485 5.98156543073582 5.8861225363752 6.27442654795464 6.43564123818476 5.87960822599581 6.41020217350037 5.79442458837193 6.02731342532819 6.30565018447634 6.36451234454803 6.30047971906511 6.24103212185068 6.2813719502928 6.37621599480365 6.00728346386732 5.86991101966349 6.27165547872026 6.11190266295669 6.36605908989277 5.90854531965811 6.01874868281798 5.89818383235424 6.17260085201376 6.09390759277797 6.22099249856424 6.05083343794264 6.15016308242901 6.09858618270305 6.19814766037634 6.42161167538262 6.32808977384267 6.26329505844585 6.45954833775912 6.32945366623486 6.0248843592821 5.96408700359197 6.42014222846616
"382" 10.5498381559736 10.9093065166308 10.1448043923035 10.5333176206268 10.6402662029667 9.70878075175975 11.0132267509278 9.94022400990338 11.6590906458526 11.1930102611014 11.1369221662481 11.0824227494758 11.1358520235668 11.6294909439585 10.3812439876254 10.1311532343064 10.4210879136869 10.6040063954135 11.0819827991283 10.6408796278255 10.8978511464955 11.1895590543828 10.8291391657903 10.6419498852155 10.5586291656192 9.86690706085577 10.0853034337302 9.18022296376926 10.3920772593592 11.1376621414721 10.0495237533076 11.2022465036599 10.4116972629301 10.7704790770381 10.6239036803291 10.018765857967 10.8383865982322 10.2889881236554 11.3349236338877 10.5575590976128 10.3562032488891 10.5888000862756 9.8286928111457 11.0016143947608 10.4793983936376
"383" 7.60083200573498 7.96954815911362 7.66686369823012 8.17149108887855 8.34133860665879 7.45259122120024 7.37577775810567 8.15574795033828 8.04929934201962 8.15998808756648 7.98768669731762 8.11748513450421 8.19840503103046 8.26292929140274 8.04232603785741 7.96830072481304 8.17114674612112 7.9424974330011 8.26092356231738 7.88703766740353 7.9529772848409 7.90219571421752 7.83233969437003 7.68798696354415 7.50849115569281 7.36058577197182 7.7622003538028 7.31809182765199 7.37220419551067 7.58386999211251 7.42062541357837 7.59317837631222 7.5618562425423 7.46558775395914 7.39443954096084 7.24522786791753 7.50643169051556 7.24777945471626 7.34255122753316 7.51376294738212 7.35512614011144 7.51693813363632 7.61263514207565 7.82278810622071 7.84649518566674
"384" 8.95516377163301 8.67836784195829 8.62292014083382 8.98240088391228 8.76537126850806 8.78447012782311 8.98773721571136 8.92776851881815 8.55680259254384 8.95408477352544 8.47842603337719 9.1180105273135 9.19878471954227 8.86400063981807 9.05468442178433 9.11602434262194 9.14766007756563 8.78234989291598 8.78860000361463 8.85486379489238 8.96826311804424 8.82849388252129 8.85114494970664 8.85196762746794 8.69234368378747 8.73481205896582 8.22983978436353 8.44854291923401 8.82672692212265 8.8041755206299 8.69234561646086 8.95017763087375 8.8067203428856 8.93814519625853 8.7467055232933 8.51821694128147 8.61460950902634 8.8474750144862 9.07570548656353 8.75030924522618 8.76901501372946 8.87582542185466 8.11987613786579 8.9191295249548 8.7572999655157
"385" 6.23167915641757 6.14856029430447 6.19723478554468 6.09090568498571 6.12225096372667 6.30550344986385 6.1976590504009 6.38134840472748 6.13635630805457 6.1292540490432 6.24887363261529 6.25727115306119 6.32861919189262 6.04043016992971 6.09662647804502 6.18907577694334 6.19401152413695 6.09813240150634 5.82929478757001 6.13661953568888 5.9386039998507 6.25522255252975 6.23748299618471 6.06755172827306 6.31189700698553 5.7128595059436 6.3860935635096 6.08488534368176 6.25327341033157 6.06493996852947 6.17448185157291 5.90850033020994 6.35983977564267 6.10568815097212 6.18960748540898 5.96636195348586 6.27784592500547 6.22108809047242 6.09730665198535 5.98278863072059 6.21122492743142 6.18956581223499 5.93665525939199 6.3776665700851 6.04142731317967
"386" 5.92154569521883 5.8361104751639 5.99547657516102 5.89404027748812 6.02774132259334 5.89503491329049 5.78798848089806 5.79545104219567 5.84319061270318 5.97639322252295 6.02791343900061 5.81745850610457 5.78763639995045 5.72913435708539 5.91952225365133 5.66788866300162 5.90789880273203 5.77038062967531 5.83227778150902 5.77112762699642 5.76405004475351 5.68116542520826 6.03901703221419 5.77501294000993 6.20693547088703 5.98078702817312 6.02043242507169 6.05709414931298 5.77688598095128 5.96749449666953 6.0279365730865 5.86573323205901 6.12136458995103 5.86947296610716 5.90903381778054 5.93449759124264 5.90601727893286 5.87638701427633 5.88459683464978 5.95555196361888 5.86763523627484 5.87068590496768 6.05797694617919 5.84926470583959 6.06399687412423
"387" 5.76895777300507 5.90333940859249 5.76349706129341 5.780315559138 5.92338168592431 5.74166181502122 5.89219153185058 5.84636081226378 5.93565643699026 6.19585356238941 5.77929552186851 6.21461629164086 5.95468177857043 5.75534077585753 5.62172893388711 5.95456677034243 5.87684305489283 5.69322183491194 5.90869089389257 6.02197978006855 5.89515968836978 5.86759745860144 5.8265215283999 5.84524577215247 5.99143803869574 6.03042556430273 5.85389366213881 5.83961806353338 5.98213753704598 5.96988414822017 5.84673412867835 5.72098071197421 5.98155679745792 5.86172035710629 5.66109427630374 5.92689293177539 5.57509904714006 5.93779507134524 5.96537892887083 5.9037541045057 5.81552189105353 5.99592860608605 5.82982038082477 5.82227542425934 5.79245790188489
"388" 9.20481783260445 8.80323995056596 9.10562765920673 8.96684268601961 9.27458879247856 8.70905242858011 9.07140139790497 9.28669449369051 9.29898643807169 9.21538622530777 8.96622352481246 9.51383836841243 9.02720067528217 8.83776310928196 9.2851349511239 8.70368171517239 9.09583037042088 9.42661710328756 9.22399787675686 9.14570538399247 9.1341452940579 9.28208702171513 8.720409829678 8.72694323088515 8.72704877015446 8.89306344066497 8.68167480809428 8.81386736520117 8.75603547050698 8.80594721556925 8.59672625734998 9.34739773446822 8.82571416305016 9.47381932989598 9.07646683414816 8.73029061188608 9.22863117854187 9.12509190018982 9.61792149577238 9.02218796610772 8.91967444441227 9.47537397841479 9.13157579023186 9.50477819420929 9.0586606943274
"389" 9.3982460660139 8.71801008267221 8.89443843972991 9.07266209482737 9.02798333937299 8.91904853185851 9.37637587752675 9.69260071806009 9.09660297815786 8.94747725170383 9.20425637682337 9.0833615600896 8.87311517228413 9.04199637098903 8.83760187746135 9.08959627080927 9.20076264041978 9.12253402749864 9.53189813382511 9.26967388912392 9.17600384393525 9.47917387098298 9.10112383101312 9.05615786611467 8.58998490449854 8.88691922152701 9.7606985391013 9.29001489371507 9.02118681241107 9.19350468194335 9.17895156455928 9.75121830444516 9.25313751458768 9.09120653088721 8.94618273535003 8.71405460046308 9.38163758476728 9.43291032562904 9.69291077966485 9.05304872423413 9.37713512041233 9.58403278067535 9.33803547563109 9.45257732848244 9.55346752357967
"390" 5.92128030812045 5.84337854186924 5.8650341330911 5.85845370150163 5.97574558116135 5.75829242758976 6.00556398065954 5.82921077967066 5.93799319482748 5.89818888637755 5.8639953485641 5.61998021888676 5.85665328733004 5.77276020434904 5.89258985498277 5.65601827789603 5.80109681742497 5.65653008927009 5.65523246026528 6.14342564781829 5.8830282414579 5.95860221687217 5.94344583147287 5.65547378882556 5.85016471155462 5.73013710033023 5.60155296958846 5.70999361019661 5.84673187752899 5.92131974149831 6.03278035191576 5.88593961508978 5.69944091050262 5.71301507687533 5.76401907483147 5.76472430538485 5.70696733250774 6.07261610731701 5.82255170956682 5.79238477490277 5.88440108681269 5.91678540304671 5.70479051840121 5.81890645649187 5.8166794041855
"391" 7.99865927874499 8.31815940169638 8.66833857415792 8.55448423964054 8.43590291661578 8.03474444818642 8.6816524556927 8.92714432368992 8.72572285006171 8.21202968935193 8.61193275030655 8.7123644473173 8.69053680623729 8.56352864662096 8.43783712680975 8.57546002590745 8.44733175446293 8.49417094509411 8.62438221216295 8.39377735829211 8.41660945773649 9.01877378189371 8.66926218256985 8.13574002145407 8.31568992355754 7.80345840314719 8.63099079199436 8.70907326036291 7.9855127589659 8.25046030874576 8.41091924483562 8.76548986801664 8.20697824899347 8.65673905999932 8.47076987568181 7.93982019425126 8.5947707571482 8.35239119162542 8.90074950585112 8.27395132060945 8.23500179422581 8.68531016624298 8.50175383097142 8.75183195526166 8.51350590347987
"392" 6.38626531621045 6.44288326129896 6.13593196873169 6.06495807375978 6.34265668842335 6.58876986292659 6.25615477951018 6.27710536909065 6.3634222128659 6.36112790011629 6.41596129804389 6.43662494221649 6.45398387941968 6.41800991793005 6.22303885522675 6.38658281451599 6.18099023470926 6.32654649718582 6.31750337414096 6.26436519374755 6.37793466834279 6.47532088029419 6.31069331738311 6.15008751033759 6.42667623046027 6.17747972998719 6.42892703506266 6.30342470608448 6.1342910369185 6.36724705295432 6.2420799589595 6.30860329850776 6.17698157339904 6.10365751543499 6.26705935388995 6.30783823265933 6.3471633611195 6.36075542670365 6.40466812995752 6.09992543556818 6.18609908007996 6.52896564483621 6.30710912936278 6.35529225696068 6.28594709928713
"393" 6.42961429420288 6.24296288675919 6.57524683067119 6.39446745819024 6.26102207729054 6.66716901542697 6.44268401915503 6.50321629326549 6.46815975656839 6.32891287733139 6.39370046577464 6.51545328757955 6.71988294907964 6.25090646788596 6.40360990469489 6.52277362559551 6.34839706334135 6.34412444620175 6.23760414037604 6.47213645761591 6.2845148787695 6.41109981493752 6.44838110264304 6.2315140066079 6.3681257309124 6.53285955244212 6.37814145308294 6.26172971014417 6.5316829153192 6.49704454975632 6.44104682309864 6.48816709035324 6.41266352198635 6.40822476437405 6.6268311657475 6.3184597016886 6.40056240423939 6.26832094550183 6.40419620031013 6.19535749367789 6.28575948555611 6.31378852288625 6.44956515594862 6.42006222098806 6.28338310072696
"394" 7.02948425127243 6.80017635635571 7.07912696595822 7.01147449859321 6.99266920277318 6.79803700664671 7.05044795405442 7.62076124728364 7.00544417980655 7.20609799499104 7.37292226900643 7.07149220044392 6.98970439443575 7.34781363911174 7.07907717878401 7.16686850576214 7.07497716509275 7.06729685871647 7.33609395413629 6.73506940742924 7.20540320386779 7.23223200381878 6.98553564762564 6.81829910406533 6.86101754489281 6.82742720983015 7.42942108787459 7.35615519532952 6.9287658855029 6.93004996635097 7.02291228119638 7.32100703119336 6.83376255107976 7.0938737781135 7.16994150930444 7.03451733414311 7.43880824008611 6.90125027052595 7.33383991365695 6.90001526755794 7.08217098226974 7.45010265051009 7.0990925612293 7.10048883905615 7.07560262188729
"395" 9.54184004787193 9.01383650353214 9.05859495201295 9.20983023882208 9.40745183312493 9.229247504191 9.44450840970806 9.7326212919893 9.55768836868101 9.21352944014094 8.85083513760668 9.13238577553026 9.37026784124746 9.34753270340969 9.23570937240058 8.94915794027811 9.46353111514429 9.43341403953074 8.97308803634672 9.40143440973725 9.7217864815456 10.0590423703193 9.47867462047416 9.71158840059667 9.4431145265489 9.28663522738755 9.58683597506253 9.68130055160032 9.08087686235914 9.24416458522424 8.90205016618288 9.35595748062555 9.19562655357423 9.51147062279596 9.02960630029104 9.00010106604847 9.5288333628863 9.63316362063759 9.56568468968608 9.43842382402125 8.99120866413831 9.60240382600106 9.37586346998744 9.77663564303067 9.28574365211251
"396" 7.20856742088176 7.06706487530107 6.72401830613474 6.74109821210045 7.34620353889069 6.62674611380654 6.80314919285097 6.8923457242456 6.83536419794797 6.96456812743942 6.93206588154099 6.9259976385101 6.78094207259818 6.65676549126438 6.63680007543837 6.29328880995536 6.86774205863092 6.54551800077835 6.46468294538162 6.88859333260118 7.02462448155972 6.99677843810402 6.7109571376852 6.63785882680878 6.80566947179858 6.80780536485946 6.90722142353199 6.59684827156763 6.78910721709856 6.89781808574312 6.68952865437602 7.13534639202521 6.81957354821528 6.98844786895519 6.84703167603821 6.5992491936318 6.71161041829015 7.0833150417654 7.14892592373599 7.29158909576223 6.61590718089255 6.9624747839162 6.67354754050294 6.93583442344995 6.96592887784833
"397" 9.12617804884209 8.70349279635608 9.07270475127173 9.03077108439204 9.17677611100107 8.72713643026814 9.22270387650329 9.61836926949216 9.2051144478053 9.62234161338691 9.30712250972994 9.34786324626521 9.36160800714456 9.64338215825139 9.4611832906018 8.98276751568478 9.71392495905557 9.49092601217647 9.42354972621085 9.18055847856389 9.74340505734603 10.0182805875936 9.32958188399455 8.95317564606633 8.57850059662296 8.60360820981202 9.81617622986542 8.93822307815207 9.27945496986315 9.30704111107372 9.31403597652405 9.82740779743055 9.17776048913119 9.72323223046862 9.7579821327304 8.83416621635434 9.92832067239334 9.51103824927242 10.1598122798013 9.47095841223822 9.27882956275842 10.0679296794427 9.11965092893962 9.82337189256396 9.29255769131221
"398" 9.68795854773963 8.65759871445828 8.57188055477962 9.21765640901049 9.45407208230418 9.43258751175755 9.5035743856074 9.50866253962992 8.99941148470035 9.14787575056125 8.95817896040187 9.36061465247184 9.0504474548819 9.03436822420039 8.96031976736943 9.06121697287333 8.99491556217903 9.10805244570802 9.26540946726614 9.41491301891969 9.62020129056418 9.49251350124338 9.210382310249 8.93931353405787 9.20562928536278 9.06049774532739 9.69298926224718 9.16745117206405 8.91768714992643 9.1614386164787 9.29584997782139 9.7227304428594 9.43373925593435 9.69186139827625 8.87186955182491 8.91892482349186 8.94419079487615 9.18598234336652 9.7359643643352 8.86605362323483 9.07245573550498 9.60208120282864 9.363050784432 9.45140889407531 9.25489739768797
"399" 6.3121542628742 6.26949765960844 6.21362010508457 6.07900718245203 6.30125380140019 5.81391760187628 6.18893256531837 6.11402302497746 6.21482992811799 6.14656998924242 6.1386776877437 5.85831053347006 6.11617154489424 5.9964140934724 6.17519233169018 5.80582423725554 5.81907156218677 6.03009543582282 6.16208428660309 6.19011261005972 6.12606366367413 5.94279839314093 6.00891104988366 6.18899314170681 6.07887361841858 6.04404346813719 6.15765466501134 6.06191061366453 6.05777686264743 6.45971719018699 6.13596754964757 6.21282474250483 6.13733538578866 5.99217846400663 6.02170049776134 6.14191997648097 6.11602961183693 6.03025511941267 6.17447731341441 5.90687710649898 5.91741876403665 6.19249821588613 6.24697370901499 6.06457254238916 6.03682984667127
"400" 5.9903473352162 5.9951073320154 6.02299218264668 5.90815068026923 5.89236576033036 6.01822042912838 5.69274421298997 5.64791268369433 6.05408956322288 5.8015864000074 6.06175408215394 5.85001365918289 6.0559980800731 5.89292576159384 5.98805404277361 5.74955765115582 5.74345835583355 6.15191210316741 5.76547140544046 5.93442344579572 5.98247136084522 6.23450777331237 5.8658326999993 5.94081759378107 6.07424990785752 6.10596734028136 5.89721352659794 5.87535473952668 5.91500116358798 5.79420824008026 5.85483740848338 5.83770460043538 6.03097696967032 6.03291285422036 5.79963712792962 6.14731905808783 6.04110023437237 5.8627458910642 5.76797088539218 6.26552037522814 5.8431530192258 5.96907679132228 5.86553966032879 6.03937734851538 5.88875481654115
"401" 5.73850184911527 6.039118531513 5.76869198299055 5.86170428352717 5.89575447782047 5.72866729865232 5.73392431353481 5.76109940329203 5.72884664617115 5.85017604056426 5.94563389143211 5.67877267183731 5.64859858733355 5.55009574533661 5.72056858976019 5.86157315632109 5.98644385607801 5.73540363652247 5.67674400702002 5.71113975638901 5.67445623784551 5.7380918058759 5.80708452714788 5.8287510745981 5.76158660218754 5.94722714005827 5.84990067398131 5.79358534655671 5.69755467352722 5.79365652161231 5.89310006696554 5.68980936545071 5.86762788239197 5.82770824434195 5.9375377644438 6.02144234321394 5.66443307646349 5.71460193812014 5.82144309124732 5.74137264256427 6.0286759334163 5.84021081922763 5.78070628226197 5.66606831071458 5.72313743973215
"402" 10.3830176734035 9.86494777149942 9.89847421529031 10.1936887859252 9.92049656465884 10.0387309204078 10.2483820492013 10.047007520999 9.85771547205186 10.3712895153287 9.77138501879587 9.89272382535063 10.2100681687827 10.1930680682763 10.1942370562725 9.72569524419023 9.91609675650455 9.89952085430144 10.0634608639163 10.0139337265504 10.3335953801116 10.3600107793657 10.3144912202711 10.2663719248665 10.2636759271037 10.0743781697786 10.1329898449497 9.83078562748104 10.2841946060905 10.4316826329769 10.0051299788371 10.3052371683022 10.0746407368618 10.4165699914697 10.363527357926 9.94230732709025 10.2242764203761 9.99174250010066 10.4015530538207 10.1939618058733 10.0919938961734 10.1847682721999 9.91107040845386 10.195920612531 10.0718697891165
"403" 9.73013318341249 10.4449581647878 9.95161130031305 10.8455873125726 10.4514706798516 10.0900206869832 10.083852257352 10.203905026464 10.0464521655506 10.4502542603756 10.4897244271994 10.3270188642745 10.430145251141 10.3910962195332 10.2137141152097 9.92551923121394 10.2592818434978 11.1495156920311 10.5904700958249 10.7126787022982 10.3922783354868 10.8539321745156 10.6404322927449 10.4505266644283 10.439505773749 9.88554572729815 9.83654573702742 9.8957229601385 10.3253672472169 10.6744245442676 10.2960291847999 10.7391373384926 10.4207198797508 10.2801364441499 10.4293653062348 10.0632491994333 10.2509682483365 10.4258522861105 10.8885212064484 9.95126857996849 10.2605623483999 10.8940213000835 10.0969766607285 10.8063059252191 10.4943752074629
"404" 11.8757060686903 11.764117479883 11.9412297691729 12.0187358664531 12.0442605463797 11.8357041120341 11.7125831512288 12.371083634964 12.3812234075789 12.2031616491485 12.2656068376614 12.2620401218953 12.1739675352574 12.3173807324845 11.9647895221674 11.9697406808775 12.2348584101017 12.2964950090282 12.1577367455037 11.7941394900147 11.7475934682278 11.9324612485794 11.4096830963195 11.765927296623 11.8153155132015 11.5128309460331 11.535899867542 11.8801615935336 11.6824439187431 11.9699286813745 12.1762615554796 12.4036304344594 12.1349116909103 12.2546234965338 12.1407536114709 11.7130063103543 11.8648433086262 11.1671245275203 12.4865591854972 11.5603744880358 12.0481571957603 12.4770045298494 11.9401649175917 12.7257583235104 12.0622307957172
"405" 6.14498671560912 6.14705469469064 5.97183797365206 5.96378562302375 6.19461281647836 6.25287789564512 6.22732134723787 6.41300033575478 6.01362916475671 6.3047106267705 6.22882644866047 6.12721676902188 5.97547690327948 6.19330268794123 6.25230357308482 6.31485438238697 6.14145060362238 6.25716223174 6.16900651052911 6.16009358473444 6.07692284960188 6.08181171959347 6.11795153836697 6.03766901418314 6.04767114849252 6.04104196940415 6.16651720708157 6.22218564667871 6.1816327585163 6.32243147970979 6.24477780632714 6.29152337269558 6.30732092570569 5.92687888339744 6.13463154583026 6.16173117056309 6.14534958877703 6.17398453209288 6.29285545132504 6.05511237134894 6.07957327452225 6.14497988193295 6.23070001408916 6.24968821456249 6.32472634577187
"406" 6.21906179288604 6.48393212262648 6.0721010457027 6.07476351533671 5.91481314767932 5.97975984641241 5.97540348533145 6.01405395300305 6.02324472571872 6.08879501936112 6.16425066198602 6.00637984739649 6.0226244619299 6.03023152504686 6.34878111047915 6.27301735765139 5.99152438801475 6.20311564113997 6.11669333740076 6.02298054817973 6.17308685508871 6.17501561110944 6.20448308186072 6.14532351276776 6.06823048271043 6.15448456744668 6.08662883793682 6.15047412962847 6.05695770585784 6.03679565736105 6.26918586952859 6.2363847021287 5.97373075913648 6.13356316972344 6.19976948217757 6.15305242919267 6.04354694712903 6.04400840164108 6.34427530569303 6.0643250103541 6.04846790558591 6.04199774342747 5.84552689825005 6.21212576568168 6.03863477991758
"407" 6.07241757195418 6.4014781245511 6.16515260111155 6.21786929728811 6.11679231188937 6.36365464738542 6.12786274761769 6.33435848472316 6.31044976541806 6.18722535970015 6.39618095948627 6.12159309010891 6.36600056758909 6.37849775446409 6.18153848185251 6.38596689428268 6.10551945910566 6.12609937370664 5.98539672809104 6.24525709184961 6.23977168132081 6.07790130492814 6.39596700400606 6.20777439169503 6.27917304679376 6.10794792069271 6.27986025959353 6.26727497938051 6.25935943893304 6.2673250266275 6.20299029465765 6.17907699942044 6.02022554424279 6.28710981737933 6.31832623468132 6.17315106311301 6.23654641984453 6.01882812685723 6.29528067841047 6.22242916993674 6.28191705494285 6.25361766587129 6.06263484279377 6.35753029942078 6.33380500901352
"408" 6.15053827199863 5.87524228840657 5.92030029159539 6.01583499774837 5.6928455298239 6.01440848655894 5.88808486265732 5.85312241940201 5.86367975648857 6.12956501673115 6.04883826431582 5.91234938906517 6.09318616367604 5.92109515420051 5.9572238611657 6.14667471099512 6.09509672548781 5.92669985811093 6.06454600690934 6.1667365151441 5.82276942072079 6.01348413050694 6.08791877879754 6.02479382959189 6.01743032048355 5.95625876530128 5.86849958589442 6.0627888340496 6.01010131271898 6.08089950646239 6.03248815208297 6.00634023114187 6.04398966788734 5.70692357672911 5.93577262992181 6.22997653469982 6.1387131512986 6.15767907971142 5.84628649173844 5.86626149694545 6.05874723110612 6.07888630688979 6.06183684988097 5.98874816708013 6.04595013535134
"409" 9.23393193971719 9.07428845674549 9.39803996124852 9.33201903412309 9.16740605037895 9.0424108544527 9.68455798998517 9.62656594068276 9.37396520832043 9.53267978175972 9.67970841194186 9.55886833176118 9.42899211758856 9.46946738212005 9.09509718098064 9.1355764729758 9.26286193675756 9.38967923853441 9.4070932811341 9.55311249445655 9.3006409139581 9.95428624279515 9.27053328294751 9.19064514568214 9.09320921798351 9.27478586570789 9.33985569986232 9.33964161343714 9.15005747134173 9.48586209712852 9.69973790797241 9.83165135187557 9.11156423241834 9.59310648668422 9.65181335297958 9.05476775392313 9.25990284928795 9.27555238276921 9.95517795556382 9.44271081434755 9.30247687397198 9.71645669016182 9.2562759599576 9.61380246134305 9.67236219500101
"410" 6.47071988973717 6.43964892304346 6.36573643535785 6.2470093108159 6.30503377390891 6.28842091644585 6.31122017425323 6.56903717552918 6.47684099286225 6.13793922786175 6.33837461125277 6.25256895799978 6.41919301743713 6.38101787290229 6.17534390290259 6.30444199711809 6.18064906752455 6.1780257193977 6.24582706558881 6.31375868424339 6.42136057703499 6.10107495403059 5.99907819606856 6.13955902385807 6.37052231329217 6.3090235966458 6.6203322487217 6.1404480548637 6.36800385275941 5.91617415326018 6.17302523048117 6.15672824274853 6.35178925822116 6.27324157666338 6.37662184699535 6.07998133650572 6.34200084852201 6.18199419584149 6.07969918451246 6.36612303935614 6.37701886369758 6.16130346406258 6.2821503373154 6.39898096591338 6.19991222132843
"411" 6.15323490134225 6.26483478853145 6.20495993817854 6.09220017484997 6.23851982234301 6.3212619382797 6.41845710448685 6.19936239061253 6.08620414383171 6.34245351067407 6.5249684344249 6.37761863372186 6.2063427758434 6.33015355342952 6.47116664250647 6.15423611545722 6.14836008849703 6.31369271134068 6.36407403142619 6.10444334677637 6.39745971731735 6.33583491178331 6.07838916065667 6.21890922247583 6.22434728608317 6.21596196560186 6.10885200571454 6.2707761572314 6.37110039810033 6.3293518271435 6.31785544979294 6.07867477563078 6.12744198183366 6.37570878310137 6.29712546935009 5.99748984602987 6.29543433181831 6.36336712450309 6.40239818703026 6.32126674257934 6.08584976745254 6.19781715976114 6.44652881805899 6.07168270903237 6.23084958543595
"412" 6.45033340419532 6.52674328826134 6.54402526570095 6.20255275488761 6.30683631183869 6.46464858660334 6.33702091004073 6.52710180028327 6.30102394695124 6.59224397453355 6.38530569429374 6.33658536016731 6.44875036367336 6.34900048067929 6.58227142914623 6.43253612669541 6.46372177544654 6.53430101642691 6.36379128311787 6.47873901412897 6.45457996321671 6.37306368421477 6.34024268876975 6.50865254225727 6.34743071053106 6.40860357637768 6.23077260303675 6.24359724868783 6.46383648356139 6.31289893750499 6.36847421897568 6.23519895937318 6.30671974309761 6.18959067102131 6.47662897028675 6.46947431482267 6.46346011139588 6.15603687552805 6.35274558552187 6.55929505306295 6.33755064088763 6.54094327514323 6.38485349912732 6.3790960779981 6.50801501848401
"413" 11.2820311550993 10.8870947466364 11.3154446005117 11.2484052718115 11.4201051179735 11.6255769670651 11.6510434967932 11.6372268672101 11.134804864767 11.2165607118078 11.2831741295861 11.2661897046572 11.0793497652634 10.880926659464 11.1664131636993 10.9516475830134 11.1640702334656 11.3937342485302 11.2067985604238 11.1188512014667 11.5240286050345 11.3890058372698 11.2490578911689 11.1052634460509 10.9850638663392 11.5049506240774 11.2236511792038 11.5295508075354 11.0812316674476 11.0133159475187 11.1155194879117 11.8393726507633 11.2033760626795 11.6230596837591 10.9991209202798 11.0725534333652 11.2694712807336 11.4588719765805 11.8656077771357 11.1545681611014 11.0835615112742 11.3569220179706 11.4793659561855 11.556392790733 11.5786289797624
"414" 6.2317897783597 6.05145736212309 7.6067828157006 7.68174795068337 6.23754208800925 6.53876851503152 6.28841301136377 6.63059382318945 6.18859695007176 6.27368905397376 6.19002699370011 6.38825111030055 6.3219842555736 6.26420447762454 6.39397293367611 6.74787539578554 6.33884503538128 6.43985868381796 6.26039591205305 6.09077815133678 6.41079626551717 6.26737101374615 6.28172145457622 6.45890501071529 6.39629460452521 6.30377666372139 6.34196251193883 7.15531794316986 6.21441002841405 6.15667611092876 6.54191131106973 6.396800184759 6.39059233381237 6.51508041835313 6.16377877820406 6.30550509323759 6.52270753561891 6.66727567809648 6.29359509024363 6.05857710589604 6.34278267427005 6.30509192873813 7.58070738960109 6.41491217604336 6.7350469075269
"415" 8.41162101975628 8.43205711913992 8.0928115833449 8.44876579006536 8.58304064928626 8.3453308122292 8.30579882226641 8.64650818211996 8.50974504231667 8.44633890571639 8.32248853449066 8.25493360389158 8.49231627475733 8.21614227017256 8.41135966857393 8.18174164124417 8.37530173973903 8.62177721750083 8.23788379002354 8.35466430742084 8.65047384560572 8.43804234759559 8.09854016233378 7.77137427313039 8.23124555816315 8.28037818329941 8.06395702002022 8.15803551973385 8.20418529050162 8.26920277045129 8.05221315687032 8.62786996777521 8.27359541115835 8.52015611795483 8.17744551652185 8.21315850131742 8.06901306894669 8.34813980572292 8.57728568717087 8.11536118649885 8.41708215325307 8.3820615782257 8.52380489371307 8.42206757128853 8.33384714076202
"416" 5.9913094043498 6.07727275441551 5.80035787912565 5.81188805972937 6.04994318664275 5.94493117234211 5.87485895584002 5.77965963542177 6.04249358759096 5.86886882845934 5.91915785129667 5.70340100408054 5.87877010441015 6.07069318985462 5.98087142407995 5.9438620918655 5.86361492310143 6.06743687022567 6.00665518229215 5.95630486687171 6.02863792555396 5.98559384745662 5.9350069158781 5.79252617848107 5.98279875479638 5.82527324757965 6.08328337622132 5.99657217856904 6.22582157213837 5.92072352976185 5.73432797356658 5.93196265611531 6.12242494316218 5.93220795303261 5.83762655267585 5.83639614845825 6.00321096260048 6.08130356721277 5.81544698343188 6.00950906079999 6.08324161315074 5.81514975928171 5.99776898811604 5.83034474132843 5.71076776946329
"417" 9.51471957215412 9.23969413800818 9.1453519002764 9.14411595897931 9.10190224006431 9.36025611226012 9.40748653908894 8.97255386969236 9.20343756217533 9.39242628479891 9.52895344995024 9.37951385234769 9.35102793459394 9.08353381357266 9.16079626222141 8.66805755960537 9.11264917929729 9.18107929227376 9.00263985069329 9.66381869939913 9.43894729514522 9.76401199136223 9.55940190451575 9.47531000782202 9.42035179756576 9.18236860476211 9.50927087416382 8.9188215572236 9.39113325836391 9.43846030415123 9.15408908582294 9.92236364387962 9.34277603656012 9.71325482150777 9.68142996786031 9.17400259071215 9.56584076211246 9.3218764674611 10.0831771768737 9.38758868627082 9.42418418198511 9.54489605423194 8.79634059110193 9.74296719966275 9.69220711143908
"418" 6.25525672111779 6.55510417145046 6.62826708349423 6.49978493896088 6.4005399750406 6.53228731614726 6.41253758485251 6.49583909005973 6.45070332732807 6.24377031454567 6.52084571537246 6.31391251100687 6.60707468882642 6.07390715824933 6.30793183400117 6.4319984849876 6.44863157134527 6.48347067817272 6.3881135712704 6.62633891017512 6.40987370708546 6.34004155649439 6.2642979661792 6.55638764291223 6.61914899373713 6.50614608444453 6.38155106961616 6.55755649948508 6.44099281980578 6.44814334953842 6.55317189390784 6.54196662867615 6.40508879728838 6.51383861978962 6.37942988907745 6.3017543000299 6.24830614695156 6.79573934901969 6.28452934679494 6.4800139558227 6.2500411984727 6.36513212502773 6.2707518986536 6.69735650811494 6.29024997911115
"419" 5.99779119292995 5.8935571456895 5.97213133553619 5.96645410744875 6.15779076550182 5.77738476153202 5.92547495855384 6.03310390648456 5.91772655110226 5.71836484223339 5.70760954999029 6.01173782959721 6.06017118951085 5.76466282925504 5.99310840666643 5.94174689126624 5.96344224031614 6.05561787453713 5.85127731063459 5.66927245499674 5.91206959470385 5.71062634691317 5.92957199159458 5.8761375314546 5.99388471096499 5.86415965576074 5.98062461587705 5.9394849211479 5.62177629326615 6.10409669841967 5.89007295177134 6.29035055267733 5.87836673092534 5.86029894924007 6.12366808289582 6.21102554335655 5.84760975734905 6.1367255715567 5.78562916163061 6.03544255105823 5.94203542795133 6.09653657966628 6.00017682381634 5.94130659480976 6.24115519262958
"420" 5.90964664827868 6.15315484719358 6.03021835301201 6.21072855948618 7.25909490993825 6.01915191508264 6.24842476816056 6.2409167937309 6.06768146002969 6.13109303353166 6.06265567652609 6.09906602473273 5.86471159745146 6.1044444445537 6.25417033215721 6.14954924309054 5.88683179461785 5.98946600905423 6.25172893374957 6.29567060570259 6.4863225164416 6.0476770514963 5.78095579163506 6.11279856511662 6.51883078338712 5.9097477521045 5.93946161454139 5.91651122887308 6.06551554072736 6.11723944690865 5.90260939034831 6.30497078209144 6.08893321064464 5.94352268557585 6.66125101886593 6.00796016150292 6.22460080645294 6.40737110821627 5.80015237364925 6.22934447966163 6.25508405168859 6.36381471186159 6.51862267871061 6.01545829237709 5.82619222249977
"421" 9.41500661023463 9.20421716159294 9.14357920616273 9.1577242244302 9.24808390495607 8.86676736820278 9.81272115276018 9.30453541092907 8.92201826084577 9.51433575473662 9.44368492606652 9.50946359150832 9.43946628956378 9.25387480352432 9.1195496316057 8.87400408124406 9.21302721906731 9.1956405942627 9.5361859296349 8.94833658377725 9.25534141215231 9.43402631998655 8.84877785343546 8.89437973935778 8.78774465962165 8.83158808465919 9.1256122692127 9.04477092328146 9.13383364540719 8.8529405550486 8.98697536951695 9.4883892857388 9.08281885534654 9.55687828590057 8.77711319770247 8.66713276974309 9.22904917841062 9.22300840607733 9.37592103498057 9.1963367172302 9.19322821823776 9.16040384014285 9.0271840273747 9.69972798214316 9.1568390028608
"422" 5.90444355971121 5.842195510387 5.93622307580557 6.14423533374158 6.19771703802516 6.01863692511061 6.13971803487843 5.99625434276213 6.00204782852056 6.05128717648531 6.09904548980318 5.97853422588235 5.9458149403471 5.95085913972852 6.15181714839972 6.0059955608998 6.33749433233934 6.33080359700515 6.34994933106049 5.88617313591798 6.00881857858864 6.04937487771894 6.02885933420794 5.80220806836019 6.11521062086988 5.8743680998778 6.04275288148011 6.06485641024183 5.87412268638826 6.15146875172303 5.93005338290423 5.91369896614327 5.93591940881607 6.11231567871698 5.89523907451705 6.05058631145561 5.92038177747565 6.0017295848113 6.04515585339273 5.96340030650535 5.91192900555314 6.14207165800202 6.0327882286908 6.13016680058623 6.03438219107381
"423" 8.68810391820789 7.94127180832749 7.74376065492759 8.2550486644123 8.2171712701475 7.93371520086445 8.27393860622627 8.56588493709111 8.29021571464957 8.58208818525226 8.25044498762263 8.35750597830628 8.4772582832072 8.01345042068214 8.48286625524156 7.88892252036049 8.5132699368858 8.43254870401432 8.11967229742592 8.31372995529344 8.44316581173466 8.60193843364303 8.18476857245687 8.27288065028515 7.86720892544724 8.25263133630411 8.53813132206848 8.21494782308167 8.21813032579495 8.62313636583287 8.2184466164645 8.60368329041135 8.50021740919527 8.77781484269407 8.12759778417337 8.0857470400487 8.45062485583379 8.35535159148239 8.93657065221704 8.51581526003192 8.36781121252285 8.55033274841329 8.21462678710882 8.77698519569723 8.26229015331995
"424" 6.92811955685493 6.79904722602377 6.80782008039927 6.60346324942469 7.04546793798854 6.75320141923263 7.19161663649623 7.19545396716159 6.71467483688269 6.87353287209319 6.80760040888903 6.6935179923988 6.36428247245054 6.77653588099921 7.12293913067247 6.68548647403549 6.92201856507685 6.68791641895312 6.86700569283978 6.61587253457259 6.71146281311892 6.66572838348445 6.75882315990624 6.83213630690863 6.81412297585273 6.43676189387689 6.79962021456837 6.84673169497324 6.72823240266001 6.55009470649119 6.60145079468582 6.71752503291817 6.41030615257825 6.43892594277728 6.83136624538787 6.60095370811215 6.74821139591343 7.06175200878031 6.61988509401663 6.91388340946047 6.80946826602027 6.9549217341606 6.70821794195389 6.67444101604274 6.78402304149155
"425" 8.04380180060684 8.05091058329753 8.33770254883095 7.76350149466959 7.79561430471946 7.94532092381359 8.25083477592322 8.23838560700485 8.16660074192286 7.95410532861845 7.80890066049288 7.81504746789716 7.9657718694543 7.90915510751891 7.88959837124593 7.82089305276026 7.91966726444 7.71842263152067 8.00047014465888 8.23508486122028 7.97400222761637 8.14356139475274 8.13134384377642 7.93449250814099 8.11246347907756 7.98604943686653 7.93355090303639 8.26293164216706 8.06943952767223 7.87631480293372 7.82482563791901 8.31737310526424 8.15087987103764 8.29519055559877 7.78564099839034 7.91065112126596 7.72662765216422 8.2357294089952 8.1876817829815 7.66022981688855 8.08079251690988 8.03341813288925 8.26206510984521 7.91034492903733 8.15943279737195
"426" 6.95400002878453 7.35181563030311 7.18077262777957 7.30576461346245 7.08696201987342 7.19809755594384 7.03523248488347 7.30574978586514 6.92328314279767 7.3668539427979 7.30751129261337 6.95829560621724 7.06030439933366 7.12282145982482 7.2142302478269 7.02806003663561 7.04952217647934 6.9953287313606 7.02405876758904 6.80863392537467 6.82822551441644 7.19908884487156 6.99598496975914 7.11282361755983 7.29238118395202 6.97205901012969 6.79551704085672 7.06137192076109 7.34297507164694 7.50416239904943 7.73343284582161 7.23390771881885 6.91644283595554 7.04593226742212 7.77687868441326 7.4061367438563 7.35843880617664 7.60412268279838 7.64601478076578 6.98637144791614 7.24472601617455 7.0829256342329 7.37737290857072 6.95814202534933 7.08747249758752
"427" 5.90853494459609 5.92585224645999 6.0745355124204 5.86806568115385 5.97416455894032 5.92830434268363 5.86334458821683 5.73766532842655 5.97658686990004 5.77606965712324 5.99072669195217 5.89416114937519 5.80779350310943 5.89038441408531 5.79725523839936 5.80780726967263 5.7500323299367 5.90368420293861 5.6966554790269 6.07532685124767 5.83698202883878 5.90064521478094 5.79087134436127 5.94781415718622 5.95415901634842 5.97770252457996 5.93748539748318 5.98432308291813 6.09250663187587 5.86930837790999 6.02738297606186 5.89365608870904 6.03080308419196 5.8854385232524 5.85148928149298 5.95669908024566 5.91716646025334 5.95410623394264 5.84952350425113 5.73838234525998 5.87317237628391 6.08803103080566 5.90944584143254 5.72358520415378 6.06556238767766
"428" 11.9261170914845 12.3905724127697 12.1429680007637 12.2631545585522 12.53522839102 12.0243642812388 11.9854424308556 12.7186086287091 12.2425062694414 12.3640308326726 12.1913257346127 12.3323984462725 12.3344603844828 12.29862433467 12.255599602279 12.071308887074 12.248633487585 12.2309186261325 12.5270890002472 12.2501822459123 12.1294361312158 12.4252679593399 12.1940737208497 12.070744829313 12.003901035304 11.8379209962674 12.0748221525048 12.1115638929293 11.8151264065351 11.9654504062936 11.9730145297315 12.1298872261646 12.0168287027348 12.2909664104576 12.1251831032846 11.8573384239346 11.9517138711851 12.0571966924315 12.306571440006 11.7210547383192 12.1143418984157 12.3850497845111 12.0284028243347 12.3641478326732 12.0219853182476
"429" 8.74835560405113 8.35577844288944 8.00225635780073 8.65750046191774 9.2513580979844 8.66996364059525 8.667859995223 8.53299083821681 7.80804169222842 8.62582396589236 8.14434382799097 8.00538463070871 8.26803149851888 8.02413386026747 8.44075958696011 8.18011250137395 7.68588337104629 8.44218449546 8.38621959848005 8.36312292437497 8.30557603462937 8.44639296407889 8.44235799890148 8.62594219003836 8.0929241409395 8.81442352532579 7.92361899663634 8.38167817731829 8.23223300230081 8.678905552005 8.69628251355593 8.70692036738871 8.92302577019423 8.72622867636719 8.3788207750355 8.32968810760454 8.05761579664718 8.57579929374756 8.52655093257446 7.93250690900721 9.05304273954644 8.42946397997452 8.43746780606241 8.33108064722508 8.52894425523506
"430" 6.15778349859927 6.16978093723154 6.21651830452862 6.18433218477214 6.00636048384046 6.14437813608372 6.24382790031465 6.27599094732842 6.18354595338961 6.09765532216312 6.2046384965774 6.04939649583471 5.97764997581382 5.94502526012614 5.95629418018588 6.03927615015923 5.97683859244085 6.22353886705222 6.17410011441233 6.11808653591353 6.17979223578763 6.22732860316264 6.02184698420557 6.08050130739312 6.11460146535332 6.02749583944 6.05639974752762 6.22466117538163 6.390799073968 6.21887355399376 5.90081302414319 6.0231859249039 6.07313627454813 6.21967804046415 6.37415942948071 6.17803846224753 5.83529989615335 6.2265687877087 6.02045979787093 5.99335352849942 6.1250505253139 6.08633843341474 6.17876043647976 6.14025314221903 6.15874263314071
"431" 5.95590937251076 6.19775499558287 6.11203117431273 6.16538670540639 6.32046828039491 6.20791416851055 6.36713970877219 6.18326507289193 5.87372943009184 6.22476349355423 6.21627322162001 6.12189051847071 6.14405076730752 6.30063876301569 6.21382755782063 6.10581393530707 5.9607475802057 6.36368002672495 6.24321062267435 6.20571307368308 6.25068305892067 6.0078261033318 6.24630252517498 6.17327107418745 6.18197455995618 6.15539989074317 6.21938854631604 6.08495596862121 6.2325856297648 6.1146458684378 6.1005617734443 6.18955916058451 6.1347993380025 6.35918290570125 6.06895055157486 6.12718025078278 6.21170768831203 6.01207534787258 5.98472662676506 6.14472199799157 6.17737285037663 6.24581103956216 6.16505828034597 6.34138922612665 6.3905869369716
"432" 11.1064888683798 10.4523369868937 10.2674358176763 10.6584052865495 10.5636572205981 10.5068674538509 10.9475052966571 11.0840698461612 10.3651851627535 10.7309785642639 10.5955075972017 10.6393584326582 10.6402540962568 10.4857801156048 10.6546289997506 10.209482947239 10.3649183747089 10.5526722317138 10.5256574715862 10.6547336305309 10.9210251785822 11.1558231991431 10.6131302132935 10.5943222983261 10.5134647812886 10.0412622818502 10.8418671864965 10.866454895637 10.9360452219374 10.6609284608471 10.5853231112933 11.2457552901826 10.5725510202145 10.9946200613291 10.7519130259105 10.5241967650784 10.6716204609425 10.6524399494161 11.4843984723959 10.5147610445664 10.8176801593803 10.9703895487038 10.9249643017312 11.1394690856771 11.0677695125812
"433" 5.94995649358016 5.99142995414397 5.76529138018842 5.86159740517741 5.88467952630369 5.7795171643129 5.83354868495499 5.9153474143224 6.05584336282162 6.04013831994964 5.87245096857513 5.7575841923284 5.99831802138118 5.87849262771255 5.78608897552264 5.90269609259017 5.95652770202329 5.73476960525529 5.70984355610952 5.88942525388374 5.86034970388167 5.82267613844464 5.77300201844945 5.83424093236963 5.78732859018031 5.93219503803758 5.83812078515422 5.68042632710336 5.73079877101748 6.04668906200445 6.01548575975551 5.79486763288444 5.86452511388317 5.89219913384251 5.69423041691045 5.82620502218916 5.94537022825856 5.86081725163263 5.86164177736408 5.86364615136553 5.91150450493989 5.62257421508228 5.69930887434322 5.83435338207549 5.84554247651738
"434" 6.19842996435318 6.2551220245743 5.96189779628543 5.83289079897886 6.57427780028264 6.59872590932396 6.18101773575145 6.05308078996854 5.83011036403917 6.00220745556896 5.73801785979182 5.83122335701897 6.10950343739125 5.93117429324423 5.85854244696898 6.057324820906 5.84659570576571 5.70737890738109 6.01337859914926 5.98108084391989 6.0853914011229 6.06495902534027 5.98044194722744 5.9374886804964 6.08086526274274 6.09197787831384 6.09502845102138 6.18873372748654 6.02655417578995 6.23360416496539 6.62889105279061 6.19980823182274 6.04834597020184 6.15467866249191 6.03197720157701 5.98489110301558 5.9626738380787 5.83369115612859 5.67967078315629 5.74109744713579 6.12488467507207 6.10570285147261 6.19177114905921 6.01090797710934 6.02876997257488
"435" 5.76596728527761 5.95524679364057 6.02716012123741 5.92976991259852 6.10926545593523 5.79756244984133 6.07454781190445 6.17107087748516 5.98836372878118 5.95924509764595 5.98638059699989 6.13708954426128 5.99903282985409 5.99385821475994 5.95853208909508 6.06162517245249 5.9160812265132 5.98614969781884 5.94650080733099 5.92756242937631 5.95798740492135 5.94190502385021 5.88747133559968 5.80181255116862 6.0736344862648 5.91866428250617 5.93275896935122 5.9001387468402 5.95565783644631 6.05359744603985 5.97720983215178 6.06785658414631 6.12954383140883 6.04506312535739 6.06266411393193 5.94776890696872 5.79008654095467 5.96933976485231 5.92335263987491 5.89313421310901 6.08337513758194 6.05818916223141 5.93196522743623 6.05956621257326 5.96532633646903
"436" 6.21572160755763 6.28977655993314 6.48744470379544 6.09614606260548 6.44903567567789 6.26552042181209 6.24567268906065 6.15087147411022 6.1803909542251 6.29401622803254 6.26797368631405 6.45028522386897 6.10773170484457 6.19683665408623 6.18416809240296 6.11224675086913 6.25083507438629 6.34317371078988 6.12107586900835 6.24013092765053 6.00103713575816 6.54478778597582 6.17387309802339 6.19897383307917 6.11821627069436 6.25354013835391 6.23255769090127 6.36646934910922 6.19739824867713 6.15304108079649 6.46123573255776 6.32123729748022 6.25519157379945 6.38145550859293 6.43075558002091 6.0685767060023 6.2034717844178 6.27104789207249 6.25411903590717 6.05763017121443 6.365256593763 6.44516378895749 6.5742562228607 6.39196132477126 6.3728855613613
"437" 8.72231009646064 7.88458201528543 8.56187249456077 8.44163010049739 8.68974002133351 8.53307652022236 8.84695037077791 8.71039357567117 8.6094547348692 8.40175106177012 8.24107057280991 8.8874631863912 8.28750073164019 8.62621524235231 8.52630244542778 7.67269875563711 8.26427882963244 8.25261612695794 8.26486950472111 8.57235013256782 8.83468018163945 8.89623912410768 7.88556610224389 8.33123693546455 8.05434037427457 8.54052698799 8.58408172842361 8.28464662794139 8.13878200437037 8.3777827122744 8.53883601783018 8.96243686924237 8.27546005251538 8.32285207617973 8.34834000242477 7.93001221434671 8.27865583359571 8.21294809853405 9.26272111139654 8.72959646102449 8.40756502291716 8.87643362470616 8.17069299018 8.72661880292439 8.51742111693426
"438" 12.1735991240875 13.2867186702847 11.6292304414274 12.3498454564236 13.2315661098088 13.250732326064 12.3279962023706 11.9917669163994 12.5644872981401 12.6873411281527 12.8597096965576 12.9673785316269 12.8631173264442 13.1918584204901 12.5165124922753 11.6020497980217 12.8527144194459 13.2521596719553 12.6943372098388 13.3528099298391 13.7917339512618 13.6272310150201 13.0575229073143 13.2070868155442 13.3216041314229 13.1330577336653 11.892127401004 13.0749617323947 12.3668734636374 12.7697613100556 12.5072640851028 13.0457374927714 12.6588002341315 12.6649852411101 12.5859934949393 12.6495895568242 12.3491694974171 12.569223264297 13.4289796588881 13.2382691785147 12.266988610308 13.4328430412743 12.6892372661549 13.289216419057 12.3794420453119
"439" 7.48491957623956 7.37169536450387 7.50780336520013 7.83794545479418 7.71757788392733 7.62498514851853 7.4131109924218 7.88000824675641 7.56477602113019 8.09609507967671 7.71558051132879 7.97407651030274 7.76215591400439 7.75014838913621 7.59431395309209 7.21876467727308 7.4277058953051 7.83672097927935 7.78631474836314 7.597219842971 7.83519830523101 8.09857075224775 7.61268304619524 7.63629520376013 7.4448648778341 7.32624146667821 7.7247123467651 7.71550797404883 7.57555476108133 7.45491027073085 7.82764178857353 7.74661348320307 7.53318720329055 7.87611257103688 7.26992592876207 7.15702712546877 7.54155788905888 7.74819614142202 7.84687057068135 7.39603086554495 7.5642074332966 7.70294519919025 7.35765807282966 7.80959594806198 7.73043752389378
"440" 11.1177338237827 10.7502779198735 9.70149851309943 10.8913130450199 12.0592057231399 11.0533523788006 11.2282530156707 10.5836884146954 11.0447946644713 11.2748382123149 11.1098955217184 11.3336578009413 11.2274637784135 11.3243636861546 10.9399842012015 9.39369456831061 11.1675230227444 11.4879145541345 10.7797794326713 11.4896098699297 12.0580696431249 11.5803582749938 11.3272266801934 11.574567510188 10.9864344585482 11.2198981450344 10.6883526334165 10.4241977725382 10.6359849084599 11.4240338485566 10.6358402593449 11.3961628366545 10.6435672168468 10.7912863654452 10.9590934840124 10.8968332934594 11.064218875925 11.1710285397845 11.0852424675126 11.5058234701447 10.5376325473164 10.9764522362518 11.3335791152549 11.5999674633972 11.2510790474234
"441" 10.482741653987 10.458009256635 10.3849907066361 10.5621479548282 10.53300162655 10.5954386232924 11.0114271679119 10.9137626556544 10.70632586739 10.7213995438235 10.8083168852814 10.8210487383088 10.6422198019232 10.5365659801542 10.4677883495455 10.4820240992188 10.6713717887484 10.578700850501 10.6819495171718 10.7331644387928 10.4910563407295 10.8628110279685 10.619458072556 10.4852204773578 10.2377129368644 10.4343680787707 10.6050835703166 10.5031324270161 10.3133333451133 10.6469253380864 10.7165756042789 10.7503789850402 10.3169181828758 10.7791215263004 10.9620157036658 10.2115708355757 10.7873305552577 10.7199216563544 11.154024718508 10.6957664240829 10.6168187853347 11.1859993510698 10.9735950435218 10.8298124468787 10.853649002561
"442" 6.53318450827949 6.1010763016996 6.32062374703893 6.18673140333918 6.24489032042512 6.37275278375652 6.09101462089347 6.46433932503209 6.5313533664347 6.20476684385588 6.29996989974139 6.05692221654164 6.28376896736065 6.28681556126857 6.23491684019612 6.21163606478218 6.41202649912492 6.1881829522594 6.07738165975283 6.09093232164528 6.25073179071059 6.25359845590861 6.35573154652797 6.08754396637264 6.40139681221647 6.34364754501698 6.314522218028 6.33709504871422 6.09305833650086 6.25244834426117 6.50344734268471 6.2756900263332 6.30052311355731 6.19846307970774 6.21991143427428 6.26966516379194 6.18954893795675 6.23391481878414 6.37061216896844 6.16899579047262 6.13221578306392 6.51825003586579 6.31169666473214 6.32546307492253 6.27682087107774
"443" 10.6349453388212 10.8653252329201 10.5790926849586 10.7271524918394 10.8230196067637 10.6581313144368 10.7062479032878 11.3367917856184 10.8309186570484 10.9006840638808 11.1011636713683 10.9082213355715 10.7713665063912 10.9344602315595 10.7539862391865 10.3696286243686 10.645556596115 10.6519630085197 11.0752775373069 10.7826714160242 11.046335189563 11.5225731962185 10.9876220095952 10.9166071147783 10.537956480492 10.3989624306208 10.588347545701 10.8125503053969 10.7152509685724 11.0609469427916 10.8466607021545 11.4713944865961 10.9460811803094 11.0641620853989 10.9962783366965 10.545676158211 10.8504163982237 10.8603295276489 11.3211310273377 10.4178111995895 11.031437174428 11.3913961319796 10.7628459749586 11.2021432853651 11.0175545672043
"444" 10.3930418073602 10.5117334148523 9.71248615140964 10.4228253757413 10.0662947415964 10.0614994179952 9.94443446826753 10.0470851835609 9.95309606374457 10.5012269463305 9.77008934980217 10.1402594767598 10.3863496579722 9.90748453907091 10.3582569821644 9.76659137200719 10.0643109220589 10.0844394132299 9.99964559366854 9.53209693300699 9.39523801517342 9.39674450664836 9.5831054129782 9.85110892299505 9.32215057818295 10.0865120733104 9.35544202030593 9.45192408834783 9.77415797486447 9.68960855839494 10.2380386896609 9.48757707372697 10.1003324282769 9.72755068940957 9.78631317450277 9.97774354076749 9.69468129539688 9.71904276134893 9.9698890174769 9.403923865371 10.0277250611203 9.45536890564784 9.81706928872669 9.73785009675501 9.93174024459632
"445" 6.34256253757273 6.67064734476332 6.38086687685024 6.27426209770865 6.32299598536974 6.66236794966082 6.79344874028162 6.53031443823527 6.32198272039307 6.50370801798082 6.68947923993944 6.64869907816624 6.53524078947739 6.34882015396265 6.51621699327457 6.48134717130279 6.66616264610773 6.5920121523072 6.79442988319265 6.42524407709725 6.8410508384799 6.58911902836808 6.57380840980324 6.35775462555493 6.59910125686501 6.39618322450368 6.53611743989555 6.34422891580868 6.52662457259538 6.59240195526124 6.49109948932723 6.63918432540607 6.70685548648311 6.32307363192469 6.59064711696899 6.44462107581855 6.63008630961461 6.31254017071364 6.86262817694022 6.42569435406955 6.22704776415433 6.80749760553805 6.49606199600114 6.56816469175813 6.60143508172455
"446" 5.90809166479078 6.09804406969572 6.01725107701367 6.09636211669245 6.03138384619209 5.86840152656747 6.02262630805809 6.0586343454245 6.00745282262971 5.8459909817857 6.00783400021079 5.9615928878143 6.08898379951023 6.03886009742452 6.27123306126382 5.96800767469254 6.05163538641408 5.99264158017249 6.26653496606465 5.93884788079927 5.94103635747914 6.09647417662131 5.82994326570806 6.11782697471315 5.86931568769064 6.19788453754399 5.87532641132648 5.74760806774469 6.31153129668997 6.02580518463521 6.05062242993173 6.15401651809163 6.2114052641745 5.98420523645629 6.28633497905172 6.03543136840064 5.92638744370064 6.00050604457518 5.87565235609255 5.93059765908702 5.87317803999671 6.06412924131328 5.98447401272653 6.10443105310046 6.06649585573139
"447" 7.13204521197039 7.06542197299225 8.09541063016154 7.02819638977032 7.57354992528038 6.7784000730182 7.47708373469526 8.28191306225694 7.58893968610719 6.92826766249412 7.73261251895099 7.42184510048229 7.15176312680564 7.46715539634265 7.30834537582955 7.30586313219483 6.9578545659041 7.33050226377064 7.5338832438527 7.06083330099853 7.15687420951101 7.28216709510314 7.35545800156104 7.15630255312162 6.97937816753157 6.68419093366777 7.02205324307539 6.97703146092902 6.8931129777436 7.34026594053573 6.62088196185891 7.69596847906377 6.95224985529685 7.31161382833401 7.35503701087005 6.51295181001474 7.58505715522024 7.02204380751972 7.49903481816015 6.74477110727248 6.73664164179649 7.55497661102334 6.82001439084273 7.4542932126285 7.0587988289145
"448" 9.86623081510938 10.5494826626206 10.4363782586727 9.60781181895584 10.8591886012541 9.57786539424656 10.2419878277958 9.79878395569079 10.6374902787226 10.817683581903 10.7489188691079 10.3333675093625 10.3454433558865 10.6434012332045 9.57461727455035 10.7813471081 10.9901656303289 10.6726338401508 10.4262635132408 10.9161943552647 9.93385606161972 10.6775061797768 9.68728128040073 9.20387314628087 9.54673580298744 9.91850975344303 10.57569675577 10.2490599222303 9.50497488210112 10.3568416411553 10.3127321126136 10.3839301693694 10.4269639797228 10.0976698710369 9.77049138300135 9.56526055907332 9.03973968395215 10.4310790828921 10.3601456484577 9.80146117429822 9.93037539233008 10.871868742964 10.1802072702948 10.9343670194385 10.4280642313033
"449" 6.72198275317407 6.55682275153062 6.08243329738446 6.33142550100398 6.3066804725721 6.14369423291513 7.00707345073999 6.14815755008795 6.2389346722969 6.55144040652387 6.38127323676587 6.37797644235588 6.28409733669217 6.46963041779417 6.23431118179156 6.25898149156825 6.2977320387297 6.31981902924985 6.19420573860786 6.50886272606257 6.92278115146583 6.56682501160052 6.26676558518144 6.17203833869811 6.51379733702195 6.26216418925232 6.33024087261213 6.30543681005835 6.34127937775662 6.23239273672947 6.40207624381304 6.35849459465006 6.53394593367694 6.25831011697412 6.47717772351545 6.3021536892751 6.39384684012049 6.3719174005675 6.43311693016068 6.79163072662532 6.49161237229141 6.36555147575717 6.26492456118084 6.50062585414287 6.29568796652749
"450" 7.43461879578265 7.38863269752746 7.54587071961819 7.28504705809134 7.73371285935147 7.36136344823132 7.84152096581983 7.6928027343041 7.36730967391788 7.59206974144644 7.51070176572179 7.70807013068075 7.30338441137647 7.46316462820933 7.3994783390709 7.45909514677268 7.39903948415632 6.98600223631397 7.4028931964315 7.67972128575763 7.58299846076541 7.62358548709383 7.62619477776177 7.41657637985919 7.24003689014883 7.04992139816293 7.43884193584096 7.38939762192902 7.40737497290601 7.37716753880174 7.52513384529982 7.75419914694277 7.10360085448044 7.53235365001107 7.49194709286274 7.12044562012509 7.2707834851167 7.45830330218954 7.46057104354678 7.37544236509425 7.49829664734663 7.57679146800598 7.24272679463143 7.46586198285656 7.76290278280973
"451" 8.32114835455965 8.16084984999557 8.04869872210831 8.31373869905143 8.24565346836954 8.36676235174528 8.84994153432712 8.77592651633061 8.40692823777533 8.6555388160551 8.53253000926476 8.76614670118326 8.55753250211843 8.6496604085964 8.48279182430523 8.25399868850917 8.50823081639729 8.71417018692548 8.56520905373539 8.76980404069164 9.09458900867588 9.28435916122026 8.69171185192891 8.86831234290341 8.48475391509085 8.04639959036747 8.72785888948542 8.94454390978627 8.05602524895716 8.63959675157113 8.59199719717845 8.85217334705561 8.73274364738699 8.86339262281103 8.59658182977077 8.23175697188486 8.58908344065036 8.5577132518287 8.95174738701638 8.49372044453407 8.42394796600428 9.2592530257978 8.24318789800336 9.03597697435528 8.99263320825511
"452" 11.7698528210639 11.2195768352315 11.668791061981 11.2697956135624 11.2612380136613 11.3807400786788 11.8937208637864 12.0041718497674 11.4965061002616 11.5406216027252 11.580596690931 11.8646488431024 11.4487807783198 11.3036196525815 11.4787017042576 11.4039482141043 11.432417417213 11.3805706765396 11.7785945354613 11.524751210719 11.5710861627062 11.6363619091387 11.2379752330614 11.3010270525579 11.1479958738784 11.2891670435838 11.6084193504171 11.4761382969641 11.1762597611305 11.5161584132181 11.3696264876131 12.1231045689315 11.3370710335963 11.6684276789237 11.747798403882 11.1277343984057 11.5227433817593 11.4962516873614 12.1812734982111 11.3193955278929 11.6291205042278 11.7932165410617 11.4270774368675 11.6882343348149 12.0908249110308
"453" 9.71413270194564 9.76431379616943 9.35663856038029 9.85765410748291 9.4187301698273 9.36188745706951 9.8351323881648 9.51770654652338 9.38893053678613 9.83548931741578 9.45735264497231 9.74725166977422 9.37155086814208 9.46197309062119 9.67293844561816 9.25326684568043 9.41156189631394 9.32941973148676 9.49132983912482 9.63497722501177 9.81737475070024 9.60614316679716 9.51453374926609 9.47886755923484 9.01390165616916 9.32724889829719 9.54622214962977 9.33289204239496 9.75828329005125 9.12587949060445 9.73762815050586 9.76670953766834 9.42289251045425 9.72479402938412 9.43962004139 9.6408884221189 9.25221324077356 9.43583903098738 9.92458494965912 9.43298311299517 9.48513340374982 9.50904068819903 9.45562560160342 9.64390907695985 9.78039637359474
"454" 8.46031665772841 6.78319130117719 8.11053556178957 8.03923400790882 8.11101171228951 7.5817898601696 7.51317795859772 6.88022143382978 7.92069738077419 7.31934263115517 7.18179865839802 7.88718931560222 7.36032794141852 7.09339830624581 7.50925123818499 9.69736944898197 7.53967733831467 6.3932902467034 6.76167175918196 6.57853718236604 7.4942890636169 6.69004181710647 6.93404038558493 7.01355839902957 6.47802918042264 8.00226685502646 9.11599321598044 7.56991852946151 6.85922464761595 7.02520676568537 6.95939746816706 6.65811664416134 6.62768801971178 8.02069299511913 7.0300962195457 6.87930356144971 7.0420603728424 8.46996775636312 6.74877160511881 7.64084558362587 7.14934111524607 6.69353672386823 6.91661234751072 7.14739017555615 7.44990225718507
"455" 10.7254686757056 10.8213118458523 10.7239592709368 10.663318260419 11.0641646619914 10.5807880145492 10.8274507937447 11.3720590364856 10.7474982963269 10.8543104475547 11.0832216734568 11.0377371254861 10.9375880545242 10.7513209834761 10.8715776790296 10.4671090579789 10.7045944177778 10.7808481398013 10.8342210226456 10.7699852906603 10.6984464509848 10.896382769976 10.7226135192198 10.6242371363561 10.5963510384325 10.4940977320044 10.4766018092986 10.7158455946277 10.4349846932094 10.4716360955307 10.6658848912111 10.9119825903029 10.2404862697372 10.7467410553022 10.6377287671738 10.2529154148616 10.5684806885226 10.7081780065523 11.3089725993495 10.5994179318194 10.618656360027 10.861734942627 10.6492774026718 10.9888339088639 11.1022111969528
"456" 6.28217446804177 6.16591019158934 6.47077522399051 6.16646551852634 6.00030343898499 6.27870023022525 6.23081489139804 6.14151766446008 6.1040578370257 6.246884156724 6.28354966293689 6.41801492074819 6.26839696298619 6.22015562080532 6.07825157956078 6.16021321785811 6.17691022941613 6.33453111800039 5.96885365434686 6.25884892972157 6.22261255611342 6.29863340032034 6.33703425159777 6.11742919492084 6.33928588687023 6.21832188736177 6.0101210490195 6.09950433526037 6.06552725124757 6.22686519387858 6.21773446021447 5.98364310846665 6.22271169919326 6.32435783637427 6.4087269154971 6.2304564191603 5.97350986059414 6.12216028266175 6.35187908155061 6.27426886618976 6.1438833374537 6.26302096940319 6.14827867759506 6.14578849216854 6.22701058134828
"457" 9.3751057184531 8.71956150129784 8.77086871359751 8.32181841040015 8.23783535499679 10.3606317525744 9.55925258295051 7.99108749997235 8.1753813273264 7.71745499593862 7.46774060763252 8.66850626622608 8.01554328198614 7.48127953623425 8.34692446529529 7.99048175430421 7.63049789261854 7.63160331548052 7.66607289122945 8.16695045893663 7.94759303893879 7.0169806719158 8.0302203489328 8.20967375483894 7.81751420611232 9.32082658359452 8.88823672007675 7.21314409404305 8.04285734800899 7.29061321378675 8.32991879855288 7.47229667493644 8.23273707567295 8.16545670052416 7.77887926520515 7.12687150421755 8.19427270730109 8.89396194081193 8.14107917934246 8.26161956661292 7.9788239861378 7.2851306130175 7.69534806586899 8.8149092883858 8.92091539404706
"458" 5.98001780798624 5.89966630753484 6.16995454263979 6.03629521716662 6.25066774630465 6.00516118910659 6.00718128508779 5.92793231771072 6.18515713012896 5.97749309197465 6.19904020442898 5.9368225675786 6.19423113931199 5.93257018370563 5.93810507923956 6.63693594107553 6.06738938700189 6.60782443856745 5.81698669254249 6.27633363150068 6.23032031777193 6.32567763691529 6.20158870221706 5.99063551696214 6.00479430302814 6.09432056964097 6.1201303002187 5.91436786210676 5.94130123789248 6.08904753805761 6.16547849994196 5.90212216862357 5.96879369583387 5.95805468352673 5.92380685609259 5.86580175301449 5.9673138435993 6.27774464032495 5.97163390086194 6.03553342786937 6.07209510184882 6.3307886455562 6.17843072310382 6.19515271805825 6.20031855389358
"459" 6.22446581863939 6.17944415019124 6.0984752317273 6.30320928167813 6.30610626777434 6.22581615440213 6.19846883836962 6.16771643473768 6.25664591686558 5.98766088015123 6.20640396630629 6.04120519002647 6.45580200927488 6.01535425583715 6.06415313879798 5.97404929977996 6.15474967609397 6.13604400983589 6.16473586110144 6.00805491406099 6.17306947700831 6.09039037924491 6.18212056586789 6.15580811826937 6.12229241489124 6.1124066343053 6.39087550708827 6.16254150389657 6.29292564556314 6.07518564416922 6.12889675370592 6.28867016562811 6.14769187556588 6.3022986294529 6.32819660794465 6.12074339683736 6.050723124658 6.23956561467729 6.17492573108455 6.07244738890125 6.14868012116477 6.26007129894651 6.16935329781907 6.39511970277847 6.30640581025343
"460" 5.99666828645427 6.07743881178654 6.01576766768082 6.06378220898794 6.27107881320627 6.1753780253023 5.99396864255269 6.0027744037541 6.13035407873885 6.07141578064625 5.88512224351084 6.03455791366105 6.08191962645634 6.04004109899826 6.05491617475268 5.92639150958706 6.17808396646068 5.94788122606368 6.15617051760228 6.13835048117357 6.16488110783588 6.09753208050551 6.23394310805923 5.94503157915179 6.0545940949507 6.01589239665395 6.23693059201253 6.01563334617899 6.16429368188509 5.95664067675636 5.87393461075802 6.06919494003335 6.40789794781582 6.0587801098089 5.81237180094268 6.22314957274088 6.0352513314927 6.07798884840768 6.07884595924079 6.04348383244534 6.02790629866624 6.08213977598061 6.26840305877046 6.12023258633016 5.98996011564661
"461" 9.89503952436725 9.38185143969299 9.17974545746019 9.65139335784572 9.38508409178224 9.57386814424445 9.99983516699779 10.0094649245457 9.29576197838993 9.73519912220847 10.0063325246277 9.64923229868715 9.48915623883591 9.61905782576585 9.61302791055616 9.24335807300845 9.4657206172946 9.51998747737875 9.48217301792092 9.74863870339598 10.0003985031311 10.101017801984 9.62710378529356 9.4120409061514 9.22124960783512 9.17313134695076 9.81389977398357 9.70959611120676 9.93898138949666 9.76254812380943 10.0183963554184 10.2310542884538 9.56407503368881 9.99498552933096 9.75823486278057 9.45487740221081 9.64229242055488 9.69406457833298 10.3529837312926 9.59172143517066 10.0356792395088 10.3924001911292 9.64405318961806 10.0419847775869 10.1362003909278
"462" 9.91358527395139 9.17020077404511 8.86255965359734 9.51267986812086 9.81509324281756 9.35923253635921 9.93102471442656 8.94156217076218 9.69736765792405 9.46215452363622 9.09163818694261 10.0542778009414 9.73546639322992 9.13503635334806 9.3941406439001 8.73681715690669 8.85280662458511 9.25384272298808 9.11847039900625 9.4922095459644 9.38563667956486 8.96080918254218 9.00815777115908 9.60180719568879 9.00959552802425 9.48842121225744 9.28536776415821 8.4246448296333 9.19385106514313 8.87364940287011 8.92282744406386 9.11879825540763 9.01429135301462 9.35167492609541 8.88479147936429 8.98282436421793 8.92418422988582 8.77133056995359 9.36572895038313 9.47075672741131 8.95650644001426 8.80874347643424 9.10738762087143 9.69682731693229 9.24941130982485
"463" 6.50961553728858 6.3465554908108 5.92846924457585 6.40151162828752 7.46993756322891 7.10771258345406 6.53918793173193 6.59506321391709 6.61149668742535 6.28964882274737 7.2538909335287 6.50306887174403 6.30626277242306 6.52888284560599 6.6195779389369 6.26730745933358 6.82264943321082 6.78862838894658 6.63578033863595 6.55328705171035 6.49082650496906 6.00793171012848 6.81426605592039 6.42308166203641 5.97067439190203 7.07884881198235 6.49369241401043 8.44735496755852 6.10001111860284 6.43618124207583 6.63405699288846 6.66252797557058 6.86033476952009 6.87053604402155 6.39243168379533 6.11226423707596 6.27119924699257 6.44888508531999 6.13983583029247 6.59816051023009 6.23039832905181 6.56183787896432 6.62213844207037 6.24950048519165 6.19715912222789
"464" 9.86332984773443 9.80345056294013 9.70184119606892 9.8247883897982 9.44424849087687 9.6012930298211 9.77680618568526 10.0183475399478 9.63669791213104 9.67639226761844 9.78142870178024 9.91089989995559 9.66412558123871 9.88346054072866 9.7248557077139 9.62329181099491 9.72971688152424 9.95812422372319 9.64911532623141 10.21503130287 10.0409975990557 10.3833409496023 10.0896919760642 9.87547041912445 9.81688504259253 9.68383223841439 9.87797337135415 9.94163050856785 9.76816212617275 10.0705824399443 9.64112161493808 9.94729708670484 10.0543173349614 9.64542155203806 9.40023001675352 9.66416496857603 9.74874762778452 10.1132843885864 9.91578107264169 9.27320443189293 9.72483678999959 10.2110058195704 9.70832751167129 9.9939987733555 9.85813550765808
"465" 6.14203615567907 5.99746376340657 6.03311162602202 5.97702792769213 6.22450712539039 6.16338322896048 6.33002905819644 6.1103367531828 6.32113153732301 5.95631647262598 6.06637885039995 6.28141096170618 6.26029833532165 6.2685087425338 5.9980872011322 6.0797667131563 6.28682675027695 6.18060223953924 6.03665479524498 6.19275862766809 6.2835813084465 6.42933267024744 6.23722737344172 6.27277652753688 6.0968492455215 6.17863266155833 6.32484649365502 6.00305548388971 6.08431548999427 6.34009543771498 6.08353888433306 6.34027552026874 5.9304064751708 6.25535476302277 5.92955728484319 6.08436747814722 6.18331497860933 5.95552632013175 6.44786664983086 6.3283207430863 5.85784881591207 6.09418808488932 5.97787217764096 6.29966744940635 6.00877300415227
"466" 7.26822354006381 6.99818181735506 6.66953730411989 6.81995914918474 6.5424608669699 7.08263363581286 7.4361262713239 6.89194586999671 6.87500595892251 6.92133342650884 7.00610903461767 7.39932661204402 6.94646731379435 6.7696071474494 6.85407040773499 6.66696591156644 6.68465760803081 6.8965387419231 6.62535089574884 6.94393558458983 6.81700802089737 6.88980398855023 6.72022450492652 6.75872020275511 6.85024262267952 6.56831179685691 6.95000175016472 6.97022264915207 6.9418902567412 6.63743336695836 6.9397123572316 7.15781220794378 6.81093523288167 6.93320413031208 6.82788901600683 6.73209355131161 6.82212596926966 6.95420676153569 7.3978828172704 6.72009032395823 6.77929526387211 7.16901380064444 6.89636927962297 7.20624533536362 7.25303305924438
"467" 14.4572571865044 14.6106975952671 14.6443450448665 14.1738410851634 13.5394481692261 14.1650358937531 14.3048988580875 14.367139520111 14.1754152956121 14.1940165760088 13.9403843371144 14.1708978257679 13.987291955238 14.1154900532706 14.1741397941859 14.2269386208524 14.3253667714109 13.8965655807273 14.4206533057479 14.6062629607968 14.4289313173218 14.1716210216762 14.3643249992029 14.4095419661114 14.2929355716081 13.8581147291884 13.8515202639079 14.2651399788162 14.0345936293295 13.7532904022895 14.1709125670786 13.6720372679327 14.2719746660812 14.4296276208746 13.7111627670894 14.0161044023829 13.6928715791818 13.9551074574252 14.0605198592614 13.7238178112792 14.1550621642823 13.6088070269351 14.4471231886376 13.9543036283238 14.1802885190529
"468" 10.9912335555035 10.5670175367355 10.9546923990693 11.0164069084535 11.5321154886003 10.7152343232718 11.1762131584603 11.0784401966941 11.1763149018114 11.0176623669846 11.190294611024 11.2223478144132 10.9185582050638 11.1915749548019 10.9298825530245 10.9259195199315 10.7972080618312 10.9006535066752 11.2156386134821 10.853483539837 11.3477317644206 11.3659038981798 11.0951280837176 11.3081645323956 10.8897304934017 10.5786417488155 11.0922930541307 11.3262917604534 10.8109099413495 10.8746785353653 10.8406178781561 11.232884271519 10.9534943990829 11.0174937958545 10.985816795009 10.8977743571111 10.840176825313 10.8963762979165 11.3624637592023 10.7455613127013 10.6259215118812 10.9942753130532 11.0693256650131 11.2292747269777 11.0550300408927
"469" 10.4975692405913 10.5379479756264 10.6230893459632 9.89661157323852 10.2222392922858 10.4770027536079 10.6261899991346 9.9207058933814 10.4212797470618 10.5448753929181 10.4916727014003 10.8740943216336 10.7643144832889 10.3548148030122 10.2234447018147 10.2057890616019 10.2557799085383 10.7974328017615 10.6897811121471 10.547414325457 10.0998153401098 11.0848520397291 10.2764577849307 10.7242662132482 10.4278951122094 10.4978686209955 9.85145698633382 10.9000799109152 10.3728455140731 10.6041317870957 10.2208451121481 11.123674425045 10.410841419092 10.7392947134847 10.4812046524388 10.1546703069342 10.5447076307784 10.108525681851 11.316975923167 10.2374032900384 10.6927030878039 10.8029419139949 10.2608096751937 11.1925253548678 10.9184774250859
"470" 6.28007188366615 5.95853292290695 5.80921783115653 6.09224906327296 5.81447305604185 5.67030468381368 5.6041157027594 5.57701361371265 5.88121819759816 5.96249059100464 5.83414568554748 5.87238585500734 6.26094703547041 6.18093832631242 5.95006222941734 5.96334447090873 6.02059237367987 5.85427721512906 5.89300236545468 5.86432926063103 5.83150434861706 5.97081453280555 5.67683448633566 5.85970837666925 5.91959869976877 5.85656412689332 5.91326399071864 5.79300654080887 6.07841523202362 5.92520950558976 5.87446649549624 5.88225203973407 5.72511510228231 5.99173670317868 5.84191608019441 6.2524339438547 5.90797898837283 5.9567042359455 6.03953847028231 5.8613858646231 5.71214533362159 5.90386193432287 5.88933073100421 5.91213732631297 5.94007026414248
"471" 6.78598598974944 6.10918036487319 6.31614366058754 6.41395631971915 6.49305850650778 6.54631709677942 6.6651187765566 6.38552433557007 6.67469686052469 6.66136476661849 6.65524146773196 6.39151030128949 6.52259812113089 6.63877948545179 6.16053986720403 6.3053396030993 6.24550960138829 6.43586831156916 6.31180636678793 6.50663349752088 6.67791832298116 6.53478846342971 6.43378083019245 6.53189035540011 6.61912200572189 6.35262737583152 6.57802840110813 6.46254429053686 6.46643371017795 6.66793632197199 6.45632580702249 6.52687379899629 6.45971951025192 6.47860918415778 6.48090195867425 6.40325139612037 6.36400111707586 6.63970944626439 6.68727096010552 6.27821094432484 6.52008685573461 6.42247902885979 6.56488075810625 6.54501569786967 6.4603652153451
"472" 7.26357817467647 6.84013778741339 7.54542942019669 6.83428071599118 7.25573538746469 7.15505887455974 7.39798159451228 7.00728827467297 6.38552681491975 7.34657192827868 6.63869789733603 7.35927110160322 7.10114730383533 6.79224051279442 7.70836171979819 6.62467562235947 7.32100494482462 7.04820408081715 7.05972664483176 6.74533465042527 6.73057108774978 7.18874996254461 6.96842727391523 6.56902826826102 6.50857324303326 7.08999021559426 6.80769782272682 7.12534539488559 7.28386885544315 7.0563808065871 6.90412546804309 7.37955011067684 7.20414109099558 6.72137525237971 7.94078592582297 6.48542083570504 7.29277836139884 6.99072348428564 6.85498755115646 6.81826136769021 7.26259175814034 7.40489849449062 7.03925375087978 7.21213274258554 6.57046929859457
"473" 6.68470364948976 6.98027635923122 7.48389418691239 6.84218995048054 5.96042478000567 6.61275962304613 6.95862724167806 6.40021847037374 5.90827322817963 6.65365475537769 6.53928291010847 6.05592396985599 6.41665204261443 6.18647363670974 6.3373805346178 7.19933637158443 6.94096651026724 6.45124811834308 6.12933488568079 6.40101350323579 6.61624641998115 6.27331740856657 6.92609292612489 6.42879958206081 6.03235432425007 6.17130691983408 6.39329618142315 6.95002549921085 6.92419894315208 6.21444346559785 6.44524454401482 6.27715535905518 6.27293485697994 7.24287474441923 6.14766834124769 6.07703782156928 6.59907537378566 6.50834104969513 6.25490373185332 6.4755521310589 6.97880318725944 6.39266558318361 6.00442406658279 6.30644559510558 7.03764500111893
"474" 7.38032979387703 7.06874094807729 6.81187073088191 6.71983878936304 7.18773636490961 7.50476415548922 7.40197131468196 7.08576244389261 7.20485899963492 7.22562715796 7.0470003854311 7.11795807479145 7.17775893266356 7.08684132240605 7.09343363208563 6.69607944514053 6.88620541934064 6.6455823499134 6.99330296260766 7.18099098341442 7.25518097871949 6.96986661265552 6.57994531906318 6.76764680076707 6.66412729058287 6.86083445848806 6.95012558223289 7.05189027667106 7.01346746446605 6.94817514971056 6.6405657418699 6.69511981486819 6.89230101892252 6.72441467815524 6.75925048995095 6.90443673679701 6.46994997419369 6.9372875873571 7.00232892135557 7.16492769236844 6.59075048635297 6.88374976967378 6.66787939123273 6.86417559513728 6.76231448458589
"475" 6.49449026680771 6.02237428297491 6.26325356866713 6.20002549878607 6.60470767140061 6.30805156734875 6.09463749531682 6.38928946790654 6.15453776814154 6.42803403859716 6.28782831197787 6.354955994068 6.12385937173442 6.32874735812706 6.24618008525655 6.25178266689442 6.42502554659342 6.28188170509251 6.34886090250671 6.42554553066708 6.33203683860324 6.31775678271053 5.99899615004405 6.37430624640204 6.27835789306653 6.11498908902625 6.31962929218009 6.60587283813338 6.27186221673122 6.20961461912975 6.28174811945501 6.38857169116813 6.01263990068122 6.39556789487805 6.36080202736883 6.36659704137672 6.63566184237832 6.41439741542564 6.61678128716977 6.18875014898274 6.31661654519532 6.26719182652264 6.01909719306672 6.25438733791607 6.30325059310272
"476" 8.54265951943673 8.30147799554197 8.26196795441751 8.63273073913068 8.79667300345755 8.32093564201047 8.12838889869855 9.12506961223199 8.27882100223892 8.49380225543593 8.20583249454022 8.56619772075974 8.58700743416869 8.21163581119402 8.59714474174068 8.3828959611813 8.68440976039436 8.58450738435014 8.65749794451597 8.93305952842301 8.42105236526145 8.68622076781107 8.14484829919729 8.2550952354001 8.24619487657172 8.46168193504602 8.61990471226017 8.37699680569916 8.32821612024368 8.1823268012923 8.63387132530593 8.26730934778435 8.68549023889149 8.37712716982344 8.08655520569657 7.97051918448871 7.96236544623243 8.305910859356 8.86528181096069 8.22154701348207 8.63387283054673 8.95737434434554 8.28019841275873 8.93341923315641 8.70113241751262
"477" 5.86814222821419 6.04043376137242 5.96813547455845 6.10774737360287 5.91137686523795 5.84795026021909 5.9302234571799 5.95908971283052 6.00628250423096 5.94209423825031 6.05294668972969 5.8522793279845 5.76324545907756 5.82422876271136 5.86210768353469 5.89764916885439 5.94295333392162 5.90108971231485 5.9882769177542 6.07976776081192 5.9125823011481 6.19359404240547 5.98209161318591 6.0037251587682 5.87432231429934 6.03670582948393 5.94255918866805 6.00674550426228 5.86420025893738 5.74233645016762 5.8855639015765 5.85738205132323 5.9402520896358 5.90700450581447 5.8108747782716 6.14269769999382 6.0561957958086 5.99707729646093 5.90252469969457 5.90377315858524 5.97005328156831 5.96652200376496 6.07952630435895 5.66737173687185 5.93047524678064
"478" 5.75018510276307 5.68778385599046 6.01440817421135 6.01019503664439 5.86894143794255 5.92822918092714 5.91020331686587 6.00273602499334 6.08573575594632 5.92654957103584 5.93406720138348 6.00395487771193 5.86103155325797 5.9002672338861 5.84056826896828 5.98719689211658 5.88459006217464 6.08070006397989 5.92893695301113 5.89200848845256 5.92077433295428 5.87859000895455 5.5920485694101 5.75384163089404 5.92031107816472 5.9780796401737 5.97953263776754 5.97164538662242 5.7327088618168 5.92306527204306 5.94213437468303 5.77793428686136 5.96556970714288 5.83962639571935 5.92626515644654 6.01210507009148 5.9628991128399 5.86437983674991 6.02843794819308 5.9094790748886 5.93085375133412 5.95919345981866 5.9636439056784 5.96276449404462 5.86253329299914
"479" 9.7299374795635 9.917898522731 9.8893982258165 9.9865258546901 9.87705027347457 9.68845290665233 9.84426822254148 10.3343712661675 9.65622372448397 9.94599669268349 10.0817291071514 9.98790227882531 9.9467781849754 10.0006990593368 9.95341145745845 9.84505741544874 10.1125980058507 10.1316339678412 10.0947944316543 9.96858750913984 9.9553401909855 10.4351273060784 9.86985047890606 9.73226827432173 9.76986792649822 9.45079355909596 9.90899567433325 9.9085948710498 9.81103682216416 9.87050962283096 9.71540252469653 10.3687390874885 9.71424237388815 10.1415210019668 9.8304409304619 9.31492531145544 9.73613235375307 9.96050253863637 10.4950733971782 9.49086173385378 9.99854004030655 10.255610724217 9.6450107978029 10.1754744758423 10.0573391947116
"480" 7.39872836426581 7.46413091442061 7.1732371370213 7.20145892459793 7.44569002102016 6.82856031703235 7.33417478720368 7.6166301098073 7.26179615493126 7.73956559244384 7.25082238201141 7.06899467832473 7.28122279151971 7.21706505541044 7.48754689728211 6.92946119256056 6.7897735407344 7.27593809463011 7.44982585990045 7.35709036798691 7.1335051277071 7.07932807128616 7.14369532588768 6.88285701214055 6.80602723833321 7.08093169388615 6.98910111951755 7.18908803840913 7.34825266561561 7.06732763947443 7.31917155872406 7.28339314535323 6.92778972557189 7.41887594958009 7.16712392262764 6.97890147789012 7.07279753750434 7.14070350085481 7.59301881286279 7.11312988214479 7.44607459463153 7.14927789972599 6.82646038140714 7.13020445844914 7.53719908650012
"481" 10.0471484001964 9.55672040090075 10.1298989102745 9.96768776778563 9.93561922195797 10.1229116403201 10.4961433925863 10.3040235705229 9.37493883305304 9.91540418939517 9.98745936246509 9.67618238855794 10.0347613327487 9.57514232402038 9.8286059907628 10.1501880267064 10.0624829348189 9.82050281881565 10.1843160733602 9.56826931390903 9.64718438141202 9.54095812448539 10.1235838375546 9.99273106583907 9.72673929969645 10.1384097524101 10.0297865244682 10.3480866373277 9.81971153244417 10.1101324574003 9.9506217636667 10.0957658141933 9.87586317836497 10.5148052980338 9.69963352390717 10.1124365687507 9.86880112268946 10.1935013616259 10.0491703600737 9.52147112607835 10.1913320991321 9.86169051018807 10.1036594024634 10.2042181427622 10.2699220881255
"482" 6.83230566767316 6.61442659039997 7.08862845621209 6.90483079247842 6.79734345661376 6.78075336391866 6.92944687486783 6.92624382190233 6.88878553315193 6.82651784271953 6.90615166740246 6.84216504302819 6.7468782261752 6.58418266424168 6.84896697041653 6.82446340366241 6.80850221160826 6.87599708258059 6.9024725813416 6.85712600775224 7.09871702200292 7.22679256601876 7.0550011345273 6.84642173731619 6.78683589680914 6.75824102277242 6.77380087408942 6.96533571225883 6.95145809353977 7.11226477529072 6.82139842498681 7.20478997154563 6.9652338660242 7.04262956391852 6.69703123105372 6.809203669875 6.98981399307227 7.16151419239762 7.33467248096021 6.95434744272574 7.20805635573707 7.23189474861876 7.05414017513893 7.18975766454698 7.08892852150168
"483" 6.1469690127613 6.03313686793955 5.9413797306474 5.96456464907626 6.03963777784729 5.74133161183336 5.9144990764957 5.84828441203112 6.08653114243792 5.83002095104445 5.95764192036364 5.93431479201502 6.0317416724764 5.82078133007586 6.14998240246099 5.94460334037654 5.86494020325709 5.77069621693167 5.95746440293733 5.86064028868636 5.8202979471063 6.01953780226411 5.90720053499224 5.92971294778184 5.97096345044474 5.8393455631337 5.93041365335149 5.86870302566706 5.90424717232154 6.02322204273236 5.93988722795399 5.84021671443481 5.93958211973941 5.73078285784761 5.8588354052034 6.06908325488025 5.92703229360586 6.00499488325771 5.98367014557628 6.05867927900544 6.19891978835573 5.84713091903554 6.01295282182319 6.1579117549953 5.75523140228973
"484" 10.023314949854 10.0745524015346 10.740987792686 10.2688438331045 10.7009655819735 9.59579787639191 10.3339087807943 11.036324363392 10.0451705136836 10.1283889683852 10.2252188050437 10.2320875097144 10.3377937487158 9.90949587408416 10.3800441962769 10.1726767439552 10.3069518809947 10.1304884575023 10.2404384508713 9.71694919848002 9.32405105935076 9.73772599919973 9.70298873461028 9.53239557625005 9.47962644376447 9.65769372219533 9.79520377209399 10.1177526889294 9.73355287992448 9.60239128661042 9.71854158110437 9.986137123076 9.57633073171226 10.0564439389677 10.168678545243 9.47265263831164 10.2113440880624 10.0754009784071 10.5518160760634 9.50772602556563 10.2183556273252 9.9491695708224 10.0463685811685 10.1427894096362 10.0703124280021
"485" 11.7990933292412 11.3371485433406 10.4158545121499 11.4195308553498 11.1538584230713 11.3008952867024 11.3137434937444 11.4710787488389 11.5228707152041 11.6737051523232 11.3190976470525 11.7205678647825 11.7562011528315 11.1036803209823 11.2366962112727 10.4549761985641 11.0271664863898 11.4206904690587 11.014536484254 11.4350393180243 11.3981813834794 11.3965315926668 11.0012787944918 11.6431649300442 10.9565554729112 11.7455368898835 10.7663339093188 10.829436831771 11.438202732266 11.5122007025803 11.2900598726345 11.7088475245733 11.4495487037161 11.5629866308505 11.3679902212238 11.4499024583827 11.1757856808044 11.1784062731417 12.1010775873585 11.6148855345762 11.6834883543315 11.2932510199176 11.4531172991764 12.0658909035071 11.26816341239
"486" 11.4250047392549 11.1268321502934 10.7959260626065 10.8244256619319 10.4189517960587 11.5388755374655 10.9278295354533 10.362337535202 10.4862494464028 10.9262588289457 10.7151207552528 10.8697428972501 11.2535329145608 11.2088703311623 10.7388385405987 11.0171598623369 10.8204736358038 10.9442106313192 10.9811445112448 11.4235739910946 11.2446413542265 11.3805857493706 11.4964541228498 11.4467121522918 11.3257825759919 11.1310705748112 11.0450079647251 10.4960723881523 11.2944999598695 11.1435645091703 10.9650911044764 11.2370536722513 10.9622991443478 11.3892184948026 10.7907309227198 10.8389486134542 11.0366555045111 11.2120191958979 11.1198574203211 11.0682035334182 10.8409726293155 10.8533026761241 10.7758356142138 11.3674223828163 10.8021145989957
"487" 7.91692869659262 7.65704452492289 7.64318547968032 7.66479909947248 8.14093448307199 7.77360842978561 7.85900126039141 7.80543152385219 7.96538333931784 8.12649153225579 7.93376555425057 8.05814914541489 7.68601924141894 7.7050247624762 7.96167282564503 7.74638651120521 7.99975058964703 7.811290018501 7.83308591415756 7.6705301869027 7.74478308488042 7.92858060697012 7.70903303204154 7.47121934281369 7.46273156803809 7.60929022663863 7.83303378496162 7.92783938871735 7.71889304629756 7.7249215118753 7.48123038678227 7.73359773540583 7.68823490560807 7.97253309087975 7.86416427307907 7.43335170054272 7.64049964523717 7.74785367147216 8.02202738611523 7.76692480929769 7.74664671712008 7.85421450903146 7.50122354347838 7.9281701899478 7.78255289010126
"488" 6.10444312187971 6.22148642147047 6.11270356614658 6.10924877848811 6.28553494661998 6.34107003281592 6.14051785407023 6.19317474819338 6.13241318959225 6.03537442602369 5.96119004476745 6.07671376202263 6.28753052933946 6.09864384015797 6.09709328319991 6.21174409908642 5.90459835945116 6.14470616031602 6.13188747907572 6.17232226551405 6.15830376751654 6.06940320076985 5.91949364906778 6.15057455827772 6.08726731371319 6.2502015886932 6.086217135966 6.33388618489955 6.08939198369034 6.18263823987328 6.25623132430916 6.31791073106017 6.16575716976725 6.16958769307683 6.10628954923185 6.03113892076903 6.11814041119129 6.18301312765365 5.7700083610693 6.22845110955331 5.91411833858213 6.24852764493788 6.14639018380134 5.93186842231499 6.29498205962219
"489" 8.39414000255591 7.69196389332258 8.18647786488356 7.9053815925287 8.22227239422759 7.88775254343291 8.39754332728369 8.32941452173664 8.12769067985581 7.74794259972298 8.18292173930211 8.07835610082098 7.64477759807915 7.92864176525173 7.95959126383159 7.66207720614971 7.66832665443071 7.60464489903489 7.76278650106489 8.03747801954765 8.37902377853508 7.98248956435205 8.20019688649045 7.95399728314809 7.7463818918138 7.77954554102006 8.28437049557916 8.3860071472626 8.00477036787355 7.56346585558166 7.70199726658791 8.37674630071742 7.36691520312787 7.84423007620218 7.9806670834537 7.76971293410762 7.8858688364858 8.15236870476267 8.52874040841698 7.95297054855197 8.00362608850156 8.15167847197311 7.72866433400951 7.68416524447998 8.31244899015491
"490" 10.863566230376 10.4277996678342 10.4853207007653 10.5678342034755 10.2905318259154 10.2199523823129 10.6445250672052 10.7517381076481 10.6739059050598 10.3865870783168 10.5441345458078 10.4733583707548 10.3992090073294 10.665205068108 10.5321645587346 9.96740716991345 10.313746635587 10.7567851927458 10.7516229355974 10.4145171008519 10.658702649074 10.776431365256 10.4444148488416 10.3008656040178 10.4595167545764 10.2165881701139 10.2048229853086 10.5982814986627 10.2315948383056 10.3496342667098 10.3449112777689 10.8773355274609 10.3776889024746 10.6657313087653 10.7522364996722 10.4139131237442 10.6974551790322 10.365050513665 11.1266799523786 10.5581481392203 10.6161872710831 10.5336424321187 10.6511888877451 10.7973573867842 10.6633241848105
"491" 5.99896291539196 6.14288345355034 6.1629083613458 6.27356834324866 6.03672591911166 5.93083020848283 6.12135538335137 6.35114694832669 6.15850171433391 6.09509751517492 6.23005237535612 6.24756531743406 6.31943069009349 6.18761708901847 6.41242415274102 6.21384527131646 5.94679811289942 6.05894211248061 6.06063045674556 6.16279623405321 6.28983249420665 6.43813888321263 6.03577617880294 6.32373773371336 6.380300772842 6.35975121758068 6.11034630900604 5.99208522470349 6.08696164251355 6.07548904965972 6.16401513884318 6.37229724574654 6.09183173905649 6.18548485253784 6.3348050932112 6.03060914087774 6.06837991079932 6.39883380460794 6.20411982149392 6.03328045412325 6.16632886133348 5.97803987471243 6.09572750929181 6.30522408817017 6.08342604822291
"492" 6.30953525521016 6.28273948772909 6.41366003368546 6.29491168427052 6.30859088080171 6.119704725052 6.49907319529285 6.38243534605597 6.42508900871762 6.44453901958705 6.6417324425521 6.40450549460783 6.42532527052091 6.41833594970758 6.25037239484922 6.41529655192864 6.3240155770501 6.43459350230178 6.28502319151166 6.32818922256624 6.41151411393781 6.21984667077221 6.27545209191691 6.41512617555929 6.52019327715443 6.19125874658358 6.54865165276638 6.3309135833008 6.41166355931692 6.22367454636249 6.44194900724505 6.55082007875742 6.69176318546406 6.49635611095297 6.2291341795279 6.23860062711634 6.48161633307913 6.48228528139255 6.53469539636712 6.10113528663398 6.28709000190623 6.5442764559516 6.31584362953716 6.50131989842132 6.40410462687152
"493" 5.83079911180292 5.85237280422755 5.91347249495085 5.8481058309039 5.76462910700692 5.97097567870474 5.81101796909783 5.94375749106036 5.67945225871957 5.53790052091719 5.77809857820795 5.7615032264822 5.62509617951857 5.58620282089784 5.79624935917285 5.66023009688955 5.78992557115675 5.95456647008878 5.76880101717519 5.90021144829949 5.79062170199381 5.84865346003298 5.69058237231427 5.67318750370752 6.06857174857718 5.74046706326047 5.78476240522643 5.80818628011178 5.81719835656235 5.81961609140699 5.68923640898304 5.86633810058452 5.83833046050095 5.56149737751203 5.92222860771444 5.76154909765637 5.7806180463361 5.86327574827058 5.70773657723904 5.96969038641471 5.65762236390602 5.60887154360235 5.72955142936601 5.95442299720411 5.8375716783861
"494" 5.95747574781112 6.12060209955787 6.12113956913518 6.10232170285337 6.17136388973159 6.04374368976042 6.31894965193451 6.06576657950242 6.36258030663628 6.33538617307843 6.28197077911585 6.07547404283071 6.39825140648531 6.12120391761076 6.30488234811215 6.31509678810613 6.41511299751946 6.12060919543297 6.09978602917182 6.32596934780907 6.33188015167815 6.17419586639588 6.14237600596395 6.42748907021688 6.07226990736042 6.08915081975886 6.24000212092613 6.34575524128591 6.29835764772287 6.23624070873397 6.28936018114238 6.22926862579546 6.37154032636578 6.22554474577996 6.13477488340273 6.23066920025196 6.05712517577736 6.0777029531917 6.24445465637215 6.23644891431796 6.21892365990992 6.48820811042735 6.25982888411096 6.488155009808 6.16533791561814
"495" 12.990300873994 12.5845778521691 12.595373049563 12.649404175369 12.2243488492719 12.6536855192004 12.9210288155651 12.7348745073747 12.4764249768342 12.6834232958898 12.5275856849308 12.5342501646009 12.7016778467179 12.7090364854095 12.6903815537914 12.4112756051039 12.5369396406832 12.5910075090895 12.5419305322857 12.796199006091 12.8601287674832 13.134616159556 12.7085828500182 12.6314941947042 12.6670390913317 12.5412421199949 12.7954715867672 12.6855967801046 12.6120116011233 12.6691395023096 12.6673320680008 12.8329545866853 12.7029097751344 12.9321274916074 12.6808177514249 12.5812260791467 12.4714423715544 12.9977079642317 12.8467349565508 12.3908416091534 12.4699502765217 12.8186975629082 12.4271065127961 12.6374858712879 12.6881369199006
"496" 6.0047193001133 5.88044512523305 6.2009196895374 5.88577871322556 6.03830134503446 5.85036576372158 5.94089452552748 6.01868643670732 5.9516217943274 6.06130052905085 6.04950623216661 6.01935320155335 5.9726011112143 5.91474296727395 5.9588710217769 5.83621532754846 6.07844487587492 5.66159057509724 5.94551652832113 5.93648455510394 5.97188284061224 6.22641341765951 6.18939953974621 6.02133632630496 5.95102304129999 5.9848882802584 6.11925383525508 5.94981955992431 5.88946102900597 5.98410937653528 6.13510070873266 5.92529490403951 5.9793023960255 6.19273960909484 6.05450578952627 5.89159871768435 6.2346085106926 5.90071129763902 6.04127628809818 5.99252124031708 6.10170627328042 6.02419742484985 6.0097098916691 5.85113810536618 6.02566503816324
"497" 6.60841844615683 6.35089154726755 6.53574554703333 6.77637021923578 6.37975734425871 6.3415001054001 6.44665271318465 6.48161926496804 6.19258237039892 6.27537474055081 6.35988857134133 6.42889606435464 6.48237169174126 6.51717997766482 6.61265383393201 6.2904428066405 6.5555554526244 6.36311091805797 6.54989032138412 6.47064827785699 6.37523747365029 6.53199923886752 6.54707354356316 6.42572491100184 6.18399768990717 6.43731647678854 6.29934553528886 6.42598836279762 6.33238195703733 6.46379069756343 6.48294654729333 6.42566319657229 6.1934978816541 6.44570884215227 6.56538308974694 6.33130696324593 6.38050439261366 6.3824195455514 6.63006951125237 6.33947364827424 6.35519594663183 6.82544142669445 6.47346015186186 6.66476221340958 6.51963686785714
"498" 5.51523211712132 5.75865161797754 5.73319267760644 5.80353461527453 5.66403477958811 5.73622793223078 6.02217073865887 5.77212530121558 5.89129953034176 5.48813708211473 5.90433691301157 5.77158646571608 5.71854892116833 5.86258505733558 5.66958457686105 5.62546306398137 5.77972005259585 5.58709281473609 5.76131716364671 5.64060833416052 5.76780519012453 5.83377744783326 5.83927502675023 5.79158289222049 5.77985519630955 5.7005536722146 5.87465853652285 5.77911454689223 5.69305656468203 5.80620738723995 5.70451516426242 5.79360304708403 5.80791928099092 5.5198125997625 5.92263138161496 5.70173324798939 6.01825425165614 5.75103892294383 5.53881132065003 5.69446910239168 5.72590306496602 5.78722037273685 5.82888179557491 5.78545529982211 5.82268116017607
"499" 6.0859173432176 6.07768872328589 6.15513469845084 6.1509988013988 6.05902213724659 6.38996581754504 6.19262135510237 5.97105594501152 6.0433863962093 5.94404272794894 6.13306330430825 6.29764864449356 6.00524331100215 6.1278967960913 6.0816258058785 6.04643469111592 6.19519784899946 6.06407398854346 6.10111290653224 6.07727392992995 5.80168447248531 6.19497626933856 6.03239833168982 6.19541908228315 6.18353279463933 6.11957730973397 6.20778650831507 6.22010303390054 6.01328942146446 6.08093029062938 6.00195163749102 5.97507313448983 6.03949717322996 6.11226174145819 5.92557728214539 6.02898573163332 6.01453313068327 6.14982504127093 6.03456266875119 5.97418559206176 6.25908903582223 5.9216345131751 6.12421271851976 6.4173822320868 5.98162856825393
"500" 6.38245020143345 6.16758627921937 6.46897001664672 6.31695900124592 6.29784722907604 6.27089095885424 6.35566900609162 6.35174532179976 6.40013987408714 6.43134259323482 6.42136266875363 6.54434493548937 6.35989156974707 6.49029221474414 6.37796434733196 6.21955988230823 6.26825072502409 6.35546079400195 6.26075740758543 6.42017012804778 6.30223783832588 6.39817154689111 6.3373714218048 6.38241025155114 6.46486001608645 6.21108713530495 6.34828432647759 6.27562989133641 6.38114250633461 6.25302068882447 6.27483822460027 6.50446235548402 6.4006281119582 6.33068408261606 6.11008783918718 6.37603786806182 6.47804319101599 6.45117216104541 6.26210935333102 6.51862150997628 6.17612958286222 6.42975095312375 6.10972241201827 6.45099775816357 6.13020277008686
"501" 10.7045654816986 10.2957076154229 10.1550521545283 10.460723185788 10.6968688025064 10.3016379125942 10.71855602397 10.8056348134496 10.2477858941874 10.6396184004578 10.6311019469217 10.5131080677654 10.298101088023 10.4656072962587 10.2267301687572 10.0807147628085 10.3370535681315 10.4469929688469 10.5242721135663 10.5243042507248 10.8705178690564 11.0647095515754 10.3340868848947 10.7872624417344 10.1325911747859 10.160921969925 10.8271605453386 10.6511959705948 10.4827940675327 10.5724610458658 10.4818214830619 11.1243771672083 10.4650317932411 10.8921359215992 10.4912176596167 10.0107630287277 10.6331615627031 10.6380434494671 11.3919110878971 10.4837795014117 10.5014966370273 10.9312228215069 10.4150568524182 10.9760012770155 10.6924649216269
"502" 6.92911481340555 6.74692881674595 7.41512998689081 7.05078899605359 7.00308038409508 6.84853478121754 7.6408880100593 7.0691006592642 6.8729168503294 7.25944007829282 7.04871372147318 7.3830580675559 7.12446277127048 7.34446433474883 7.22547996322203 6.97942112471044 6.88333530943725 6.90396589825719 6.98334434578452 7.14896987713168 7.33835321153117 7.37983732049586 7.07299216372632 6.7960776555681 6.60801593881523 6.7024077998054 7.19682460412529 7.25615379240241 6.97613424461957 6.91898989174468 6.95218887672399 7.74751936770964 6.71606823076233 7.21058630237834 7.25857879235495 7.08022462500231 7.03628790766142 7.77849072386443 7.40745155175761 7.14153496983494 6.66609733236071 7.5088600244936 7.1446891241908 7.14937771995189 7.26843124236993
"503" 5.99630648849334 6.05607250036682 5.9885549973442 6.09283524294221 5.74158109724404 5.9694901479927 5.95534814889722 5.83601206911273 6.22759126519548 6.0428947538785 5.92336557240306 5.78680284831057 5.96201382775107 6.1159433716966 6.13029692542864 6.23602780750611 6.11267979462069 6.01036553284869 6.06641297501052 6.13748029164036 6.23959336479331 5.84524018453634 6.22754899035001 5.79806444947003 5.89662085440594 6.17381327251742 6.14567665506832 5.76633351589007 6.26375400126132 6.20766030604192 5.94519884638875 5.97942562799844 6.21971209999598 6.06624500898627 5.95662800477642 6.04364975678695 5.96162050682335 5.84805284033289 6.07154571460287 6.02733163696342 6.17469173436483 5.91998883932867 5.92848390761101 5.95152354533512 6.00593032507467
"504" 7.39317421144517 7.41667674569207 7.51137732861499 7.21208999006589 7.51897241548894 7.29066219497355 7.62912778568798 7.42449511545329 7.20770122363478 7.12665734307149 7.54972901525398 7.51330955589308 7.36710425710707 7.2708119407574 7.19700621080612 7.21409971425915 7.51723080782791 7.43335659241086 7.51626653158973 7.52067038473121 7.36840145788766 7.63770973837419 7.60777183205665 7.39235130110146 7.13627386168576 7.13083954876185 7.33519231527896 7.56630399883292 7.1759739820641 7.39421854565242 7.11293277680004 7.86997361823974 7.37714848068276 7.67271264635102 7.45294420208861 7.13085668443448 7.41484720404256 7.62379321580942 7.74574962497668 7.36567800804088 7.12962507093004 7.55681985521863 7.25840667460834 7.54919187901779 7.54117260404294
"505" 8.05354445845434 7.59379851062347 7.88076283947388 7.96366975226201 7.89816420317449 8.06953191643459 8.23033288705862 7.94884370250059 7.99603147547334 7.98009231579159 8.13537909144189 8.10375776681096 8.19098250824308 8.11578483756911 7.86379043747285 7.83105012324666 8.1132572040582 8.19024908824057 8.03608761063359 8.26048349282907 8.50469936252316 8.69334220438658 8.55378027820195 8.17551728527328 8.17658105421854 8.13761743056681 8.25734903122611 8.35023037966939 7.96492990149975 8.22476887409218 8.16181565352571 8.44826965895501 8.23070061681408 8.17019608171623 7.92835992761483 8.00371213395723 8.16414836847659 8.37802209705228 8.46767511811171 8.11407251198216 7.99167596900641 8.49290437174354 8.28909320566615 8.28772322921925 8.0188732444256
"506" 6.58624903405131 6.45401778219691 6.50140895573232 7.06620454931221 6.68364061635442 6.59701699093316 6.87940578298621 6.82398234220537 6.37943550867064 7.03455897884756 6.86596584440236 6.82158895442158 6.90193510226678 6.76631963899599 7.04355204940665 6.56530630592654 6.93829839661582 7.38339255444531 6.96098042544083 7.07707163745893 7.16553441790951 7.00889443513139 6.82959693133112 6.63673152662058 6.65530740310936 6.5767783051539 6.71180791822798 6.4366003498873 6.96795071393936 7.33654119924719 7.16415217721111 7.43667326021781 7.02693184164957 7.19490698998673 7.03018532202005 6.90175133834064 7.11115281454321 6.77333205868929 7.73593432060497 7.2264477500678 7.1205238386763 7.50114846936432 6.89359353693705 7.76125113569061 6.7775796929544
"507" 11.1355145389727 11.1512219889899 11.1162226697047 11.3395064346295 11.0993216272137 10.7214558187935 11.1211019204311 11.1231515909232 10.7988561097231 11.1689356463818 11.275540691532 11.1678481516765 10.7048795259688 11.2888872841031 11.2121134374426 10.5417748029059 10.848096011208 11.1269614056486 11.1136952442907 10.8497657831818 11.1927904763375 11.4778357747574 11.2124739091886 10.9295268196221 10.3291340159809 10.9586803997157 10.6150170951147 10.7518741344863 10.9717628624296 11.3546659929867 11.1583714439349 11.4532612946744 11.087956779666 11.1506457424588 11.3228778690785 10.828827143791 11.0447824879926 11.0405363564033 11.6153133428584 10.8437695367767 11.5331222615701 11.265829945607 11.046541614469 11.2568005336603 10.8946740069271
"508" 6.21008243124217 5.95252789852612 6.14034366232623 6.14290272228044 6.37042896828547 5.92994387867625 6.07957219404209 6.08632029934977 6.14273574480689 6.08340482425253 6.11250476558093 6.15000211010765 5.95078369432553 6.0688998256464 6.14056771414072 6.08458190155482 6.15751189849416 5.99504716574834 6.26454430272629 6.06276711410366 6.30392474014139 6.1733487309588 5.91819856140796 6.3288247376921 5.90423173260154 6.10075801674289 6.41064037196858 6.34063992000576 6.07356686853974 6.07652700579317 5.90017616353348 6.17306422125247 6.15220353855706 6.1698999478398 6.04560440564305 6.12793619929301 6.23655032101099 6.20733935767179 6.1091855546752 5.95561234832255 5.89735834532878 5.99886342481676 6.08540009884457 6.16293030335967 6.16415427690798
"509" 6.06398583525412 5.73881953589955 5.91839286317217 5.80646940316073 5.76901214880773 5.89546012238575 5.86022466958735 5.99883538569102 5.89721197063592 5.95682891658025 6.09496222989794 6.00515898493653 6.10161801769859 5.87495489112071 5.96643285674284 5.8813750680002 5.87891170676184 5.82203695919401 5.9201891733298 5.9392513127093 6.06857614752551 5.71099534658313 5.69259738974352 5.87451546595338 5.91698352336243 5.89548440041478 5.90995074860439 5.95618235585611 5.75285981712037 5.82838267824535 5.77960693881701 5.78955902058376 5.83620134137874 6.01259920692294 5.78467540066957 5.75207703649909 5.96211807131554 5.67430071363562 5.63887514045222 5.96485907913967 5.92095612044218 5.98238969582464 5.71770859334618 6.00141620046467 6.15966565474675
"510" 9.51571909259874 9.31804539230806 9.14518095298282 9.3680914800586 9.44610359961207 9.47068627406411 10.2124687349059 9.14434516926577 10.1529660219516 9.60182408946714 10.0044086659138 10.4874198905766 9.94727140437501 10.0632046868035 9.82708507384809 8.84930715990706 9.79120161952586 9.73954975154778 9.53811199636852 10.2620964820774 10.4716852856169 10.7648526380405 9.90239339805715 10.0961518254335 10.1418146729245 9.42958179442721 9.47222146252994 8.83836200053912 9.41802883498598 10.1393580245641 8.71262883065418 10.2223585466057 9.28278780688873 9.53546517991508 10.0865573929094 9.48471115943532 10.0725721328073 9.05055259576572 10.2778301044537 9.86559476462927 9.47902435738479 10.0114461804843 9.26037132056639 9.97635304916262 9.28398407224154
"511" 7.82040444350615 7.7239067280608 7.62898654561018 7.41608093349458 7.30241333017938 7.48508898106309 8.17337280103007 7.79326265933861 8.11775583927772 7.4304795960992 7.67895575756214 7.87333039356322 7.59904235185397 7.88870303628267 7.83321181487725 7.04464248349513 7.42416322624783 7.62559855483188 7.596204853269 7.65970439380261 8.27206766090668 7.59966361591976 7.4992909148959 7.7178965196507 7.62022598217058 7.74522297573893 7.42347653565866 7.49490081086742 7.75325701167169 7.657224042037 7.4274951557554 8.29974853978065 7.45322498888144 7.50586586907237 7.69373519679551 7.04593494699522 7.67344734757043 7.42745697194493 8.13801661734417 7.83952072992613 7.54692215568522 7.8240959030533 7.4096211723026 7.89329029478074 7.55182137556398
"512" 7.23571086900527 7.39399442821883 7.31697670805333 7.41077812138631 7.88699946431254 7.12619850000577 7.1068746656711 7.30159067390169 7.39556713639293 7.61129939883673 7.23741012401802 7.6284023815315 7.2383011723427 7.35621899384814 7.50876433114363 7.24081345584007 7.18824695058701 7.40831823562662 7.41797875406663 7.47298007539746 7.33699868756619 7.42721702912363 7.32278504218228 7.2116332709962 7.02331638488006 7.12639876299217 6.9053893566262 7.19870909210959 7.03363913761283 7.0539824401412 7.18171293323013 7.16543928248029 7.16101690855979 7.04676653209041 7.39638411831429 6.92092252663365 7.41513568215767 7.45285560972019 7.24576267962714 7.26399353695154 7.17008532446276 7.04037079779922 7.10771143980814 7.17968870789616 7.24343992342344
"513" 6.03607835379356 6.03491889156652 5.85382804608415 6.00177194508375 6.0671197834475 6.28231407978767 6.08174846581315 6.10004963163047 6.1269348788711 6.01073764074885 6.00418892705852 6.12441598902893 5.9782669712238 6.04048014272954 5.9361028726347 5.99303384796269 6.10555116093235 5.79094965276075 5.95429374429888 6.13770105144022 5.87860106045699 6.15431598431606 6.11501124541498 6.13637277425241 6.12473542262739 6.3113607220791 6.21807829817866 5.9090561657251 6.10095298192653 6.06203924764108 6.19779649504149 6.07435540973243 6.14508561597081 5.96144528759139 6.16603895827769 6.02233402349725 5.90762107141254 5.89474664027533 6.05272241642562 6.15630921917646 6.08531727639644 6.1608355283634 6.06566284713654 6.02152670815521 6.14873539230673
"514" 6.69821655883915 6.47983562300393 6.54642860786839 6.45910056767308 6.76830623770936 6.49247603444039 6.48758246084441 6.62838011834918 6.53507067157428 6.56862874079737 6.41025514639894 6.72198203792703 6.58342872844083 6.5452924737021 6.6089398779514 6.9984294217222 6.62146615520443 6.59473773122742 6.40376961300528 6.51726817523067 6.45345353016292 6.80245732900495 6.79626192642786 6.6545221144075 6.49888880405804 6.46126641719908 6.64626748288318 6.69510939144414 6.2137899841095 6.65139316051984 6.64795332886307 6.56794149201057 6.45780324599528 6.74549453980003 6.54099740328286 6.43411193919977 6.39904782145916 6.65750805678764 6.67140836678823 6.32812023954128 6.47189587900146 6.70937678607667 6.55054859437449 6.54459657138857 6.69455916091572
"515" 6.10716083399145 6.31933493021429 6.4663030526976 6.08085738971322 6.32127695296301 6.30351883399952 6.06799286927027 6.38835326640665 6.19608323195803 6.37157983347035 6.23316229714266 6.27468762699434 6.38201067745973 6.15925851904828 6.15234007862871 6.27917154655815 6.28410726382182 6.26595817263861 6.51018018843468 6.10553883245977 6.1629009997203 6.17940995572332 6.32646326973109 6.17454054141167 6.13303139621537 6.24612898662582 6.28145360511849 5.88550754391403 6.21599752084673 6.26520099454797 6.49414580866371 6.09574583802248 6.34203267463511 6.28104821358656 6.473501873217 6.26511319514367 6.39656568407011 6.22017475057678 6.20150096509313 6.21027971330858 6.20187736691028 6.18802139040099 6.38303113155957 6.22389165740667 6.43026818403831
"516" 6.34966771608027 6.25441429442416 6.41811244115664 6.19599021547552 5.97727484737882 6.23782023282987 6.15109055328628 6.16090482160064 6.37564046569596 6.18553147986322 6.15569042815724 6.21178243091672 6.39352381596978 6.0027641037401 6.06520374636916 6.07887097277916 6.48405612504788 6.44268193854419 6.3300244584843 6.16007355420182 6.18893855892293 6.19934953407617 6.14961359121751 6.05575917470227 6.42726611663153 6.34766937277311 6.2086984859742 6.50666369889743 6.25943707361138 6.14653053544525 6.10017875871145 6.17148878807678 6.26385198087445 6.63170112879954 6.1692209822131 6.11729295458641 6.17073649053615 6.25709363709178 6.31115517589443 6.54460023775727 6.13000177470032 6.30706106969871 6.28731284676971 6.31906068631573 6.71155255231362
"517" 6.02366786475188 6.13146711408481 6.01635483766665 5.71148991069714 6.0601314748143 6.13745130497922 6.10877567234939 6.16550015780428 6.12063330514512 6.0026083617369 6.06642866295153 6.14182909604756 6.05205052936326 6.06196660886696 6.14397031973462 6.0272303943228 6.20248936413556 5.87956315165084 5.8412506596453 6.10709830281348 6.22772116804529 5.92877634732264 6.29274469295815 6.06262227090269 6.25753363227296 5.91754482289688 5.9641476392856 6.06391744690929 6.24156181020489 5.86882498307113 6.18236903492189 5.78161905719189 6.01967662294342 6.10534565324119 6.0864890491023 6.16131739113394 6.01200935872383 6.25443001574909 6.05156403722776 6.19083603329177 6.07381668494238 5.99474634089572 6.14303958279075 6.18706699275644 6.27607912271202
"518" 6.56337174917729 6.64269147678593 6.4126674222798 6.4158095285703 6.44152948035222 6.20329914432919 6.82897961562954 6.13284611325107 6.65255688203185 6.58053048814225 6.6361187628495 6.43095016045456 6.38550416776352 6.44782346420872 6.4678047460569 6.28844877791355 6.21842419037712 6.35271372711034 6.12990760323393 6.59437313067068 6.55719211261981 6.78327100219471 6.60269522131009 6.4868303600212 6.34333331620825 6.20473358697078 6.48053524772673 5.98001779500239 6.49506360561552 6.31137289015063 6.57555315030978 6.70997286510616 6.45301715975267 6.74736948703525 6.26178380462078 6.30596991096357 6.21791645879659 6.32786173042449 7.14800728579884 6.4513126227474 6.46136229803944 6.45495613786366 6.67338056180615 6.62212145908703 6.13841111340964
"519" 6.0944253658833 6.20677643182821 6.3931004580782 6.18710344770084 6.02083283577903 6.04282180574033 6.15653805750461 6.03355358508303 6.1124481059343 6.28801021072212 6.147663125704 5.99909835631669 6.24018373803089 5.9365277609547 6.29076300655679 5.95054610752663 6.08852933088912 6.28826852572276 6.16844402887107 6.13706067426942 5.93826897811442 6.17719718338185 6.06376035806844 6.21899990964959 5.98788656268679 6.11502132044208 6.12096761787222 6.18933007871988 6.36731830345718 5.92268187781648 6.0542514660986 6.13237857051592 6.12481407082416 6.10363412283324 6.12507431729379 6.37572193372178 6.43837394147595 6.09892356037521 6.08121093103134 6.08894837891918 6.34623654525657 6.0776604200182 6.23068340360036 6.23029911485156 5.97240087578705
"520" 6.19477758949883 6.24046750403417 5.90584501305203 6.24251784624737 6.27145964975857 6.36675302940658 6.10973372743984 6.14364662053905 6.21986733536527 6.02678643026692 6.24854856949669 5.97005149051745 6.16038077910763 6.1669719402175 6.21819250618162 6.13594261724211 6.07210624036293 6.0269791713198 6.15269190372554 6.30535582914399 6.10312107197221 6.19957952831643 6.24199377255264 6.0943017484997 6.21232284971854 6.14347990482136 6.1788661627781 6.3106435662307 6.11791597301108 6.22264376492435 6.16549939539876 6.13678021071855 6.02175946840119 6.19418914292755 6.21073087233098 6.31998219974438 6.30796857852006 6.17071639167575 6.14129317036309 6.08202293986774 6.02415965020005 6.30694468337982 6.35500164771167 6.22831808792003 6.42542409464019
"521" 9.35400315177043 9.21695538379546 9.27531657278664 9.58700189812844 9.60654489816811 9.21117988855264 9.63906922229147 9.75275517196815 9.46036524070944 9.54000335295488 9.06206363690096 9.31920478502702 9.25139406232618 9.21604258415687 9.40148001304867 9.64891180510859 9.64418589504134 9.25928626274272 9.78380810062384 9.20860550940191 9.48477327447776 9.92329085647019 9.56009158207541 9.27189689202988 9.289861866366 9.12741822969337 9.40579532136679 9.45829666019337 9.42809906425859 9.06984131015624 9.36143612268904 9.74014265267738 9.35451121870857 9.64063030099813 9.40011792299808 8.99969659492978 9.17394485899188 9.62640737696683 9.65642910631365 9.21938471549119 9.45826079678358 9.53277978788219 9.40087674794293 9.35387669638487 9.2888641359002
"522" 6.37438776132793 6.20071820199936 7.05816116954476 6.36718665065791 6.36138417040773 6.32400094928122 6.26177983743146 6.43458223829961 6.4835358537862 6.41917034867023 6.49580214282602 6.18284884094149 6.10070171517974 6.2802009442274 6.31182399378841 6.17219267790735 6.3163172496275 6.24132410584872 6.12912806075522 6.24109423510934 6.47680452377811 6.27508236088764 6.41924799939877 6.16746720850777 6.38077098211979 6.37111745510208 6.19418483469471 6.22077808452502 6.0120482736873 6.32795268991874 6.35279574047172 6.5476132209606 6.20306373115343 6.41998640627162 6.19700669430792 6.08904040778541 6.59423727284938 6.34914203259605 6.29436520268277 6.25289658811936 6.54709758056366 6.23836734054656 6.26688085141017 6.18293516170756 6.32492256974993
"523" 9.89666718944544 10.0168194250536 9.97081398195766 10.0812389263857 9.92163175293524 9.45335212438766 10.0066352852908 10.3813085060676 10.1699687539796 10.2512709229954 10.3069268365341 10.3329865125128 10.0496213170593 10.2235114339515 10.3115073287629 9.91161254227257 10.1910774171864 10.0669180000121 10.1187152378309 9.7520407020849 9.95350694992443 10.2107175342017 9.67089291740138 9.81882527267665 9.38008160180529 9.47836361964384 9.86702149809308 9.76774547974289 9.79923792438847 9.64231018090355 9.53175100907852 10.1734184150351 9.57842971955454 9.94225170197066 9.68008794042704 9.35831799793108 9.85099973907576 9.88586862740449 10.4692731392661 9.91906224171037 9.94328882923752 10.1643698728633 9.51487562132515 10.3725211349956 10.1495193819446
"524" 5.90544534766015 5.75153455848001 5.86072482902469 5.77628227907903 6.09430304454348 5.94037575572061 5.80273814034469 5.87766816569791 5.86204695897361 5.79425612108085 5.78271493103892 5.76555035241815 5.86213188649552 5.76978973120878 5.7012972601986 5.7475269091559 5.75575320843729 5.64767469354403 5.96353615265447 5.87115170654739 5.89688003864928 5.52956819511826 5.71517079654163 5.84244544850592 5.87686225926905 5.82828954899011 5.79342176973925 5.73809474734478 5.7286280278169 5.97310939506611 5.9971012945984 5.87185486658853 5.93731816767778 5.64916209447651 5.97940166661867 5.85661082305939 5.72832038707692 5.86374313079015 5.77398059263858 5.90292650336029 5.81789114258853 5.73137213140577 5.67772011219977 5.9023888937888 5.9002515927601
"525" 8.4138909892404 8.0147196691079 7.83939795287334 7.87518622800244 8.12202848367512 7.88990034055164 8.31480730603253 8.21824182790946 8.21398533165288 8.0576530507048 8.24956816553522 8.37833800546186 8.07087036583781 7.96938406284863 7.94475000302105 8.00499399020451 8.1277068342261 8.21673869632265 8.22518620514632 7.9943985486967 8.48613602550771 8.36922409807901 8.21275172399384 8.15892163156036 8.01300116475266 7.7955483202071 7.71852583066164 8.00676667290759 7.81920972453144 8.07921054604522 8.14985677091174 8.39162640081823 7.76019518438643 8.39745653509349 7.94290771522851 7.69157169565632 8.13554424312163 8.0175282191477 8.53525464428979 8.10210115554738 7.91727111681062 8.4628101689911 7.64937064352581 8.52412854237005 8.07645567000125
"526" 6.52477772226891 6.86966881216925 6.98685739026816 6.83999487848228 6.84107917884429 6.61153201486655 7.25029247157701 7.01663541181516 6.54792957631472 6.73907339344377 6.55202361548976 6.70242654167134 6.32335631493257 7.03110716395379 6.70325328494226 6.70462275759546 6.63033019868504 6.68627769242935 6.49931988985505 7.08647310181194 6.78985174586386 6.64652946604589 7.05287724042964 7.03913536928461 6.91188998699397 6.97168759748456 6.9061383314378 6.32119736116191 6.68870586906496 6.71917420477591 6.79980443803591 6.65429493978439 6.57311412974195 6.53861633940149 6.84392329825326 6.52372598003566 7.2091999783693 6.68037707068359 6.72115384358464 6.68363874475807 6.66727402192874 6.70573081130303 6.76953751626282 6.80507585917562 7.2780955074752
"527" 8.32803585421056 7.39530705715777 7.47355321984627 7.67626441944351 7.56360455744932 7.72948236814598 8.18040581448606 7.61231651218426 7.66117792967608 7.50998464653302 7.73216104057545 7.99638436314116 7.79292682267954 8.01153183540857 7.77036836991738 7.26515196641701 7.75018218761185 7.79934552888739 7.68746439114653 8.06791359687052 8.2017498064462 7.85519349293914 7.87656645102196 7.56454312821416 7.77244335706105 8.03230528274851 8.05845455643816 8.16191549689771 7.72339628437432 7.79066024472251 7.88982777509181 8.26078870240061 7.93748437341792 8.18768332844844 7.61355492514369 7.31376112068646 7.74542124294408 7.87333180060911 8.11748469565063 7.82085139411335 7.79569561528746 8.0352807777603 7.53522688184328 8.03599212835895 7.83638829251488
"528" 6.19780119060766 6.13289620067846 5.91568588804692 6.10340023460776 5.73239715347385 6.18885841929323 5.97646204375031 5.98434505988083 5.99592962051747 6.20943905858319 5.97337998916683 5.94617105622889 5.86722691179741 6.02438935937922 5.90961131043383 6.00855673780995 6.02219733129614 6.14148862245253 6.03005801634971 6.22297166318285 5.87514455823324 6.12717495480167 6.15670663997755 6.04584276328757 6.07375613733083 6.13485063087841 6.14816875370772 5.94672997723161 5.9530100909992 6.04770463879669 6.13829556047098 6.16918311992238 6.17628601903421 6.20371458385406 5.91795549119949 6.08905990600955 5.91995191324188 6.17391418720233 5.95660155538851 6.05824147100635 5.96542631252133 6.05017534186861 6.01114038252541 6.11195759601065 6.24888161898735
"529" 11.1233730870115 11.1659221468671 10.809749189826 10.8968409307595 10.6390050472709 10.2525714231929 11.1623088406985 11.1100711252046 10.9164186464531 10.9832014882197 11.0873471425844 10.3722090960318 11.1146246913626 11.0537285569268 11.1708076468464 11.0007234710035 11.195556346116 10.9621381465554 11.1623010485384 11.1697549348004 11.1287002297356 11.0633769741635 10.5571358553608 11.0722164912866 10.5336115839475 10.8185228859387 10.917589448201 10.8959580397432 11.2492821466503 10.9288412122309 10.8874285071926 11.3783023872462 10.8135833423003 10.9107072099503 10.9632593744345 10.6005864491073 10.6213865940909 10.7725731013348 11.4008387972777 10.7746278226818 11.1420214027025 11.0126846119727 10.8251850574302 11.2257528523878 11.3588697162689
"530" 7.55028694517407 7.18478895262673 7.17650938140167 7.26023395311762 7.19998149133432 7.51415082504674 7.78807708292221 7.34751306641485 7.19983588877427 7.2496670830716 7.20580437045585 7.58558856576259 7.20154643407236 7.45030568139921 7.24054132224956 7.33687225230159 7.33353751626074 7.07137458753944 7.67507704427366 7.93038748259696 7.40613528097516 7.77256092268605 7.49572233726026 7.19628968777571 7.51992893190397 7.37883436754458 7.50429889101407 7.49982018349669 7.18693050793992 7.39664797406873 7.21326738330625 7.63853664053137 7.14312384516127 7.38603084953712 7.2022885800587 7.06872308670272 7.60920351628348 7.67095495054197 7.5727028454242 7.37313072891484 7.24794770658835 7.52781674446664 7.22762915751635 7.36785524922526 7.68651725122938
"531" 6.05253831515018 6.1191871300658 6.11948455500196 6.25125885857584 6.09788253893085 6.01771860050877 5.81521466818729 6.12357945375216 6.15072770783039 6.09378670853186 6.25043077435977 6.41419864193969 6.04759708404212 6.19107360081533 6.16697079778454 6.2340538202801 6.08600774444468 6.17447341507121 6.23413417153009 5.93644358625188 5.97128275649706 6.07623180876635 6.21781315758355 6.226458568354 6.17948594556976 5.98737877880453 6.3252744275394 6.19995468923421 6.21142830450766 5.95426737575085 6.08233640659685 6.19235056332547 6.0255590205716 6.04236869736535 6.32575354903853 6.17188871590756 6.14352155059588 6.11365008425592 6.14707163117946 6.04032025579865 5.92315610410119 6.20114991270746 6.09684780619747 6.06800828639975 6.14262573445798
"532" 8.63078654891544 8.38764571109657 8.83542335999652 8.47930091891576 8.28444561488441 8.65874654141934 8.34139963798221 8.84792345868233 8.53185182685015 8.73293750811385 8.31299414959749 8.49915030547363 8.48700994425226 8.27116784112665 8.59219874339382 7.97191580863965 8.39319831933326 8.08641139821732 8.63308094469535 8.38613092012488 8.02396618606578 8.17468610604534 8.25298243638208 8.46618523017175 8.35115909502819 8.15085443635802 8.03813840519589 7.7037565807461 8.40077642350347 8.49225933296295 8.55426395116713 8.49731998944854 8.41380097107177 8.29730828062404 8.34262119615809 8.3900235803809 8.14951875255905 7.88749071880184 8.34488211656857 8.11268402724673 8.29241374481857 8.47869715834338 8.0600210953565 8.29660918775171 8.21510452459508
"533" 10.8772765218152 9.01965920868681 10.4562192525369 8.11560030121126 10.4317200288304 10.1959945439011 11.331754534364 9.91387522590373 10.6570041903023 9.23579222677646 10.7459944333544 11.0301256401977 9.33420939301347 11.2241077738812 10.1196935269989 9.21675169195774 9.51108611799841 9.83646443434032 9.25170489087178 10.7384302973549 10.9435786130898 10.1220256195288 9.96891035058533 10.6053516013128 9.52459449202142 10.7348534583688 10.8670537414863 8.97388477759268 9.58648131358538 9.64773874506245 8.49570152200202 10.956052762436 9.33451237645037 10.2959928856176 9.83899424780499 10.0424411186553 10.1695795111373 10.3943514257333 10.5717455656199 10.8141148210046 10.3550630861812 10.4371138000726 10.1171573584891 9.60554228113775 9.63066208544226
"534" 6.21801164721438 6.58595301172733 6.73688255105696 6.50088544932426 6.38847529875107 6.18944754547185 6.28565425907866 6.97859466275745 6.42116636606758 6.61485491436605 6.41595208027996 6.25164617581239 6.44878970280213 6.34459111961461 6.23241674458151 6.4756132457695 6.25312623709455 6.29977930789971 6.39562424036695 6.81405105250285 6.2737307897597 6.58837170101621 6.70137897673925 6.53211533023473 6.39508392838458 6.3608311299576 6.54948561627867 6.92471924255059 6.37599591329296 6.37665876310605 6.54837490807391 6.49987293141887 6.5158855048537 6.45586851844626 6.65334122040258 6.28164610171227 6.46331123978892 6.45199752174739 6.21442048052782 6.40809387165796 6.38746147776494 6.41233223228876 6.54117132091727 6.30630004496677 6.7136269135573
"535" 5.93218202086311 6.05158994410148 5.97685951214871 6.221183425645 6.71699458389246 6.22102680248389 5.99090708160102 6.06213463448088 6.00881563072777 6.17885480711963 6.02502121862037 5.94696982959852 6.12850526515867 5.94825922692881 6.05378156940902 5.88477860786163 5.89859401407748 6.53998818143329 5.76367790613701 5.97242599012693 5.95143040223669 6.43332096809763 6.11548930834495 6.10212316579821 6.09775370567973 6.32228909190201 6.33066489971593 6.06496629713812 6.33056297726111 6.15624411761845 6.37128514227838 6.10985100643218 6.14886468154121 6.11098585294761 6.12042923647901 6.10144037978521 5.73476360663864 5.83274306095262 6.03333616540776 5.81339901345707 5.94128500333306 5.98341072129293 5.89163838129572 6.06092973930489 6.10355343200018
"536" 6.06939955598288 6.24551800480561 6.2390183886819 6.12265661830506 6.2003510937976 6.10228859816417 5.9831130440194 6.20327450939519 6.17779091785377 6.0766761172146 6.24122196032202 6.17453505340534 6.08918224283415 6.13022252181602 6.14212502754423 5.81632892608065 6.18113913800692 6.17839662514001 6.17802897458219 6.02859546888045 5.83179822029316 6.06277188444439 6.42822675664696 6.19153608171314 6.03827653055448 6.17443825502852 6.14435032321915 6.03209065056659 6.16198028008428 6.03247707686502 5.85454680248833 6.07737971252401 6.09679009110376 6.18991800086634 5.95433636179563 6.24985929321132 6.2572937876078 6.18143383148665 6.26349627803065 5.97680277685834 6.08747552302353 6.01708661904991 6.07424629655319 6.29388583066683 6.08956350074351
"537" 6.16676356087151 6.51598254892872 6.54108526198652 6.39863801568606 6.45738001683287 6.32777744978098 6.3407103382717 6.55842818908582 6.31926374890092 6.49514613377813 6.2528805530967 6.35754780584812 6.48761302684589 6.21355247670907 6.27370900707259 6.31228355579047 6.43207588134319 6.05845525011096 6.39194806547258 6.31510740165169 6.3227044797401 6.21016835706812 6.15037547022911 6.23557297097115 6.19522578073089 6.36206271381729 6.32998667083154 6.05637128427255 6.41655528378953 6.35384824705145 6.39699149959736 6.36416060968999 6.30727204783334 6.46826033798322 6.31235990400069 6.18180923932946 6.31048315746593 6.24711875098102 6.34412629129889 6.17008931163772 6.36590782145878 6.31500267813167 6.34413602288581 6.34401690898831 6.20005403282217
"538" 9.35442831035635 9.56450412824025 9.33760408247569 9.52482010759763 9.40441050151062 9.32098805753478 9.41952436319965 9.47326891291304 9.57055715777085 9.55797669351549 9.50149627325687 9.58421382458474 9.21608091418577 9.40837333700187 9.35604387346374 9.1070138984194 9.12867909090788 9.44664018798313 9.27787628143622 9.59612262995333 9.41379620471719 9.6432642387444 9.08608929870775 9.38030393795263 9.06591186201622 9.24496874930303 9.02257674731517 9.22937697383711 9.28278221057482 9.22531201108889 9.27099713748897 9.49731214893919 9.30151825133615 9.0277175968622 9.30457407411373 9.15614578510442 9.3240423514851 8.90463534784487 9.37158407225222 9.17587863738561 9.23826374336918 9.4708245679045 9.15556749473862 9.24813767733586 9.19442383616877
"539" 5.88909988803285 5.9990631069171 6.24387489176149 5.88332515061525 5.77101336609297 5.78910101748314 5.90777335259078 5.86874576882188 5.92143878072512 6.16009894720681 5.95110184211139 5.88806338286091 5.97143789726958 5.96490133380256 5.9801374670588 5.64247927862385 6.04561847296951 5.69383048451517 5.98139380032265 6.00642270538557 5.98940644668451 5.87757124517083 5.90579368557498 6.08365503579417 5.80331304329258 5.81769666702048 5.74791378166777 5.90587425557689 6.10097713490641 5.925234751367 5.93792328671774 5.95166020954188 5.73117391517523 5.7355212093354 5.87936458897082 5.83224488053027 5.80498661284192 5.88208253857976 5.78276374757089 6.00971473024611 6.00270680225778 5.9899401359961 5.9857143880009 5.66901607042964 6.04633941331277
"540" 6.18543695120889 5.90861478501329 6.08552101750877 5.94843018061396 5.7897948566284 6.49797325771179 5.87508965465418 6.07243935377762 6.05185057258274 5.95493862040388 6.09147918497418 5.93661196946287 6.09895982885921 6.17964682123623 5.97029617484379 5.82436118965127 5.91695602717703 5.89847845118116 5.95407560126232 5.87680694651789 5.93721546159035 5.90364748426937 6.21144901871828 5.80612016416887 5.90554485187819 5.94969212716041 5.5630247113724 5.93199559209394 5.79578981503494 6.10905684110599 6.01320533715833 6.05673651758734 5.85126704840494 5.83550421318124 6.02547402531668 5.92220363072033 5.68980251445869 6.05793322765572 5.99578724895715 6.00699230608304 6.12599986015316 6.0601608524843 5.89998043210712 6.15638707881827 6.19316353972732
"541" 9.32073272590127 9.91675168819576 9.74848193539828 9.73768671235708 10.0100059786124 9.56481304488365 9.27551848519367 10.157958036146 9.84615745950259 9.85017698737688 9.90118895889379 9.84884208311886 9.76133244591399 9.68379894586336 9.81305984990552 9.59318549689518 9.83974821477312 9.80451356960877 9.9410153626906 9.46058028764119 9.36571019244788 9.6047396299572 9.67024053048197 9.39424192103827 9.18978726272734 9.13346550580142 9.42393423752933 9.36807626593946 9.16439480591743 9.20057479215425 9.23480723615897 9.65982083330146 9.19548976627853 9.63926917677809 9.69731086220736 8.9658598681925 9.48046508035699 9.13970692652069 9.71511023079597 8.93768170283197 9.40180489880867 9.82055730879357 9.26506411558363 9.72541905891968 9.81046845548211
"542" 7.41102986076349 7.81254752990989 7.1576674144156 6.55721742112898 6.7533399999261 6.46672990772308 7.39392763773513 7.05641415687534 7.32531906258651 7.15170763194377 7.9101838155141 7.77647734758802 7.23048076057259 7.96313593269437 7.5502731952948 7.48635969941745 7.57193901043979 7.50788095204704 7.25900573625975 7.33379743129486 7.17835974692302 7.25431368291438 6.49832786570361 7.44300267325642 6.79641377282768 7.19588126636341 7.05650040526699 7.19603614050461 7.36422704282174 7.6024344338239 7.28360700128027 7.2336127155188 7.04600062582268 6.68219166444229 7.4687380530456 6.81599889741602 7.19490990700112 6.99909522666116 7.4704224588961 7.46659807463099 7.85478185546483 7.93703659537429 6.99158788339441 7.77148857466513 7.95117038849787
"543" 8.98791904412962 8.85507914623479 8.72921248588278 8.95615969566267 9.13135075884252 8.56934607733556 8.96429484893477 9.3216447768041 8.79414959898946 8.89063146312411 9.06811756643392 9.10495417714828 9.00343190751001 8.98054515104509 8.95169080921567 8.60128413760818 9.01746728741892 9.36519792947076 9.11582424021161 8.95081679314978 9.33077011152849 9.2504196527376 8.82708788050846 8.73030682305073 8.47051085273739 8.3021582727951 8.99619814311082 8.90092142292496 8.69490524489679 8.80533719673907 8.46719661858935 9.49761616705119 8.82629597964545 9.09747049629132 8.74384274554724 8.40991047838065 8.94291178843559 9.01406860804371 9.43200858231873 8.60465107735274 8.84708048961618 9.4037005416885 8.78225052105506 9.27324668752737 9.10141108874948
"544" 5.91165242815844 6.00138089213213 5.9328627327329 5.86208144743989 6.01601341806006 5.73955409934995 5.7581689703863 5.91763160022335 6.02642329210459 5.9476769052634 6.089105377625 5.78328224748302 5.8817681611287 5.55188734792629 5.82224739678084 5.84263656111623 5.82311996317869 5.89920631371198 5.95581130389875 5.82003914285007 5.83404900377342 5.91533136359769 6.10920309619429 5.82022191182576 6.13226899307647 5.92679604312654 5.83386744991518 5.99987693536055 5.96951037788805 5.99712919593095 5.9421208307642 5.58631149156009 5.90724092986544 5.84687511031349 5.95509703053423 5.81367587509908 6.10909543959993 5.92180530158682 5.60957306115228 5.81282786221739 5.70566336489501 5.91358106452129 5.80787872554997 5.93315863572219 5.7663547197694
"545" 6.19435635918898 6.04494567579434 6.32798427135112 6.15271185133818 6.20835779775236 6.46477742622089 6.12974262932025 6.22946829667364 6.20680775405209 6.01751646358797 6.19047708639419 6.14094877257994 6.11595202488862 6.38686852267626 6.0561019072548 6.30227791568352 6.20558599684869 6.32660906117101 6.25051144611374 6.29363188349622 6.0363667274471 6.15082007944825 6.06213148317442 6.35030813636934 6.15979413668245 6.17026368566953 6.16245598831605 6.34930853076118 6.35107301757286 6.40327486371652 6.33343003852265 6.09260137248156 6.12682662490265 6.42122927041254 6.33698181156914 6.26275670003837 6.25640438062148 6.17639784353558 6.13179633535319 6.1751158204197 6.2029812208857 6.29175194406662 6.1358649883819 6.23247123194673 6.29312269218959
"546" 8.37585860077646 8.55438655355764 7.95027648661847 8.47914872293019 8.02391836131232 8.27157666466062 8.46035358181073 8.51032672269826 8.50519882154983 8.40061024397893 8.14312626197971 8.81861895822063 8.16260306478913 8.24092076869499 8.05777560618993 8.34123594727472 8.12263491410718 8.59642095114228 8.16767927808877 8.69769332479547 8.69764212325273 8.92726586300922 8.43171541347848 8.50640208947596 8.23364304675241 8.23899719145911 8.67978846488639 8.95783005082418 8.4345707875144 8.53645458808679 8.10272885759752 8.35090183596071 8.42410623467365 8.16866022560033 7.95617799703693 8.26702119623413 8.12044135730584 8.52924783698496 8.46858089037742 8.31338767614706 8.12497182756284 8.72600627497939 8.06207692652456 8.24219687631949 8.04373858888983
"547" 6.75411122464264 6.78842347103639 6.73781039962319 6.80319528445249 7.01190237608422 6.80726853611037 7.12329428148073 6.8556435354514 6.94347325623626 6.86229715848086 6.98379950429561 6.97192613494211 7.02586959954044 6.97150424364967 7.0022146467267 6.94811251282275 6.75412777488911 6.79958061216875 7.00933813325915 6.95405718010291 6.76034044057164 7.01578892352659 6.81931737359447 7.03967214911082 6.7397232656184 6.66513168295057 6.75092157771891 6.94978087118933 6.71900832753751 6.89491084215885 6.76045339755408 7.09068139570889 6.70264465247615 6.91024855099737 7.1062603693138 6.68488113265516 6.74396198809925 6.77363425126766 7.11636274167162 6.81366008686102 6.84624699255557 6.94251199958577 7.12903294984171 6.90096310403005 6.90678273728558
"548" 5.98528530136617 5.9878450191875 6.02643966124176 6.36926503410796 6.11635694014356 5.96180939793905 6.12942456222734 6.03322407044395 6.02627705312596 6.33193388883201 6.06614644335655 6.10969655014429 6.04167986363788 6.07669985242172 6.11589000268377 6.24880521534817 6.20985018655597 6.09376527693489 6.37856375814734 6.1230197434729 6.15193138824184 6.02282273984207 6.00764608485672 5.99145566076098 6.15692027463341 6.29930934643641 6.14400657822573 6.17199815520426 6.19732000014891 5.8777015339011 6.33707052618674 6.05184642512507 6.17344414098835 6.14133538310521 6.27630874825256 6.02986445795064 6.08564863756446 6.3657334375484 5.9468885076723 6.16385610205072 6.07590428239761 6.09129966838051 5.97520771822307 6.09733331197732 6.01502376937663
"549" 12.022748212008 11.6571868089491 12.2085969342177 11.7786872224989 12.1399893953545 11.7252183178051 11.9515106837003 12.1910426993993 11.8110136521413 12.1575303897715 12.0292960464527 11.8885095637906 11.6486127859409 11.7106854009983 11.7374731538091 11.6679206333514 11.8916203310602 11.8961093335738 12.1976596443591 11.5734739654103 12.0573345357394 11.8656930580644 11.9449935669297 11.9664472550944 11.5914982307596 11.7809655087493 12.0783468110855 11.9677284891402 12.0026813228426 11.8472665681604 12.1662758012209 12.1236818357115 11.8405272977904 11.9067483424013 12.0180274983149 10.9848790059617 11.8721921033436 12.1746104927096 12.2187689415382 11.9611797557291 12.0174096554071 11.7806197704308 11.6485578065127 12.0430861764231 12.0770250144729
"550" 6.19068458627958 6.25498836767891 6.33500456746796 6.39157755778276 6.40960072354226 6.3259320170407 6.28181603709143 6.54757288954257 6.20207470865736 6.45586720534664 6.90715972935474 6.42925726690422 6.3688429202168 6.33861465972166 6.57961333131966 6.34863160628142 6.73988591245868 6.38012270223289 6.40474019655933 6.21238104362795 6.42650996381171 6.33537159263372 6.27634758115802 6.17154578437345 6.30502200184804 6.25314216832032 6.31201319650266 6.44859367782573 6.34545881132654 6.19427529878977 6.3353024112865 6.49250117396898 6.30397861729567 6.29922933619314 6.45769599851447 6.1997976493891 6.40840196590236 6.33362710190824 6.55313233288684 6.47719399595834 6.22849056490391 6.64210896284269 6.54681667313677 6.65786935420681 6.25705445505484
"551" 5.8395948012212 5.82069405672187 5.8507209784122 5.53337519866636 5.75539876830932 5.81808922059622 5.75672694158229 5.84395650942944 5.75288566454585 5.79287662782047 5.50495087581414 5.63073538534892 5.90298206738842 5.75862867196056 6.00532983888859 5.72472090498446 5.8612657387219 5.72607718939296 5.82661530332236 5.85556938215269 5.70186279013942 5.81010983926397 5.74509905903328 5.66383549145592 5.72795340726857 5.88337867203888 5.83625539977438 5.83791830130942 5.79196141505293 5.79120608964073 5.80393167861899 5.80383808951215 5.67442035106832 5.71168570441941 5.97705050611067 5.78777488603359 5.74492932204455 5.70021873066169 5.76767369930847 5.96893654095007 6.0006065246255 5.65711871594854 5.64255791871353 5.76352509437186 5.79792232684921
"552" 6.24769447722726 6.03047505212438 6.01053904745954 6.12535803288118 6.44862319199799 6.04396258712675 6.09283329343131 6.04965874337001 6.17624628863661 6.12655653163543 6.00978841653913 6.079183610355 6.23247563015896 6.10984837979174 6.29137977945145 6.3738780772731 6.11381714570723 5.9970606276692 5.82969823333909 6.28229136692936 5.97797687425847 6.00827217205989 5.91893787139119 6.19010922429786 5.9813891570879 6.04661895026739 6.0860031273061 6.09916752271137 6.2721816594276 6.15842510570478 6.34022271111754 6.04392217705106 6.10032475429564 6.18468858716092 6.10617487220069 6.07010235271881 6.09285171867167 6.05580567652663 6.15892945585328 5.98761741581108 6.35810181658099 5.80753598898442 5.89269074401226 6.22086269267411 6.15413429597903
"553" 9.86696791856184 9.60425086593434 9.48750705228868 9.81932501218414 9.99651692641747 10.1341009172439 9.97816674828499 9.87240107242202 9.70364770944705 9.93585002547443 9.79011985561856 9.94017678352521 9.69025327566218 9.90805172986171 9.40186161575471 9.39011545346994 9.64577918028917 9.83686618024473 9.88804346749571 9.97035502247586 10.0885012768864 10.3303217676998 10.040827605592 9.64189498346265 9.54711979520653 9.45830687063431 9.80073634732577 10.1333090283209 9.61145935030365 9.54769745012882 9.82092910703994 9.8578554712059 9.58401643899269 10.3035612676527 9.33767199563064 9.42228547547237 9.36266836280099 9.75366258491209 10.0591198469798 9.26494158760855 9.46142161672703 10.1734394943595 9.7591055641446 10.0472055797337 10.060422117315
"554" 9.21088804533967 8.84813993564727 9.12846192018053 9.16384565444295 9.24958250464766 8.69663000174594 9.24752324373087 9.95224306108418 9.54285697659056 9.47296329295789 9.48909507285353 10.0867640082756 9.6002060581818 9.50139491383286 9.18936847634186 8.91071933972641 9.08357169709585 9.19656272117576 9.26671044103945 9.39607230392985 9.89081156644261 9.59447383985827 9.16176368166397 9.17952334844141 9.01998717435563 9.07475690709503 9.5281916352611 8.96242601634022 8.88813041077241 9.33500069913459 8.76599613277914 9.77999238546659 8.93564654061147 9.12964806123534 8.78248765082199 8.67397899733463 9.35415634584938 9.16349284292393 9.74379748246194 9.49228462966038 8.90584170314453 9.36875114871685 9.039763413696 9.74552208857103 9.36247356853231
"555" 5.81140171529164 5.97112742980483 6.21684027279512 6.01104656984249 6.11031091979704 6.20846198250999 6.18280905026042 6.17449210159384 6.11513701963487 6.01889099588547 6.21603674606072 6.07787237540008 5.97218503829097 6.13530117106002 6.25924923273363 6.0143804571937 6.00462730252074 5.93770298246214 6.01335624302452 6.05081583919471 6.1500142104093 6.06165440993999 6.09774441692525 6.14947492718514 6.18777783283483 6.14154055434077 5.89905658083029 6.14771745322222 6.22577756256987 5.97931820156574 6.0050675995699 5.950204373259 6.28302982066244 6.15780063048121 6.00750133283 6.0591899362968 6.02596284486509 6.12811958630549 6.1523518325547 5.83956131897775 5.94149089573731 5.87349099971786 6.02332910603123 6.11161779755895 5.9716152586182
"556" 6.21860304534511 6.26435122846881 6.38589348501513 6.23670752780342 6.0273799683462 6.04601550719138 6.36059631921243 6.13408415248024 6.06835403716272 6.08817138722637 6.20723616921184 6.11999005708576 6.11275888363534 6.5148272457885 6.26250777938646 6.35105760994255 6.13808755072581 6.22151541502066 6.23524612908501 6.13942673023309 6.41500788142594 6.50383086546744 6.36774799904946 6.3343993700785 6.18529442600942 6.27573610626013 6.14168711348533 6.16203632467842 6.22107086639345 6.21701509329723 6.1591136445079 6.32823187826668 6.2781000835101 6.11533258016155 6.36926623076418 6.28984785105292 6.35497214019647 6.33527238019648 6.15333556885824 6.27836484490675 6.28845960471224 6.24853475944417 6.28365797751429 6.33666100377416 6.133163459256
"557" 6.78815311003203 6.46955877639436 6.22617095840142 7.02469533118771 6.41066913852783 6.81811642980907 6.47769837350269 6.60538262516559 6.29749544849929 6.97351891179079 6.91364906582274 6.42237610939519 6.94982653598722 6.69496608028671 7.17947277325983 6.47582601039195 7.1370354141061 7.71978906460899 7.62232899698659 6.60270141312286 6.78310417036555 6.35398851371779 6.48725800259362 6.60085747085326 6.54899329259297 6.31242144368484 6.19778845220086 7.05830841773504 6.81716594118897 6.42875168840872 6.37105886906954 6.45807098157294 6.53667993050952 6.51451926490736 7.28617036563821 6.91804815890545 7.2549503516897 6.58105204682585 6.49091101830714 6.43435226329746 6.91192485129141 6.47819523819496 6.23970505004734 6.41857912045258 6.18583818809172
"558" 5.9358333581012 6.27465141737542 6.29407429012361 6.1796518477599 6.04463488906528 6.09301977185993 6.02830868028221 6.08560677140468 5.93954944358511 6.11801179926509 6.16784945362628 6.14795312692962 6.0984214236097 6.01918650512333 6.14335507022419 5.81341886351322 5.82065447862324 5.80533289848037 5.86422765856114 5.92855382337191 5.88954952535747 5.9923246978699 6.12371319308196 6.08821132380944 6.17523295752448 6.04203545668341 6.02987331933208 5.94414236855477 6.02813794216053 5.97722119905983 5.87172414982063 6.14374605808531 6.05781026774529 6.06828156535819 6.17019351682347 6.08662923340443 5.99977669920262 6.06609570802512 6.02062932585932 6.1437138277795 6.25960896841233 6.12253286257691 6.09430460717494 5.94673550520437 6.04536716533137
"559" 6.00937411450885 5.95200389472013 6.17541797240428 6.35582484112171 6.15858417756139 6.14179305314217 6.13869021704453 6.20754531300106 6.10533090960498 6.06804642443042 6.29353617517208 6.33716808298524 6.3520488980576 6.35201305164961 5.85284634940836 6.22296969317447 6.27682814796664 5.98824740288392 6.10805615373519 6.35596042474632 6.24758071797214 6.30222732921588 6.26218976216556 6.21567667726808 6.207784751515 6.17652655842972 6.21912293956237 6.25770394038346 6.11887725754589 5.97881460100507 6.2785662724732 6.15601582257169 6.37102895246294 6.29989307147987 6.14211949091733 6.27872762453576 6.1261824458204 6.02386579534975 5.86868670343118 6.17839758022377 6.09235070135317 6.28408529556172 6.20942014309776 6.20150030316934 6.00418613639537
"560" 6.92424240248525 6.87969077075876 6.92223062180892 7.13695755442999 6.81720801486543 6.45174804217849 6.91681384165018 7.19811033032718 6.91639012854555 6.95733287171956 6.78835526550649 7.0061406062396 7.21066515307615 6.76664683319559 6.77063596696815 6.86809138701623 6.76839775814424 6.89239512111725 6.86700936968333 6.8722593520368 7.0638015547833 7.17458200012144 6.92364464074877 7.15830560184988 6.91106705159988 6.62819379349614 7.1432555709409 6.66949841238263 7.13608888666413 7.1320746181905 6.99898219313108 7.20384078809652 7.01294014850691 7.13566014701903 6.91487295034996 7.09011443814727 6.86955602848683 6.92327671802424 7.18367119257185 6.85661274465871 6.88087579642926 7.40945682963004 7.07364074106772 7.43357480051746 6.76422077968461
"561" 6.30612139411051 6.3253063913926 6.10758287898593 6.13475115208975 6.08585013597171 6.21806976986639 5.92863436316395 6.2316602431441 6.09271483962945 6.24789525539706 6.05718929416833 6.04173907099516 6.09705859408668 6.23941963128769 6.23554770333357 6.18331657938322 6.37327922973838 6.28094939855647 6.03488354296733 6.1148840578583 6.26621637724279 6.02733042964299 6.4455915487999 5.99636245741265 6.07428896430738 6.26412284914817 6.38451959652579 5.98805267778281 6.14674044675688 6.16505905811314 6.03003048526836 6.33233414340742 6.25153519593164 6.02236987112207 6.29973544508409 6.0587337392489 6.22239254800723 6.12588878770917 6.07591526057893 6.03841045704941 6.31535438794014 6.1469527090971 6.20003407900543 6.20919748700246 6.20680634935962
"562" 6.93221230298297 6.50155079890689 6.73513100825057 6.65203773918245 6.88414241049824 6.4156819486403 6.57735404001515 6.62913523000164 6.57340630918732 6.75027615409714 6.84391010882636 6.63656801674819 6.41945605756251 6.45162437592159 6.65966637407205 6.52621825693845 6.60464770713085 6.50253574442315 6.42948036582111 6.70243677156789 7.06664457895148 7.01742346906281 6.6731168232979 6.61124508679011 6.86904936373781 6.50665552309583 6.6684368361364 6.95372376614363 6.95367132788637 6.51739252522512 6.75559042544298 6.7378263724864 6.48170266578009 6.82237409174697 6.60348715922153 6.76902385826114 6.40777930168922 6.99641266423678 6.85445890607523 6.9869991684183 6.55676091062646 6.69706999633246 6.6412610879876 6.69715994757271 6.59863328697144
"563" 13.7373378953405 13.7400915748 13.6915752565291 13.9344631804375 13.8159991876035 13.4734789193612 13.6582076183433 13.65649789384 14.0339210507527 13.9070255985904 13.7748749773652 14.0198822837796 13.9790091902007 13.7804404899435 13.6827647382796 13.5209706621763 13.7156330691396 14.2074401221837 13.5001378831174 13.6615246480557 13.5288055927246 13.6024882031094 13.2072549288397 13.3534272273609 12.8198989909499 13.0904031206949 13.3329395252387 13.2847255120704 13.3768076915291 13.4245204649375 13.1075798766806 13.8705119668708 13.4682036590203 13.8022762723576 13.4676023130566 13.0727290290031 13.3321533153278 13.3444367598033 14.08085046367 13.5621062865961 13.3930315522613 13.9685094041641 13.5642241187847 13.9045047556458 13.8071835220596
"564" 6.67490783010875 6.23075037909122 6.72713005858081 6.57721184859245 6.51638158677157 6.58376596836227 6.96434199438668 6.81881025857556 6.47526348724058 6.40519108144577 6.48160514489375 6.73472467446555 6.56838585537685 6.53439514626101 6.26999361316489 6.43126115644245 6.55429623508125 6.55944352305072 6.33869735082647 6.9600030778489 6.7570308319265 6.88725895029269 6.55248390149679 6.58041943042472 6.56953244473979 6.62232315443637 6.68882050369 6.96475505156017 6.25203050120342 6.70525497179497 6.83220830922479 6.83266296120805 6.53910415300066 6.58031527658022 6.19291170108727 6.61040306976463 6.65773930098484 6.69912574479654 6.85220021221229 6.82558114205564 6.73012545017552 6.95147321815453 6.73820440788926 6.72630568996781 6.82020143554388
"565" 6.1263896420419 6.15391807487301 6.00746032228196 5.86679145108974 6.06258418211685 5.92868784964883 5.78715487924258 5.84086288287094 5.97895044590852 6.00306681841957 5.82621726781778 5.85640327601282 5.79809833939448 5.89818688886889 5.75531407452631 5.85377529196296 5.7957927594768 5.98184306443827 6.07225454360489 5.96958172319521 5.91371613261532 5.76445570656797 5.89399105424094 5.93568724427167 5.88299451444906 6.00806029662485 5.78008005183159 5.76681390504046 5.9010528505644 5.87148058804725 5.98917151608439 6.08275943308291 5.91931022764648 5.88004530782618 5.81416169727714 6.13085842644616 6.00910470281054 5.91231839967256 5.75368681618126 5.78774890551484 5.91398050131148 5.90601289800915 6.20572928783073 6.15292548030902 5.871071533261
"566" 6.4843255052675 6.42768117222914 6.72489401301515 6.56740224657708 6.47449670725422 6.59549620366757 6.3612883201642 6.62821111321824 6.42317380073652 6.44671449777216 6.55253819987746 6.50064060132921 6.45325552285027 6.4901319910339 6.61432535368108 6.66954903409641 6.45911093845887 6.20300838731972 6.6238217900208 6.25453316173167 6.24942229882418 6.34182170171127 6.63300213642655 6.2780646888534 6.35483738404167 6.61685707834283 6.40251445407565 6.33543521397375 6.20727616227654 6.36861043911159 6.59012424931851 6.45940681886674 6.25555556445621 6.64653643424675 6.21472382921836 6.26297841655632 6.31874799859599 6.47635769472648 6.34414515125864 6.54608504530266 6.48092460478481 6.53143580753993 6.25241436377512 6.48416806563881 6.56684788517315
"567" 10.7986910001654 10.8363337956468 10.7067694300481 10.9778936589099 11.0087419680125 10.7123895162948 10.8310501965769 11.2568789044877 10.9291308104296 10.7573122122687 11.0458315095223 11.5028734983873 11.1448139450524 10.8864676344657 10.6346335966106 10.6553173977136 10.8178601456237 11.0607117922084 10.8855412013379 10.8495320129847 10.8504777835052 11.025960925993 10.7424564834785 10.3574873459807 10.3570439214882 10.3305381418159 10.8217119054446 10.6762027924726 10.1930340369689 10.2949054147058 10.4485771710036 11.1099193016198 10.5684655443644 11.1670639772898 10.6960154711047 10.5752489150466 10.6620170160076 10.6600668359025 11.4398177497673 10.4141014625033 10.5542631877773 11.4032477993364 10.8273091006491 11.0302804797378 10.906341278602
"568" 10.9639946304067 10.4004896520527 10.7854993213781 10.9774274123768 11.084986628726 10.8479408038194 11.4647499608073 11.4601385355127 11.0058320353958 10.9724823091263 11.1934779689155 11.381229378682 10.9068523395075 10.6682929152952 10.6713046151434 10.419924735053 10.463509893923 10.7933760069855 10.763150428301 10.7875249054184 10.9911482712649 11.2220883789733 10.7805430394579 10.4325083909544 10.547673312999 10.6488354097397 10.9126629039338 10.8943788323741 10.7702078992227 10.9425239589609 10.9782972114292 11.569846949072 10.9617824638932 11.440661957474 11.4065567396265 10.971854297341 11.2893884001288 10.216857156513 11.6822040054182 10.9483543222457 11.1519086727601 11.4734327563396 11.2526737233066 11.3956887749254 11.2076639508167
"569" 6.06335234844034 5.83465522268838 6.15038511487852 6.03588993193142 6.01779183129015 5.94604950900286 6.20449283531913 6.01429918607787 6.04305169846456 6.20681223671779 5.94056506899063 5.90356697507622 5.9418718608613 5.88407577727028 5.86554945817736 5.96109692964683 5.98877430445496 6.04131154331918 6.07667222484574 6.00844590133706 5.89553792257734 6.01011763682896 5.80968998136791 5.90478621641123 6.09088393509637 5.95688919708888 5.99769212004553 6.06021790835343 6.01221516533976 6.02707897391544 6.06497238722169 6.02426034060834 6.01949698383444 5.89774114492469 6.05562676669198 5.92790662198513 6.07535494448424 5.82041669677456 6.05505275836634 6.05291174308391 6.02517039781041 6.22635337313178 6.04520414793719 6.08733321359506 6.11019764433389
"570" 6.43702155057751 6.38197807671299 6.12169453410792 6.22637723073707 6.33417419517473 6.31485155710526 6.43166840229664 6.44098527155031 6.41290190253998 6.26388144962866 6.1803035045327 6.29014384557737 6.46086985187756 6.38769742414367 6.44631632369484 6.25805911862976 6.4217581607097 6.34589525802648 6.56488467158183 6.37574123878965 6.44551298659998 6.14226878757408 6.22478582107699 6.25424800289212 6.5055692954279 6.08969247991198 6.34864125573782 6.20246548951949 6.50904832146383 6.33259033217221 6.22412339721187 6.43642072126455 6.0841664469217 6.3049283428706 6.37231276790316 6.25602658098341 6.15487368614928 6.26515292804042 6.12598637502582 6.48979727700075 6.48733704631867 6.3551354384235 6.19920020900232 6.14898763545018 6.2370238882966
"571" 10.3683917847791 10.2687463151621 9.90653951778488 9.56847153797865 9.89854807650703 10.2809076556804 9.82266783193101 10.1576988575153 9.95201097130201 9.80660527620377 10.0416922352406 10.0550021340981 10.289273080279 10.0712424740686 10.1126988356154 10.3660052158964 10.1169781045567 9.85002592161969 10.1810370681169 10.1313723599702 9.80952673129898 9.84966806003013 9.86614470731216 9.7009490229516 9.82036966731683 10.1715820731148 9.75291698376434 9.8052053208397 9.5596504219546 9.93941445116763 10.0544774248466 10.1735264921203 9.41859628849502 9.67182391552249 9.87106618427453 9.5179749398044 9.28425529929861 9.41098891450631 10.0725154712725 9.38314987285655 10.1608975493516 10.254895782448 9.828429163453 9.93566981283465 10.4818358732799
"572" 6.02718237266164 6.11789647900872 6.08022039797813 6.11549968200052 5.92876327371866 6.10695247049902 5.85086764126381 5.87522718607369 5.99114109850624 6.13413097742852 5.80711908827259 6.09014135962331 6.21581601750975 6.12791299272084 6.08389626909853 6.29940358865978 6.06552950261211 6.12591772443088 6.05478746205973 6.00509262203873 6.0074390744524 6.17877291208104 5.96008872309215 6.21824669045621 6.03542084746858 6.01854271780282 6.19758213926656 6.08859129456934 5.97281828998285 6.03507446425933 6.06599606790986 6.07799074750053 6.00929108671174 6.00889542514793 6.05228246067957 6.0047171557162 6.19876543357657 5.95846250132585 6.11894832378407 6.18876233240436 6.00880574036569 6.00953329597599 6.01016432642522 5.92048768177811 6.16608205729062
"573" 6.17929919042623 5.74343615577708 5.92307989001981 5.9080003312697 6.0526063986758 5.80427374439709 6.06931547106061 5.75591434283924 6.24970028766462 5.82279493413715 6.01933646043564 5.91621200194258 5.9370006254773 6.22790379425285 5.96458602299799 6.11722082620985 5.79903051861486 6.05723428496153 5.94840140124415 5.86111123476561 6.08311445604086 6.10824110758206 6.02133184246329 6.44701156127734 6.12439312873749 5.91198443211952 6.12734487408192 5.78690766529226 6.05755766276106 5.87269773218913 5.73682038918493 6.17380834952028 5.83623781372712 5.95416054696813 6.17670451730073 6.13606690528225 6.13187985225093 5.88541401189149 6.18375025793172 6.23874460268962 5.91961427386941 5.65036866162731 6.12633321330023 5.88098439266757 6.01702715615058
"574" 5.85191804420824 5.76242693623259 5.82123138403334 5.59568310831532 5.81040959316951 5.77881459653025 5.76822294607453 5.8671401087354 5.79725606678197 5.77698930347571 5.79872230198624 6.00034871634965 5.93964515469203 5.62466538303662 5.93965679373635 5.84941463666236 5.73232348683148 5.93488129235969 5.69289578911384 5.83351220291204 5.63810809988713 5.76018187854672 5.56443550437681 5.90334992798761 5.95322354254501 5.68599237482107 5.81045045220305 5.71245098355579 6.04558017453003 5.86647197419976 5.87985501670412 5.86988795582384 6.04518996453485 5.86249671400895 5.84871434372647 5.87389817638524 5.8159290669542 5.63864959998312 5.61404459116682 5.70170305176255 5.78237451877548 6.14738845691986 6.05631823267053 5.84832578855361 5.71212973528453
"575" 5.77605497134626 6.03865906212957 5.93882128225471 6.21696209098353 6.17644888305745 5.89232608053167 5.9547123210751 6.02442489914887 5.87517721968663 6.14909559973061 5.89721597842098 6.1287984898359 6.25427952618568 5.9820769916472 6.12912523781123 5.9836042212568 6.06917012603547 6.05467102313877 6.08520173266658 6.19148181422024 6.12677460027674 5.80316640080267 6.00654671050062 5.94082057289034 6.16079697664787 5.98855805240884 6.02074478251555 5.86913758454325 5.89796017005121 6.08515860705962 6.12433515766534 5.95573512459024 6.03784907647082 6.05461553468351 6.00935034104518 6.11007174036745 6.16542650131509 6.03242819311742 6.12821925015215 5.90923931333449 5.88018335240539 6.30616819935583 5.70771217221299 6.14656689864785 6.01239242854498
"576" 11.0078675340682 10.4403881933084 10.5861363121034 10.6738343841224 10.2866239989499 10.4353274935472 10.4054264325236 10.3671264755204 10.2677724575597 10.4206859532812 10.5503674950738 10.3073150822899 10.3114709603986 10.5673877783508 10.7304201680772 10.6456175094337 10.6380760458774 10.8191656450548 10.7418681706474 10.9629369363987 11.0287878730118 11.2747651064536 10.7472310801383 10.9154082698432 10.521437623724 10.2075350588396 10.4066931999667 10.8897917802363 10.797704809271 10.7176780734346 10.3454363361137 9.66763830687939 10.9489635452567 10.3819598929669 9.92458987986616 10.1673268732711 10.1270277469571 10.9992121142786 10.817153515309 10.6100892754934 10.5361526571964 10.5216526487655 10.4775998587155 10.6595488013526 11.121185805552
"577" 5.73837148289783 6.12824352098493 6.00919998129871 6.26710841132673 6.09978258051453 6.15156215660686 6.203147682305 6.04448076465356 6.06108749953357 6.11416759800781 6.06833359158596 6.20274367792749 6.01730164223475 6.18244522517735 6.05571882118239 6.0125889138247 5.98796071794059 6.0623917252657 6.08111277019941 6.04511839337784 5.94014860947884 5.97536121746368 5.96644970603418 6.13507009332139 6.14470252827448 6.03922961220154 5.90667566674454 6.01802358557727 6.24885813591777 6.18759514955358 6.10963916168226 5.99718540970198 5.99926439937378 5.99877204346215 5.93676253181783 6.14771841098917 5.97978704143187 6.17818102272747 6.09474485610982 6.32272938632364 6.06749705479902 5.98191023408122 6.03658070765244 6.02219298394056 6.02744907128213
"578" 6.40992767824516 5.99974657242465 6.33043406107942 6.04446884342314 6.06086702288077 6.11570029947158 6.2777220007733 6.18707915180401 6.15177494349189 6.19595934816619 6.21417500611782 6.04238967424421 6.35127621484971 6.02568139146994 6.3500019936535 6.13756248462872 6.11464418306585 6.13054665586714 6.01689597493166 6.33916983229081 6.29448861518117 6.19957623624314 6.30288959241613 6.19362584303423 6.29319923964761 6.28433474549333 6.25943809063097 6.098165024246 6.28651038101854 6.15999550748402 5.90358217296291 5.92461526921505 6.33408031308107 6.15917336849053 6.25293072389226 6.27171413494144 6.15371129796952 6.01937044830498 6.05884673722437 6.1702698126998 6.20231197233778 6.05778596314954 6.08332805390638 6.25330515452502 5.9262680672875
"579" 6.87879317408894 6.54025795416185 6.40110801086939 6.5076472971125 6.76520598098755 6.87074434956594 6.69451074319242 6.53592850415202 6.51689495828191 6.66446202991689 6.57657152258689 6.57363892633567 6.34266976339326 6.77664998088192 6.37872015147398 6.61559766447061 6.27206418631519 6.60485127088524 6.64536020719015 6.48281980859031 7.05458113343225 7.02918329924166 6.93389033039692 6.71401996729577 6.54859564430046 6.455911836849 7.07150971997923 6.8770232755162 6.81333096482871 6.50202672506316 6.63674210029547 6.62873998498177 6.60400070117458 6.7828634461457 6.53288262803984 6.61362427268123 6.78894671242304 6.72722396906589 6.6255254933635 6.98172151598956 6.44727840856483 6.75967842773066 7.02210650399617 6.67333454222796 6.65176451752077
"580" 8.47250574596187 7.98986557834711 8.27043624599195 8.25533819383887 8.66969575825964 8.44044087310458 8.94980135650427 8.30155357247821 7.87524310841224 8.28493871583612 8.22508317861486 8.48682552217327 8.33484762728598 8.05139575439027 8.15859405369607 7.93627230330145 8.10041230702835 8.40344963848933 8.21973010519219 8.58315318220093 8.34839816688337 8.90750880044382 8.72716445048765 8.53838747424856 8.64053068053027 8.4765398436048 8.57370558230714 8.59805076972855 8.43854135148525 8.48470233905991 8.8433073949114 8.68091867296181 8.47338156855382 9.14895044690332 8.72240490287703 8.10248739100969 8.54592800933731 8.50796544284554 9.13263093501332 8.14068718770584 8.48206653570621 8.95955847939763 8.44532890759088 8.99187138239573 8.69082728608907
"581" 9.92100796010686 9.81461527026263 9.87395956710246 9.61913240945416 9.93343304700603 9.15453691450112 9.79448202864581 9.94546891478351 10.0863986472862 9.90817512507659 9.93912304687766 9.94740371517455 9.92467943859584 9.80028144229617 10.0791939257425 9.58305341122865 9.91728774631583 9.71708056767941 9.72798049655859 10.1083030262443 10.0021724958752 10.0042522055013 9.906270269101 9.90178198708453 9.71197884118176 9.72192324574432 9.51331921653 9.80972904578838 9.59664764893515 9.95816784890044 9.70119360719195 10.0203819215315 9.76777618020272 9.82002231344014 9.91397886813906 9.71780024231504 9.77158731444512 9.67691364828161 10.0326857254687 9.87120056154761 9.96226876877452 10.0185771555601 9.95692857789816 9.94843024691384 9.83648660168477
"582" 14.5494495441544 14.3830802721649 14.2471074908563 14.1814361303588 14.2583896611948 14.4142434249438 14.4745149916762 14.5077229845872 14.4403392395132 14.2493825095614 14.3644011342295 14.5099490989978 14.3816322647702 14.489124306829 14.3407544159057 14.1759957596012 14.3047877899542 14.1360018933428 14.4901298934147 14.5257821904038 14.4947199175829 14.8425509142376 14.3475082538494 14.4701785829466 14.3282213474978 14.4882779220539 14.4054251499267 14.510579317358 14.3073250609268 14.3370086620512 14.4310755294153 14.4462905462217 14.4890249509884 14.3447495917113 14.1310828712463 13.9017139153902 14.4455369187893 14.6132144888986 14.7716247554385 14.1991102291429 14.2922643807661 14.6248831150802 14.3896822878941 14.6110254476952 14.5210584470688
"583" 6.32130131591919 6.21916919709821 6.28073566531492 6.26755171759904 6.48086605877822 6.28584873063938 6.19742038673991 6.3956766026864 6.48482236446105 6.31881938349598 6.35693320940071 6.38872177475102 5.98846204318734 6.16806763558392 6.15271485658095 6.02143785147884 6.48570045086331 6.34695660342548 6.46910073218044 6.02675996712876 6.39170811878645 6.35708156213149 6.493468599128 6.12787111696825 6.18047096982936 6.11608099641797 6.31322903246289 6.24404601709564 6.32991905415903 6.13935958125092 6.33592318694157 6.32811169032894 6.26239732423074 6.2831849364352 6.09514048394239 6.1835526499754 5.91387403493913 6.21900013359695 6.31140198684856 6.17612154253852 6.46246381065501 6.49624861859292 6.13650085213117 6.01905826209109 6.40166836573694
"584" 6.27985245313281 6.14892517019759 6.19188745721092 6.03093577920736 6.28615001741872 6.29593849639866 6.16306596720521 6.15825059863811 5.99838667104939 6.17791692841647 6.30773754180213 6.05230333799349 6.28971519696155 6.27499561093076 6.49801177298908 6.30622501795373 6.24816457734759 6.10998122357439 6.07967777218739 6.22888751530968 6.16594358020938 5.90595398229448 6.36650579756175 6.08672527732374 5.99535951667358 6.23481704735145 6.05707358750881 6.13910834859194 6.26020536483009 6.05057689510275 6.31036978601328 6.09698857243342 6.08969092002068 6.05348606142675 6.18694473886928 5.9966254839882 6.21232851980336 6.06924718874236 6.11831261816702 6.31126339156709 6.1515585994243 6.14753379083752 6.39695703221695 6.20595083691006 6.07563525376203
"585" 9.36796419973965 9.21286141598457 9.81399554307341 9.79294913423454 9.70887337281619 9.13858038304202 9.53353870902358 10.3328755232634 9.71636050337734 10.0257919482997 9.88816219995689 9.82092047074661 9.88539951364226 9.58656584789612 9.69195031267226 9.78572980516574 9.69057626415102 9.57618930688509 10.05050182357 9.57749945525315 9.50357680731558 9.92924679337628 9.80048915615428 9.1410102297263 9.42904236273008 9.4421041124714 9.61506383986627 9.13134167787397 9.07613111637837 9.92985739777808 9.23338673032144 10.0368284267985 9.12241277083353 9.68261417592575 9.7737637548524 9.10521924631488 9.61661070728132 9.39362713460244 10.0589834932641 9.40789585169785 9.69783097585159 10.0413045979634 9.273065750983 9.87645903723357 9.92079866139705
"586" 7.47117051125393 7.52988664056784 7.60688436183586 7.18649454492235 7.55813342066784 7.90203500725989 7.43928224340984 7.72542810255964 7.12033694657679 7.31897604747062 7.47214772648744 7.07739626532711 7.2793561403603 6.98301996944223 7.03540112642127 7.10757688832493 7.21261228051298 7.16449397631974 7.35697370877385 7.10591803916743 7.28752540030845 7.38233404231396 7.06823867374211 6.88122699842475 7.11915728879679 7.13620373305596 7.1385631552065 7.06259057041773 7.47670189715186 7.27121732075656 7.31247297587962 7.1909629801467 7.42920298453302 7.02499112511705 7.26975291078049 7.40015180194123 7.42503714993258 7.5119868599505 7.02150118852478 7.15559245295908 7.15966787617744 7.22192301155134 7.28260943191338 7.69606467789821 7.1363940146577
"587" 5.91916526410536 6.03491701129166 6.03523382736057 5.67230223092232 5.91905394102236 5.96373352715101 5.76258566219433 5.8747158967374 6.01022922842497 5.79248708877492 6.0322244394065 5.99919645107355 5.73944103760134 5.9042624382046 6.22424952114441 6.00955791990354 5.72327537896564 6.0940015095505 5.85688257775769 6.02567159181029 5.83985574785875 6.04463504825057 5.86732111973953 5.89771397780931 6.05127746475016 5.89395756725688 5.96749296368171 5.82779327402507 6.13909528265096 6.03091498123465 6.03880880093695 5.75795067599261 6.15874891472042 5.92974699594926 5.83883450506852 5.89327406827341 6.01803279137093 6.01126119498891 5.7586099963272 6.06642660512714 5.71395334901062 5.81662478735116 5.84907055373069 5.9602789508443 5.72305809053791
"588" 8.46200413532984 8.85478936762311 8.93086170174527 8.71028446777477 8.35439798822084 8.29502328522324 8.49783513442418 9.27350167405006 8.84412827875319 8.87358792245025 8.56349691783238 8.87927840619815 9.10156278863579 8.45555851936979 8.83744274263393 9.06711344033062 8.92790641719379 9.00422934656266 9.35547482810506 8.93370847127813 9.06594046411962 9.18716569297857 9.07021109110741 8.69172419380588 9.18538444057966 8.56138060331263 8.23614695590294 9.22457712273796 8.81093859512787 8.78307359179781 8.70071991313222 9.34904156837356 8.69209182823383 8.70741312287001 8.38863195103093 8.48136504229372 8.46572930272897 8.92288059609664 9.10907099409462 8.56395169916602 8.94798421057439 8.896106449455 8.99747181186298 8.97936424820012 8.57838019823847
"589" 9.12464691440433 9.09893555794124 8.86780381980911 8.81551111454618 8.89508880593164 9.00582864040014 9.15244261188332 9.1005331439761 9.29708071442561 9.37014794708453 9.05601112116069 9.2023803302001 8.89594522610041 8.84564923488141 8.87131759990409 8.95925704898108 8.93271981421342 8.79406014285676 9.01972085396186 8.93398589841881 8.99439067341578 9.29862370622696 9.28379028379877 9.09329691870206 8.58459304730238 8.79556956543245 8.80573730222082 9.11523022685801 8.81872976437811 8.66476945602564 8.68399174993686 8.6251124760527 8.70365332589529 8.49959609514366 8.91258604434045 8.29883777042314 8.69717560074109 8.99300659985093 8.75279626131477 8.97186891853254 8.42778272146775 8.5151843389084 8.55759993657905 8.64357822311543 9.16908957824547
"590" 5.78102124566109 5.81035717525053 5.75590964880305 5.83310374101436 5.82406513952423 5.83806095005852 5.80060753801158 5.75530256158902 5.76156489911098 5.79599012444341 5.92450866541169 5.82031399333913 5.76097409905913 5.79115064199275 5.77163693143336 5.69714429740554 5.88463368202713 5.66204539993574 5.76400606785327 5.85385029030013 5.97123282615648 5.74288973081969 5.88638101610845 5.78271490851764 5.8346812160236 5.81174068034145 5.74560213111893 5.70405767309931 5.82610853697612 5.68519517630175 5.89554577729409 5.74013930571778 5.90519731432698 5.80233035916195 5.69590302828163 5.73995076105087 5.69549892904285 5.68076002636706 5.80821695904596 5.51421082367906 6.06073401545186 5.73623913020397 5.88041044448421 5.87823605264698 5.69366847532062
"591" 6.35016037124248 6.50043927059414 6.3855105966043 6.62621712178208 6.50973929193357 6.19806543928848 6.26152699804652 6.72587771989395 6.43700411464387 6.59445915179998 6.50733799721334 6.02317104255678 6.59171656033694 6.29042442154427 6.49797802820217 6.38542505005472 6.68437550590911 6.72127361885581 6.85118402261415 6.33356967975056 6.47159168596958 6.56997196035151 6.53876470523135 6.15654541671392 6.33004278167156 5.97482364378817 6.56232442984711 7.1320900586681 6.41230528594434 6.34875376571707 6.02420519897759 6.43409959235594 6.34090397209209 6.15305331679685 6.4370315782339 6.31936086129365 6.55174541130624 6.48176474410476 6.49769027484062 6.36746415881728 6.38190249623465 6.39060024246254 6.83221361967671 6.57786003802784 6.2876690631099
"592" 10.0082807912919 9.79126237642111 10.018158627543 9.98037828621908 10.3215293959806 10.0075723122028 10.2272190236686 10.099711057424 10.2237719780501 9.90815470070925 10.1385479435823 10.1236591234763 9.9329804083078 9.9860934958488 9.85330777344535 10.1375376950303 10.1069320903811 9.53328685652956 10.012263472944 10.319038557998 10.4621911112505 10.7153938766112 10.3596973674261 10.2071041191764 10.2987319610161 9.87298989033082 9.78260215117643 9.93774160453532 9.73011452154246 9.99637588022367 9.87290931640754 10.4163517471173 9.82496397501395 10.1029239344754 10.1030890172199 9.94370693084379 9.95384331078436 10.2177849208472 10.5336575915981 9.99140324593237 9.85949473945476 10.1708930051208 10.0253945610121 10.4469991514388 9.92967785825177
"593" 8.42065939129916 7.79160903963546 8.4752903583502 7.84139804292809 8.08019228811817 7.92349216011556 8.28387040656743 8.59242056480569 8.09587247309472 7.60405783602013 7.91644511673174 7.79699863534304 7.78206847956381 7.80956880517439 8.00283990394066 8.05741870062477 8.31096778086454 8.15104396790564 8.17973522256164 7.98210574786452 8.14122263050936 8.07793370232179 8.24420566907917 8.04545915714848 7.95829653670618 7.96847906371061 7.9131416643921 8.60005662336243 8.18884602066735 8.07094585184814 7.68595168937367 8.35970577310117 8.31229787567969 8.24921662139391 8.12944771141724 7.99176625273326 8.34758548977508 8.48346428526279 8.37862901731743 8.32463294940917 8.27232831791403 8.4216462460204 8.3957204865022 8.16584584548237 7.92161298102576
"594" 11.053675127216 10.5905734126352 10.670735080318 10.7011802454899 10.5212337162562 10.6947185189829 11.0634773789741 10.8196959390484 10.5977295038556 10.7512914076934 10.8182433023331 10.8751715578294 10.7958019245519 11.009397362843 10.4502947126372 10.8306483316832 10.672698572477 10.5989991072113 10.7502147844135 11.0489943203233 11.0598744386417 11.1484721284119 10.7312912596176 10.5870007708976 10.5396452364651 10.4714468552431 11.086498415544 11.093341122014 10.7191541365157 10.7663507104117 10.4855950239434 11.0360394824745 10.5822116269916 11.3909972141958 10.5554895523843 10.7373377463361 10.7908693495419 11.0609876012204 11.0387713777506 10.7777091323138 10.975411397344 10.9933282716468 10.7966575230936 11.1313227129171 10.9436084030798
"595" 6.33033473386074 6.24847108101467 6.1878327471203 6.27037933813118 6.08507931641213 6.1026607233074 6.34011246866559 6.28674031067462 6.21867365768682 6.1861743257287 6.46367316466538 6.11679426991571 6.3523454887748 6.29326749812969 6.08835668849914 6.19106128428006 6.23156689709091 6.48441142549211 6.25328651851431 6.38029280563559 6.18870284984991 6.24046480346745 6.18157080129867 6.0393546125384 6.26080289481847 6.15082045270732 6.19421314310053 6.23523680385274 6.34140519103286 6.22289438924299 6.24139034849604 6.38200053589472 6.06125849649417 6.24818940549991 6.28691930096329 6.2019882166338 6.19512118261367 6.06182678023068 6.28599715635919 6.13921892558861 6.16296225340621 6.19092839769441 6.17738853281169 6.32237661644192 5.96585136412624
"596" 7.122435311927 6.07664646067431 6.40779869883822 6.53297621947447 6.3607941578628 6.38559395342547 7.76318289238848 6.58777520126616 7.13131849575296 6.64053941022386 6.80507546057878 7.04848988147144 6.97031930307049 6.82500775809112 6.70608725509584 6.33399903015214 6.74514800243964 7.26469276197582 6.92654081998764 6.8876549391009 7.29847766231287 6.87514603494599 6.04347002895049 7.02601132023543 6.55313990080186 6.67628477673163 6.79898155387498 6.75189004132455 6.94546162395101 6.93110997421141 6.59471040854619 7.08099394988924 6.70146479783936 6.50361684441542 6.47030467800707 6.45268105799937 7.07080096409596 6.25505383989703 7.03729253174922 6.75663131307389 6.81317001970024 6.6185607318817 6.45931406712586 6.77151952455139 6.57602754242199
"597" 10.4898701502584 11.131330298766 11.3355777612702 11.0387410661074 10.3771991261275 11.0851358233849 11.1395696521889 10.858959049904 10.7436934142425 10.5131481157839 10.7131881874619 11.0197183001669 10.8848751713153 10.7832739007766 10.319812470078 10.9738472937861 10.9001376208558 10.8368618165394 11.2102322084306 10.7306461013642 11.1609218889224 11.1359556615231 10.8237538821173 11.2334732439147 10.7881449696995 10.6242104720956 11.1445480932761 11.1621482094067 10.5253406972045 10.8216221226982 10.7008284178254 10.9088872011879 10.5882838309678 10.9606251560903 10.8233136070594 10.50942840904 11.143728468271 11.5277968884407 10.7651720125788 10.1988832042936 10.3454049427413 11.2671122895137 10.4756190208325 10.8093017267153 10.3111448333102
"598" 6.06857211497144 6.12762511707624 7.31585165457937 6.7875054587502 6.32632355530692 6.05176942178375 6.2488150484176 6.8085882739043 6.13002834146357 6.5078321048086 6.27912187255749 5.92617185919989 5.97436919109398 6.23660028676003 6.35516599565834 6.36918613392042 6.36716040522303 6.08604129625935 6.11702420532121 6.07147826711608 6.02731029463621 6.17293563073334 6.02266366415471 6.03211426646257 5.89864539112686 6.38628054193704 6.0771325527939 7.16606083596362 6.10780905351979 5.911724483022 7.11093675696461 5.87457412486701 6.03037745133591 6.03030459454659 6.10016652118642 6.04341906465078 6.59244421695495 6.26461941101485 6.11032797458367 5.93937439476623 6.06823174556465 5.91756443344591 6.07966771949078 5.99557256222734 6.01824090977493
"599" 8.66687656754118 8.35509668676513 8.02709587985765 8.4148818735798 8.52025504388019 8.58341495128536 8.83793594342929 8.15336479792107 8.28990751190088 8.54849534215547 8.44481162906218 8.24543125329205 8.26601533810758 8.16047521172277 8.12682081418991 7.82605915369144 8.29332858466591 8.24047422126769 8.31176016530526 8.32626949465796 8.64583626885969 8.73022447036215 8.25861467450093 8.42342177241979 8.43371375221155 8.07043898577988 8.2598184461131 8.05515368759256 8.16482271451423 8.50882851322672 8.53998516360488 8.58650028228269 8.41747305016335 8.41038174429522 8.19360680138757 8.106509641081 8.0140959726516 8.31020526531605 8.65563863343814 8.11254892664308 8.45250433521993 8.43096571871868 8.30577195800597 8.6987628308361 8.79129396738408
"600" 7.33012857300797 7.21128583115792 7.20116141269885 7.46094565316118 7.04569057118063 8.12808018317259 7.52053906392404 7.06236638258305 7.60783698024696 7.48404966959716 7.66726989460665 7.19732415165976 7.38377042355123 6.77867874500424 6.79344196966882 7.46527697029164 7.33699661633114 7.06185069228914 7.2916046942504 7.19628531557819 7.10777905204981 6.94651348208391 6.9689603273147 7.16013182338727 7.06431744676995 7.91070920385687 7.1177328050329 7.3587838712081 7.0547292062273 7.29913100857005 7.74471823734556 7.16154023156795 7.68637284915053 7.37606619726614 6.76425186643778 6.79394786643633 7.13738145153754 6.75017481240147 7.58686868439046 6.98372521548769 7.16587847661898 7.74724633087058 7.283229388873 7.54995178859575 7.20971390312145
"601" 8.93219194329632 8.43265238441896 8.32047047565733 8.74043818972219 8.80481918447116 8.58289775194511 8.65618224071928 8.44246108545953 8.68426802892903 8.75314584580166 8.75338406505111 8.69290857795051 8.58268642690587 8.55864517696786 8.88597101462719 8.29090805648342 9.18851356876416 8.66705868709291 8.78702238849325 8.70926520205835 8.81961516242951 8.54198158852526 8.92451655731155 8.61935289005445 8.46397957523706 8.68922935296728 8.29029127579759 8.25062147966002 8.61094668428633 8.41857386687705 8.55413973191203 8.71572147489892 8.68208226096252 8.50076095971469 8.6175094197525 8.34494699395401 8.35348681019655 8.60563775532265 8.74084494225612 8.55352646071556 8.5422320368124 8.65720769605726 8.56864893355483 8.68281152379816 8.66156893293101
"602" 6.36370518628043 6.21355098078066 6.31378128510507 6.11417855631443 6.2236896861221 6.13983032997094 6.03887007331157 6.24620432938803 6.09737471698971 6.34152823120544 6.12018480552261 6.29002777990118 6.05610429291099 6.04187718674231 6.18539183848887 6.04987936081035 6.21019363609439 6.35698893224011 6.31334439851666 6.06231358718574 6.23301087345165 6.05358079060024 6.01311785871607 6.10272812600768 6.2096580191045 6.20202361159619 6.18053859345004 6.26519160651989 6.06269231067847 6.04495889567508 6.21891953950184 6.2331436489138 6.16648437164762 6.21807445335918 6.1795074795828 6.46927168490826 6.27720407926354 6.02427563420422 6.13488079850359 6.05135188790849 6.15942678313812 6.1340841053076 6.14709315600421 6.1839524735554 5.99228655532096
"603" 5.91828427992658 5.87515942197794 6.1464243075618 5.88527768979814 5.90100754865109 5.82557004786174 6.07417406828345 6.22639142432862 6.00287942266308 6.08219194772741 5.98433788694763 6.09905944528903 6.12659945973438 6.06652446335296 6.11076546889522 6.04049411297449 6.13254201750874 6.17928603766856 5.8130190348297 5.98872668296297 6.44213480491775 6.13003543790267 6.10127638635505 6.16962697501749 6.0261191829026 5.95587140058209 5.92830821677057 6.034997007875 5.93396183406734 6.12649832558901 6.11137908810718 6.06192016861165 6.12474261310439 6.07241484545494 5.9612735917701 5.94759360404953 6.04688514261994 6.05641803711343 5.88496132886408 5.9587361619445 5.88044900041317 6.14644207972255 6.04963659105423 5.97083088857135 6.06588878159477
"604" 6.23448660598214 6.17015301720292 6.49059472193578 6.20644184760639 6.04711134076446 6.73570255233078 6.43402760918984 6.06607770294788 6.33883248111541 6.08342248296776 6.40456490803211 6.23864077773292 6.22974622912791 6.16813416682472 6.39143737942048 6.05774595275611 6.15939999266271 6.08712038393094 6.42950609339034 6.20461682954558 6.26191869985986 6.23045754271475 6.50458729860141 6.26493508269369 6.27496678275499 6.16408192329893 5.95845800641857 6.13518587782584 6.2274566258092 6.47602251792091 6.1659345340186 6.30028159840496 5.8904331774482 6.70817634664452 6.21143858993021 6.33879445459562 6.50723124687024 6.22447873780561 6.31858412836323 6.33910338895558 6.11372332813502 5.97946723262912 6.20395589079437 6.36807892054342 6.42755441314911
"605" 8.68466225759173 8.20959709762539 8.46272963479979 8.54878368224898 8.52544828564971 8.21936299830132 8.77885919090133 9.19070706360945 8.51804995053591 8.91719542626471 8.61454971807956 8.82678616400103 8.76734858406684 8.62036828072962 8.66481196173271 8.52910196662546 8.72351644115466 8.66942215053223 8.56577516781429 8.54075290448676 8.79173301381273 8.93136111894884 8.48295153635601 8.66835963735718 8.35462975153445 8.19898799818914 9.09224547050982 8.54358000960504 9.01988913301573 8.90783523835326 8.90615933457264 9.24350064951636 8.76467898570418 9.0550252176654 8.96515897278862 8.51617310565013 9.039152602396 8.66598120783122 9.713293458071 8.93659497506354 9.04507240378129 9.17175803182391 8.82664248751378 9.28720797398081 8.77305806138533
"606" 6.37456886310486 6.36375242513224 6.12506538799648 6.10642420791886 6.50983762664229 6.29865149908157 6.65816547611574 6.42430814780636 6.84782837457504 6.36711305213278 6.48993649696496 6.88670199414931 6.64434756115728 6.70342447403921 6.97747506818831 6.19042157467086 6.55512078326064 6.53006642948452 6.17080088178803 6.62415601164808 6.6160414025159 7.14368272301021 6.44039242706949 6.49756938944815 6.73148545198707 6.23710618719627 6.21510952319561 6.3310532606 6.35875308684815 6.18034763115734 6.35871357804418 6.6157129702017 6.41943625872508 6.69227651569563 6.41454110478464 6.33668015364947 6.5463612988954 6.12752119148272 7.2461737413393 6.84603978516953 6.06107653607954 6.62331518926235 6.43098203445106 7.00122388072647 6.45725254335669
"607" 10.8053396649272 10.5849024892708 10.8458929774996 10.8622752415907 10.8034630914915 10.5105276956047 10.7311649365966 11.0779141516493 10.9019213805872 10.8503722494456 10.6785953264584 10.8883782700513 10.7778607228716 10.5633289013614 10.390593477993 10.444777536629 10.5810958994032 10.3801491939835 10.4540148068678 10.5315979020536 10.776247925312 10.7081021551225 11.0386863831158 10.7472659182778 10.5117847834181 10.4409769255741 10.4201272957451 10.4660493210106 10.2502490566169 10.4811720632436 10.4745993452332 10.7186938461874 10.3973141126424 10.8449940100722 10.8959126498763 10.3866854745529 10.5900665332027 10.4188398201949 10.9822153582691 10.7093901393245 10.7998239593793 10.4112811284566 10.5902011699966 10.5492099841709 10.6620752715943
"608" 5.78127812020022 5.72989665582901 5.90668252109603 5.84123204066503 6.00284098660727 5.89635215261543 5.94797926523299 5.61578559714725 6.03367579894814 5.86584557390745 5.66532386733387 5.97780293636339 5.88163131084127 5.77423677896321 5.92036192459858 5.81531872632311 5.88088810101131 5.85423616594369 5.6990095380702 6.00400783498876 5.81948674099971 5.95554505919656 5.67449083441029 5.90645857307268 5.92592960613339 5.80282936090597 5.90045291780322 5.87663503808776 5.9626529941176 5.90721480931128 5.98145770924109 5.79753210603436 5.87392860726259 5.69040099107432 5.89302804481747 5.82587759419108 6.02756781810272 5.80469206012897 5.90439359565922 5.90700320171019 5.92056310451949 5.78568281233835 5.72038429767553 5.76327318988254 5.70032091511518
"609" 12.8188098062786 12.3684092932092 13.2599560279537 12.8486355289367 12.7331328939558 12.4369130845525 12.8376158450123 13.1649670485926 12.5709952895528 12.8598353843345 12.6575228047994 12.6606276390833 12.7057447202729 12.690491830666 12.3636462817077 12.5384737355438 12.4734668810353 12.5456792242887 12.6158838136489 12.6407093929734 12.8823399749382 12.9876695846467 12.6974149884439 12.7122873931653 12.4735416477789 12.4862841899831 12.7923667229436 12.6764399904832 12.5753047577006 12.6809174558761 12.5373306279078 13.0962878698781 12.6621585807978 12.8309291247878 12.7322827952729 12.3022664687252 12.5191908037769 12.73161298948 13.0299803669729 12.3553627824424 12.7836313567053 12.7208647908581 12.7502160883669 12.857243700773 13.0563240013342
"610" 9.71006635773162 9.33293063837076 9.62124357191264 9.58229778728392 9.4848362756343 9.55284346114654 9.92057408322627 10.2466923457024 9.72810477223995 9.77779647116047 9.75471152748959 9.71660536508939 9.57289528379395 9.55895646889045 9.59899453843971 9.11460157964581 9.55806145673172 9.48463885367357 9.83150915815694 9.74710917383207 9.78595205837753 9.95468028833174 9.75459073505063 9.46238546232475 9.19378999584712 9.18279623430818 9.62565867065877 9.67042018625729 9.38388354403336 9.57638473260584 9.47196347318336 9.99514155271081 9.40035447274582 9.77511054182127 9.56493837564474 8.84531912612628 9.91806768697617 9.5087637163394 10.2398775276107 9.32719166701604 9.60480508828596 9.89275688776767 9.47496980606753 9.71658154578731 9.98318966603796
"611" 9.64037958877169 8.64194058897416 9.54886228678627 8.8047621174191 8.4239876167585 9.15880712869751 9.7998269644886 9.3768334265192 9.05543189446025 8.96446936718114 9.02865332295333 8.96231999391948 8.79214286323502 8.73846323654536 8.96364388152032 8.7949803247066 8.98759742165173 8.95350809678668 9.07818441666828 9.5389958454705 9.75409972203276 9.86326695113401 9.1863010828436 9.18566861822495 8.7717292722842 9.02798999842818 9.53499856979824 9.77141365433421 9.17564829726613 9.35336448918824 9.0805728285085 10.0089626637686 9.02570454426419 9.80603799837856 9.21391006205048 8.95054435263244 9.54325995014966 9.32400449984455 9.7274000872304 9.3077855961561 9.29556457300544 9.59384608370041 9.30250463787868 9.48802359875811 9.52406767924086
"612" 9.5427978805401 9.8605975370051 9.76522664736034 9.98741312034753 11.8102229830188 10.0665122829626 10.5023621604043 9.65695799546618 9.64391269439832 10.4702336774776 10.844806879743 9.97449175801001 9.63208809549815 10.1591593136379 9.91390186632066 8.38740864068639 10.0951951357228 10.1360713945781 10.6069560164729 10.3217139726783 9.89869812649967 10.3827413267274 10.8824834904444 9.91530224558545 8.92710217008881 9.91431245073191 9.06368729656101 11.2694457723421 9.79196734634166 10.5099493575739 11.7464069030753 11.15321198322 9.73183857565909 10.4992624304397 11.5357236242983 9.74544085358101 10.0238591582436 10.4601136133067 10.5095782780347 11.228851377179 9.90577597942821 9.82667331218563 10.3241790636943 10.6587126082698 10.1157615136632
"613" 6.15507085093973 6.25045648028376 6.21533706586074 6.07595607808651 6.11214474692754 6.24895810137613 6.13005139196763 6.21051012129341 6.15374966115353 6.10789817240484 6.17982768932876 6.20318485677306 6.16179144708621 6.10821370497556 6.4568034713249 6.27706566495058 6.27378718587885 6.10801949274557 6.18904989661174 5.9838250717535 6.0172141678553 6.3761891635565 6.29009349032925 6.31491414613881 6.08599748542091 6.28461193936704 6.09346950451506 6.20360980224253 6.16682209836331 6.40611592479939 6.23351938512057 6.34366041473159 6.11311917156782 6.15439901576308 6.35910430606546 6.2128920522543 6.27300858112393 6.42884722467841 6.17047124044509 6.08487571454047 6.31348264956495 6.25933451233244 6.3650850190658 6.28228405810927 6.34642165864425
"614" 7.63422751597894 7.68819386066984 7.43356540946966 7.54081493215728 7.86411320255011 7.67949600857937 7.50753791779249 7.84446998725081 7.72159669488286 7.65051817963295 7.45880474128279 7.55682591889611 7.57698453493138 7.61231952780733 7.52886906111672 7.58582400846264 7.7768071492047 7.72928170277729 7.85708981409186 7.72544214429679 7.92597286251844 7.72221865569836 7.82797975777071 7.53571566928409 7.41542538347138 7.42621974500507 7.59494383149238 7.56067557475603 7.60280109616011 7.40454746534694 7.41486248541929 7.30247657514344 7.77092389424077 7.34109453481662 7.16543972999409 7.19638208927369 7.12751516311539 7.28100502510782 7.53229337997722 7.61774237586803 7.45404195499764 7.67666357062001 7.54466768109458 7.60891241006362 7.71523217456091
"615" 6.13037686422303 5.91360755476124 6.11455840819703 5.9860256233065 5.90948534556198 5.92561435577236 5.94517911970405 6.08433370762509 6.16343949567964 5.89093090443677 6.16072516600348 5.97716103393253 5.99625768358626 6.04334684746096 6.06448238828696 6.08541642506804 6.12111331947031 6.05457034548604 6.24843712759404 6.0052537232166 6.08217668518761 6.12044234687117 5.95251078702208 6.14820287579704 6.1613725402095 5.95799795136241 6.19886522462279 5.9064172906804 6.0612374941388 6.20755580420004 6.13187453566455 6.05680291965081 5.96517440089563 6.11778238013591 6.08338369792945 6.19909937063145 6.10666333949064 6.10888670870713 6.09283976108616 6.07591910461607 5.94190211187145 6.16656594467401 6.16653605024848 5.80434876165512 6.03449330734304
"616" 5.90737346000172 5.82878207765942 6.14650019451823 5.77468441796678 6.08384586009674 5.82319004343951 5.85002193143425 6.02108347768676 5.91784203693738 5.74856380169603 6.09554487129899 5.90679496361642 5.79298070954337 5.90684097092226 5.58534102220015 5.75066463197387 6.08972762432052 5.77472598575694 6.00137858602364 5.83454111189524 5.76453412673034 5.79496699585448 5.88321198372593 5.92097454162599 5.93056645074682 5.900132543999 5.94647947668678 5.78186316496393 5.76584279344523 6.15980943386886 5.81499555902267 5.64595085668248 5.99869552729532 5.85068284199375 5.93062159914965 5.99888171122271 5.94459676050806 6.05955190289971 5.81119957413003 5.99638125547506 5.89772524065379 5.74648261297787 6.00466961084058 5.77434682817683 5.95749522916705
"617" 6.00586163548507 6.14648028493859 5.91492525701191 6.14072966460937 6.02289299536243 6.04563853797268 5.93624320829106 6.16367122533146 6.31452151814748 5.79417052027386 5.97616143453929 6.04518686464263 6.06332932849868 5.79222886585641 5.93687494923145 5.84617774554605 5.80015112462211 6.07143949253421 5.77788173192138 6.00165413040226 5.71030158477531 5.7280518401581 5.84198022737289 5.71960513206208 5.94065156524084 6.15637100669666 6.10183178309445 6.13494752163718 6.05061645949018 6.07996490907661 6.02336798922582 6.18434104400175 6.11877692325469 6.06665157573366 5.95388010830866 5.97125468072945 5.98300529961014 5.90530968216055 6.01631399432207 6.19139325546078 6.09030025889633 5.7723261821396 6.03442326924861 6.00411305421173 6.12118436205334
"618" 5.95887243270156 5.8581196837038 5.96163547954491 6.26704942898246 6.17101791583597 5.95449996403569 5.8029342971971 5.99256230333535 6.245522316001 6.0547395937028 6.1208828429476 5.99116985026824 5.88944261031608 5.89860168771511 5.85500254074372 5.93412960859887 6.11544748749901 6.13153537732432 6.12187583640522 6.13869402541572 6.0823032494892 5.91547127860702 5.96278620558909 5.86253317624725 5.92300122878828 5.94229796375365 6.18999675966724 5.9893943638562 5.76261314878943 6.07337005032688 5.8259650011542 6.04731629842552 6.21951357972977 5.80657661076058 5.83591068381312 5.77377816857421 5.96285369272478 5.92191413260385 6.03137772330421 5.85371186364708 6.05850077699467 5.73629080982291 6.05739325752065 5.86884358928762 5.81668169364538
"619" 9.43783876807294 9.85179906299713 10.159099373461 9.32878764668385 9.89646938166722 9.63721789626636 9.66765511423663 10.5744813075148 9.13779683843043 9.62299453720883 9.60361028951653 9.64062676715976 9.65765854490228 9.55163799739968 9.6656438826577 9.83706637639978 10.1138606638995 9.54278060080361 10.0290308297302 9.28474362141077 8.94080167254476 9.70268375322635 9.49562178172339 8.76928248441941 9.14580223350674 9.27858212670538 9.31294039284833 9.96260869123594 8.59649525828691 8.93801020774549 8.85341643815981 9.12431934026448 8.86737122028024 9.53678664717001 9.33830240376017 8.39518173367759 9.61710913518954 9.53331002544614 9.53651685129667 9.0837169865703 9.03312553846706 9.61334617712811 9.28533752147995 9.32368553061112 9.71564696947236
"620" 6.85173982154638 6.14471431590586 6.15624961976342 6.19391713760774 6.02721499800135 6.10051902683485 7.12413758156827 6.13719697178213 6.13458111479145 6.40352353613648 6.25842442283176 6.38278070393358 6.68598829389959 6.08349114987155 6.10456377375904 5.90324520852574 6.79679000968972 5.8844606468185 6.14455393035008 7.43414502012985 6.6440066388909 7.00725228216303 6.06118972510995 6.91825079085194 6.24814662941528 6.09949072588483 6.08825646312899 6.19738496767352 5.9300358308673 6.17979336360273 6.11443996092257 6.1866093176681 6.22182986683814 5.8892443648232 6.42270160328317 5.99809955047279 6.13970360349163 7.37205496019754 6.45800571908379 5.97699017146859 6.34784052670817 6.09055418650334 6.67674025847067 6.83359774098004 5.90839461064968
"621" 7.79067359874303 7.94006825117071 7.5626931003956 7.45790633379613 8.10820996082505 7.88644099883588 7.96009569372047 8.14158950626482 8.12878827123065 7.92222428997623 8.18592006569235 8.54396493002878 8.25995869327249 8.32119285352461 7.88389279317467 7.14546852027045 8.0742286846064 8.19148438177022 7.94488239223339 8.07549703642199 8.38495744477849 8.59709359455614 8.08861403779938 7.8487123168756 8.4158120166084 7.82318403238871 7.46397637569136 8.13565785803263 7.37329844851076 7.7835219257841 7.69615562382167 8.59053718359607 7.45612224704733 7.89037731235475 7.67311018633799 7.58731033522352 7.92958244408037 7.70198246077474 8.52118787702159 7.64617449183413 7.70070466550521 8.36856517774671 7.74620945890021 8.53523881806183 8.05289338613426
"622" 11.2082108164953 10.0618672854963 11.2745867203804 10.0835803459441 10.32751398137 10.1574632631094 11.382312511275 9.93240836796202 9.69174058355439 10.3797704063207 9.75250037721357 10.4617208413804 10.3437357178372 10.0203821296276 10.4563402637404 9.62066483256841 9.92096754688545 9.81916424484762 10.3188205004668 10.2194469237779 10.6376677428354 10.2287342142321 9.9066844005839 10.5518830370943 9.81251579233252 10.0456514799269 10.4438500663155 10.2174593333243 10.1710097205462 10.0889199157707 10.4219213488773 10.3676140082754 9.91456692825586 10.4479415763205 10.6663591159513 10.5206533798346 10.4240521913137 9.97827909271805 10.5449269757617 10.322052634746 10.0839883050169 10.8836296389281 10.1795665532143 10.4937003055964 10.1711856347722
"623" 6.08960909989903 6.2883977983007 6.05881836086475 5.95546171856284 6.20395938001915 6.26651650647671 6.05316141526759 5.9990623001846 5.88378660590898 6.12500330521187 5.98759342511502 6.06173858339777 5.9904935516014 6.00309541427272 6.0832507223947 6.04910883698225 6.0866501853478 6.34662729099547 5.93470856752668 6.18341828041998 5.92415314668928 6.29134389069154 6.14953424562222 6.09044952299898 6.19931215051441 5.92521414453827 6.09706285348105 5.99916115627236 6.07648121417218 5.97569938138891 6.08466828328378 5.99937030377319 6.22374336368988 5.94247366108659 5.91722439091171 6.1627162210057 6.31073227967745 6.0634693525671 6.25803497460837 5.87733458207591 6.0120259119397 6.06734553760249 6.04192566065593 6.28573656477741 6.04631063618055
"624" 6.13492355389496 5.78265282631793 5.81174947838799 5.98032597222265 5.7817271704301 5.7098013668213 5.86285195370535 5.74672687255266 5.68611189186768 5.92249237159495 6.08196465228196 5.74582006471734 5.99239588013559 5.93575516555314 5.89427443597836 5.68535707688568 5.81303894708551 6.05245075967703 5.84690312760268 5.79948316225665 5.80864696121078 5.78274622694346 5.73856017757987 5.96012374272695 5.80299162138081 5.46702585140055 5.82382755926028 5.87086298304072 5.8855782541093 5.91376386910994 5.79643872523097 5.74314492355337 5.86979114982007 5.83408719755421 5.83798343379004 6.08443162851218 5.74742764587938 5.8018528429346 5.74774562808327 5.84605917847908 5.92824380113762 5.88308112111119 5.83321568643706 5.8405297096015 5.96289385559208
"625" 8.2458120516204 7.79480454419986 6.95105315028627 8.14575752949848 9.3066460702057 8.30704627917526 8.13689396017026 8.82910758215259 8.09108722079236 8.55662457355439 8.62234920566764 7.47644108744983 7.60086344044325 8.25747606418139 7.65930920527632 8.48053974115469 7.68650906771907 7.74202028713779 8.11101507146737 8.36421046435527 8.1299723022369 7.82382394719301 7.61826614771241 7.79032706852423 6.83874052778154 7.56586039044975 8.82160222023739 8.67374186253257 8.43970991797484 8.11937227067947 8.91237305435521 8.73308543356753 7.69197047010722 8.44109094512696 8.23693319315927 7.95739928746348 8.09952447360206 8.83431356009229 8.36169682603966 8.25715588116739 8.36661845536596 7.67400450885498 8.34701029415415 8.63971809571639 8.61220878720587
"626" 9.91192073807303 9.84548408392689 9.12222357341643 9.06890161387835 9.90084035615591 9.83008309559937 10.3479670515278 10.0493679040252 9.91117028755537 10.0465763815276 10.0936462531659 10.2064952552185 10.0304428310907 9.56273394412736 9.7448663512861 9.48790772570961 10.1234478200388 10.0736245556821 9.92942213580813 10.1312232711048 10.4028178838399 10.058798914779 9.81863200077345 10.0074382936484 9.9221164061635 10.1583003835936 9.8244412220818 10.1076412239642 9.71215850790187 10.0318995401331 9.65337712707455 10.4625283286392 9.90242410595474 10.1260420658935 9.80766667658731 9.52344241059722 10.0415810410873 9.86788678482414 10.7037703176644 9.95442136914209 9.77158371178488 10.3974352686464 9.94281348676214 10.3412643418616 9.85195933058157
"627" 12.4704563435297 12.1191178703322 12.4627052460336 12.5967865296597 12.3299667416749 12.3182272939975 12.5990846731672 12.7657433109947 12.0665415416378 12.4848023408739 12.5123453473763 12.4591592638695 12.4997787898615 12.4820334829741 12.4909160863802 12.4580430499782 12.2717839186842 12.5837190638797 12.4436097274642 12.3585080303159 12.4889750036683 12.8116158830281 12.3047594486065 12.4827714854632 12.1382403762492 12.1352230280625 12.4540323076292 12.5930662429811 12.2001556200528 12.3784992447595 12.4388275625994 12.9105073555506 12.0337684996612 12.4656449565093 12.5266906957848 12.1921297587867 12.3423455385639 12.3821450379216 12.8469353984002 12.2098789566164 12.3570677495642 12.6906792052421 12.2133950635627 12.5721966779637 12.6882026598972
"628" 9.00055790049197 8.60863285674253 8.88892452698927 9.37156834933927 8.66387541166145 9.44713084748954 9.31536990290133 8.66044906440682 8.58563244538902 8.80641820913941 8.80741414361408 9.28762904823151 9.00566301603772 8.73320821130095 8.66898925932081 9.19260657623393 8.89318791628747 8.6801671403447 8.76695890552422 9.03921183312149 9.12597333917852 8.93549020812349 9.23822273083067 8.89658010924014 8.61764369689552 8.8494392927223 9.52446382205019 9.05784109950853 8.70627881449245 8.50945054825673 8.59108712916752 8.31292730321795 8.75719651694908 8.87540895292244 7.91910620376176 8.44314759364445 8.18223766368578 9.44410664813132 8.70955935742921 8.88884268945464 8.30570641380545 9.06095687245088 8.52362497480238 9.0303196238712 9.00365867904114
"629" 6.13928849527139 6.2155464377851 6.21423956636785 6.10785910602789 6.10175136886335 6.14717970908029 6.02640853282747 6.13414439471033 6.09519636667511 6.14018771928702 6.14211077664322 6.20569749792074 6.13687352464252 6.00575094405928 6.07200175276707 5.97531915014485 6.21972350784194 5.93632063240035 5.96419078697257 6.29719686547083 6.16319137273261 6.14256517765182 6.15730662596129 5.750413066623 5.89670055856928 6.06203651388631 6.35102027364182 5.87510862616339 6.11089794738228 6.05205218448836 5.9821258418291 6.38688579036054 6.01588318456978 5.98041647059326 6.0817826614348 6.09490256877778 6.14245704203093 6.26075218541467 6.19563164739573 6.09710474351083 6.22184728763919 6.12371027577976 6.13494114124597 6.17800803458727 6.17785264744278
"630" 9.71741102825082 9.54621569513643 9.41018778437612 9.38351120384261 9.63475531085473 9.64419592459624 9.66787585418241 9.9289751911975 9.26615974113728 9.48175487180634 9.58709101477372 9.64553723951666 9.76366938656291 9.61305484418342 9.39830255947024 9.28938364988078 9.53297933238364 9.69581541742821 9.64981684487183 10.0117801925426 10.0373138742062 10.355923228143 9.91957487719831 9.73132062788862 9.58268542212381 9.49655263952299 10.0527109567731 9.42674356611944 9.60097833678562 9.94852780763494 9.35677860941564 10.1413498306175 9.66729767646581 9.97942946574737 9.9011822324747 9.11313256197408 10.0004040407897 9.81287261013271 10.3166151275013 9.75100948582756 9.62132445937274 10.3056626311757 9.62233882138873 10.2465340015549 10.1710582497636
"631" 6.24645829689866 6.22377485136243 6.16532631097088 5.9006981630638 6.36577713762604 5.97537909280715 5.97140056158085 6.18150554551026 6.08785633062323 6.27510967964332 6.14258235055383 5.86331531591062 6.23316582674733 6.01689320933193 6.22705889034746 6.09209347340672 5.96393167769919 6.01054769819553 6.10036904967975 6.16661949089563 5.71918323309007 6.32142074506844 6.23055363320499 6.22773747358869 6.15520860696845 5.96162075832264 6.14718095911744 6.17464569319604 5.82723996551993 6.11554457013905 6.10804489433746 6.09940335685245 6.30968462719576 6.17614647640686 6.34431891695138 5.88891359516864 5.98747297157537 5.94119085097499 6.04720587050415 5.93634484830738 6.18548340728363 6.0398797787884 5.80621366324099 6.13342333936846 6.00076997840143
"632" 6.46899982834018 6.21632665689867 6.80177104771483 6.15122475733908 6.58758582061717 6.33433033132024 6.79284611468127 6.45162380975432 6.52674731182411 6.73207220975789 6.49899759967298 6.8365272914837 6.48840824869349 6.339447726371 6.13700688722899 6.22960475756366 6.60225483197387 6.23676640003892 6.38569194788671 6.38739795685372 6.04068983314943 6.41600769123911 6.43357652597528 6.21030067830137 6.12687759251899 6.4243367364426 6.54897094546371 6.40372434464313 6.17935792012857 6.34783568310476 6.1136794974515 6.49652012354809 6.32637579750785 6.42524564106503 6.22427412156439 6.07396394239303 6.31489722143872 6.30059236404499 6.26356704204679 6.29667134418383 6.29826791496346 6.57307841536744 6.33501453702002 6.1894589290531 6.50106749777304
"633" 5.96944466812174 5.94875465515167 6.0287199326928 5.90726370692305 5.97479628346418 5.96334627601962 5.87290167463081 5.95939167976372 6.29959834142988 5.99710089174542 5.88205275062217 6.03486084928907 6.10363068158323 5.68432472401138 6.13855481368344 6.14231235387591 5.8369400708765 6.01182515405425 6.03252374630058 5.97866273829029 5.98551417921854 6.01212003014856 5.99457536217467 5.8181046174408 6.03344044838323 6.18016444550593 5.77957574114205 5.97529587278904 5.92510477773309 6.07362239656909 6.17069989973648 5.92594117083258 5.99771649047272 6.07096688246395 5.8700427421973 6.12271446599616 5.90375974642816 5.91709135788961 5.90543937264056 5.85035251595545 6.13943772947409 5.75710289495426 5.8846419100895 6.04907675548766 6.1539148086551
"634" 7.55644949227023 7.76667652880523 7.49623493124668 7.66000962786317 7.67417901608636 7.45020525058268 7.56928059501806 7.77757615930878 7.74898627634162 7.89951879698071 7.66415156019603 7.86224643620669 7.65968657312347 7.93560134248888 8.16854615637241 7.81792100830032 7.82421152336393 7.6381644310858 8.05324337849415 7.40119391339193 7.6894260559351 7.56002001832191 7.58166834199574 7.53524198848244 7.35929554617514 7.07169952538417 7.54784648965975 7.47781987984019 7.4001647005975 7.32792438112163 7.45161317136477 7.35156288972906 7.387109421735 7.37986118019274 7.31780636890721 7.14464557766996 7.35815401209092 7.42788273296531 7.58934707544369 7.11187692808962 7.36690335480292 7.60239683215582 7.22349466918579 7.55473357807541 7.63685099200571
"635" 6.1238180771642 6.00000588305691 5.96703350615545 5.95671036508176 5.85219152552408 6.03494358121025 5.96161362900238 6.00730367066422 5.78072873061119 6.15245691800809 5.93250579308459 5.7583177328369 5.93331749636937 6.06044220663105 5.88347519442158 5.86924126658346 6.11185013808779 6.21957396898434 6.14199477510795 5.98341296444055 6.16296520442449 5.87506535745376 5.97415229190143 6.02170244289036 5.94628642322762 5.94181084414934 5.7850803532038 6.04590831227371 6.07300317825393 6.09380510491981 5.92061229100535 5.96274631103453 6.10449701452753 6.06653067808031 6.07047577511378 6.06651039765015 5.93252973642382 6.11343981479839 6.02244251968169 6.1535393154791 5.97795645679069 6.02135080578676 5.9447726763774 5.93317265811906 6.23372839220039
"636" 6.85796229775083 6.75239698643833 6.73538295148402 6.5808422428972 6.98158181854182 7.11696200951194 6.69826218408428 6.78610223966522 6.59391286774874 6.60460275178278 6.94795047852464 6.76179200429028 6.79751488738771 6.68229912394617 6.56466949575496 6.93982187610676 6.77285103695168 6.62630445335145 6.90076661540237 7.18513906041492 6.93933208825013 6.97335044788751 7.20805900470653 6.84592573933219 6.76675904096591 7.30249595682129 6.8001124928579 7.37735826550544 6.73230145219239 6.76208972181327 7.3896264781932 6.7863827623448 6.76703283107291 6.92840661848527 6.63665091085466 6.61916535537147 6.85373137674797 7.19810181501018 7.11433780135324 7.13397977816432 7.10979756673354 6.84529578976221 7.01837947876648 6.92079632255099 7.03779067001517
"637" 10.4796367417494 10.5513979179058 10.7463768035403 10.7170721763972 10.4254882860259 9.97154708287789 10.6413163599078 11.3318250192593 10.9254000600623 10.533666574274 10.8663205224255 10.8180711000706 10.8952112594562 10.4904458397044 10.9281922545019 10.8982077621047 10.8487922682292 10.9643379246222 10.9447113298741 10.5099677678552 10.5157564163454 10.861017066349 10.5722081922962 10.198789727762 10.246987183344 9.97076792127941 10.3717264717558 10.4466092825261 10.097902612058 10.509847991736 10.0342025058741 10.97564320288 10.4044070205468 10.5918236928624 10.3038552269182 9.91116116075875 10.3184763196707 10.4035047668675 10.8750375968653 10.0297066515004 10.3605020101498 10.8993745208282 10.3544918480891 11.0289733075444 10.6601033466822
"638" 7.30198406895211 6.60552171771358 6.86121473402909 6.66222840609154 6.62225066155464 6.97229670785637 7.27277350994684 6.9431271223779 6.82151536466567 7.03353807191794 6.67176750190225 6.96104367822818 6.66402624379054 6.58272273520011 6.67691560531125 7.06629228000329 6.84934314439011 6.31026325269103 6.57336904959742 6.52660254186663 6.72090620156052 6.40632621931332 6.69704451888842 6.71104665119411 6.6292024992944 6.82929245708278 6.93316313049026 6.60813588222475 7.06050200414415 7.01123455945617 6.81679320420891 6.84843433443453 6.64105209938534 6.57436816647458 6.52550477762115 6.58888647118119 6.71574295515892 6.73948099508647 6.75496647681935 6.65424749560734 6.52736767935419 6.44147594160705 6.58452932811258 6.55699323517714 6.90471675841832
"639" 6.122128894852 5.90301381047089 6.30095012984435 5.92693382251881 6.25472441984352 6.26281675521855 6.23307537469054 6.33713884363763 6.063764960027 6.35944693728064 6.16774839272545 6.07325639720507 6.14627213481773 6.14483565007801 6.36613196473385 6.3198183943388 6.37967985503157 6.36758542513654 6.31722438393605 6.20864160282316 6.36490685336944 6.36623167906322 6.42304480350936 6.19089075540053 6.29513182604275 6.14613858830441 6.07436133964064 6.51760669398169 6.2826333797548 6.29970879151833 6.56685048538175 6.36351523796703 6.31366501340822 6.20118198844299 6.24850235572923 6.04313843807948 6.45098625831583 6.18936911218354 6.20952193528453 6.29422936531248 6.28166222757594 6.27805340086639 6.29288130138412 6.20715166769215 6.2290588750818
"640" 9.23807047804077 9.14375974586822 8.85291793174351 9.28096499546308 9.03336227071734 8.84931784112659 9.23251752318253 9.57555108907315 9.08348017197684 9.24117658501804 9.32021074677611 9.43978793286242 9.32853112379799 9.37580896263306 9.20928966378209 9.24486024682768 9.28561465884449 9.16076858220189 9.15323415015518 9.41097101649398 9.2967173568954 9.76295247701844 9.26625122334519 9.27340835381407 9.16332678420575 8.8261558760962 8.92421373297061 8.98956262713397 9.08944188282081 9.1877561803084 9.17925726392799 9.25494043259527 8.93160044807989 9.11653109799019 9.46372310177784 8.76669862510512 9.10460801172793 9.06261890124267 9.39453870726849 9.18502504220396 9.05942025439182 9.88285349975677 9.1441557992251 9.2484524742946 9.36758908509024
"641" 7.35222165480485 7.1648265863886 7.34460153205188 7.41763004945177 7.41949677859477 7.17086833992389 7.35250648810654 7.56452451602812 6.94939585842135 7.24346526144536 7.45784613322223 7.25486798153646 7.41856570806104 7.25493180700916 7.51897687045128 7.18298334174316 7.42113491998192 7.52368609369105 7.63542728622947 7.45862211043568 7.30750542164085 7.33304132358104 7.00380028530431 6.75729058595699 7.19209468168532 7.16277612837541 7.47828759588187 7.43961289744886 7.20738354383882 7.58280326416809 7.14738124318096 7.87158147207901 7.29213579662883 7.56014066858524 7.44138736378884 7.17161999763085 7.28048651176904 7.33012243630293 7.76298412455555 7.46335622934411 7.42236044120518 7.45570222602444 7.20341880620008 7.53997476275274 7.34393739000723
"642" 10.8330817664789 10.8822651173173 10.6906054284496 10.9043659308098 10.9229967844698 10.4740107230298 11.1813423533974 11.218954198423 10.4873873253293 11.0978804311024 10.6159594788623 11.2993983280682 11.0129492227519 10.6108677016165 11.0144901132642 10.6637994230315 10.5746614333402 10.6616249300041 10.6144366723079 10.6464432460485 10.6924483249315 11.0355984090995 10.4089573434418 10.5877151579969 10.1514286131915 10.6561207815135 10.5310481060274 10.5847877337866 10.6962237468683 10.346774407115 10.427682410444 10.6752954202106 10.4413082074428 11.005649516807 10.7512453254678 10.5089716420037 10.9300623853471 10.4544973760269 11.3129279466679 11.05038396992 10.3910161121446 10.7829625534429 10.8341887531645 11.165864658669 10.7997567620259
"643" 6.3107420568348 6.6558107610669 6.54311782838939 6.37966184040732 6.78173463982035 6.34262119274853 6.49433671011906 6.79713332633317 6.9005367950467 6.89282196871937 6.63666034933153 6.70137213302358 6.54355551590879 6.65482081699449 6.66645978392374 6.48493993841669 6.58925678490151 6.51783580739962 6.58805060503032 6.53383638726499 6.71214691252209 6.86107366072332 6.56500187261027 6.42575167396837 6.39690896929025 6.36312634415617 6.4520651459109 6.59790380408166 6.53758141956188 6.75577973549093 6.22649770407743 6.56682703740398 6.28255905003117 6.49269845091654 6.44194156880352 6.38915527372701 6.58342482547403 6.32914092716301 6.64900077852008 6.25858618733493 6.40370506330733 6.64741215286094 6.52228321435194 6.43066233177941 6.49591698179854
"644" 6.93647817186212 6.8714266525208 6.72188783318608 6.6404169612435 7.18246679503158 7.12998402769082 7.08368187703093 7.45048457486543 6.68682292702326 6.84580955878077 7.03476950830307 6.80893156803445 6.70198115664028 6.86367693555275 6.97697644198889 6.82090832044228 7.01436446168829 6.92616091953405 6.97579942196181 7.1497366542268 7.08046783288075 6.93914522922817 7.14962968899443 7.03836908817127 6.83945515191081 7.14407091554415 7.2418591453191 6.92521984012794 6.85223437943317 6.9673910567527 7.33233355083183 7.41580515601462 7.12316187226819 7.26870109400971 7.12346538041604 6.68423303299847 7.1741642921735 7.15463190584687 7.64815725151893 7.06669302244821 6.94162363018258 7.49054127059286 7.10968622881358 7.56842589926124 7.0331752978942
"645" 8.66275065122109 8.56757906086648 8.6324039160174 8.68222213812064 8.48202577596113 8.42599115716263 8.80474913416168 9.16114443842967 8.41753529867903 8.91619636899698 8.63223568359416 8.81476179899376 8.68976784636672 8.57056381198812 8.65368563222604 8.1317673118667 8.60052815533034 8.10721652075648 8.54046135255572 8.21233033332014 8.34837048712954 8.55533149537921 8.07891261714379 8.17714482023164 7.97975121827762 7.82617738495 8.20768732434379 8.04668784626148 8.0727814694575 8.09589570413534 8.17146522086984 8.65394352909223 8.01147577382256 8.46729751426507 8.2970782649219 7.79437870709504 8.30143765740828 8.48053637316044 8.74991112372904 7.99315412263141 8.06344349485028 8.1982953022513 8.38929442020837 8.47886106898123 8.73669489702502
"646" 9.5223578652496 8.89642706571562 8.81526562104799 9.42517788499058 8.96053391176452 8.95262390373927 9.55630245236611 9.56294649804077 8.88399100785379 9.24777599521019 9.11740294031718 9.46997449561637 8.85884022377816 8.88326061008724 9.13894705334876 9.02789936552807 8.77162840268876 9.37231343426864 9.25796345176606 9.26839970301396 9.51259394024633 9.34519485620592 9.11063443448546 9.26641121123989 8.49378714916671 8.96489527941755 9.28546729492087 9.38967373623773 9.22241698851271 8.82148558594536 9.46507503578954 9.87918117850672 9.10225150311216 9.20870604125374 8.99125532793455 9.15409146640419 8.89697539618887 9.4048060757026 9.62015229771182 9.06770758655254 9.2340734370163 9.48465956366097 8.7936338687271 9.62679198979218 9.52172789948496
"647" 11.0408119780892 10.8431709363125 10.9977811470093 10.8438488289103 10.8023833761561 10.9925029227191 11.2839258235088 11.0933803214881 10.8720915993063 10.6937473161058 10.8479074036048 10.7267675933394 10.6763019883658 10.5656086089405 10.7193695004127 10.7350541460877 10.9142260498035 10.7813933205164 10.9970593132141 10.6849369582035 10.917185018082 11.0557516333942 10.8285538359146 10.6233926296696 10.9935266257529 10.4860091790116 10.8905540776502 10.8623031139668 10.4915999763985 10.5849874578329 10.7023724485864 11.1971984850064 10.8270903907796 10.9106656478926 10.9573472351524 10.7344170852007 10.5427624684178 10.8617080290204 10.9937102267689 10.6520223760263 10.9040364952677 11.010216000112 10.9166452268866 11.113141073273 11.039284585282
"648" 5.85803209889163 6.00903281564359 6.0091978376703 5.80912508284414 5.7558357819372 5.84646407202355 5.80860729184412 6.02461549658207 5.92663027278646 5.82672823439316 5.90848859465203 5.64592922741292 5.93610927972517 5.8810177693713 5.76876406793632 5.9032326956552 5.94737746526153 6.08825727639094 5.8136928957646 6.09029919740091 5.91158256509554 5.93444723338313 5.72231989537544 5.92717232760532 6.05271920503688 5.8453490687614 6.04283152872368 5.82803239870832 5.70137034714234 6.01677250884639 5.85603108599931 5.79417675769034 6.0888135228002 5.80285877867828 5.89619158491559 6.02297196792876 5.71039748341637 5.80272217990471 6.00109995607654 5.99370050482633 5.86874407996299 5.98441202147193 6.00471577543824 5.93139087812913 5.92077837273532
"649" 12.0080779776613 11.3984667511299 11.4884344695533 11.7890176409016 12.0462069642242 11.5137433258701 11.9104975654365 12.2905823839815 11.8581552359229 11.9387050535102 11.899023320179 11.5108848766521 12.1980833343075 11.5554749134609 11.8424721528998 11.749790747092 11.8430612058581 11.8930986591873 11.7142214448178 12.2029641200532 11.8504337129834 12.3744297702693 11.5217357619524 11.8139087188969 11.6668427704516 11.4162901567381 11.9569263768334 11.6485706050021 11.7846141157552 11.8527560774673 11.9526669773782 12.5022957400669 12.0697036510532 12.0065498778337 12.0505663891993 11.4237051133404 12.0433186453894 11.834241675819 12.3692332914558 12.0882420345254 11.8390606382396 12.2473494113786 11.9857226387261 12.349019710808 11.9833033333697
"650" 7.09336508764561 6.82608220389312 6.54955898847935 6.58934831819752 6.95975563537367 6.97467388891319 6.91491731175945 6.96424335041642 6.91637276857496 6.90337415724216 6.76798987704619 7.192190356901 7.06610660529269 6.69882239858308 6.73193729625085 6.53680688709827 6.68956014759897 6.8271178668358 6.65098569473051 6.83283023581046 7.11208989157765 6.961871327893 7.06782541138517 6.88614600909287 6.7840154701987 6.59701386365819 6.89396055215179 6.64385751877601 6.84698793161063 6.76974069490318 6.86122287470487 7.09256424655715 7.06268571774239 7.00523784236438 6.86101490771845 6.45839992216958 6.73892716080932 6.94133022098755 7.15944372916294 6.85861880190826 6.96511047524031 6.82112174727012 6.8254872791471 6.94338954016958 6.81087684109789
"651" 11.8217772733946 11.535915837019 11.3811782856232 11.7230169577727 11.6130706314962 11.4142134231098 11.5288649851788 11.7003835912098 11.5382705636043 11.7205515842537 11.5032808527389 11.5007220504287 11.7086462199111 11.455993719965 11.6916423560399 11.3982277024279 11.5393694905631 11.4557305266362 11.8922729291927 11.9265099455444 11.8339180009991 11.9439150108352 11.7305898956293 11.525208294317 11.0976009087908 11.2628858470824 11.4411046276015 11.4368249405603 11.7744234688366 11.8733942972624 11.627243350555 12.1166485243692 11.634110204026 11.7089275514293 11.9487914277506 11.404873723743 11.568602066114 11.6068242883804 12.143839729757 11.5743817003094 11.7519576055632 11.9581152774127 11.4296304085922 11.9850980751444 11.9679855284445
"652" 5.99161147888442 6.1604919134635 6.08207132403617 5.98155484181914 6.16469585335405 5.96892977831389 5.9647947029189 6.02550673642609 6.06022668599333 6.12922901099948 6.05796051003601 6.2467934899297 6.03022060407264 6.08361314209762 5.98191259904374 6.1161281476666 5.94313194038799 6.01260569387955 5.95370505372372 6.0725115517138 6.19082098018198 5.99257518142783 6.0244068849338 6.25194917368112 6.19667338943334 5.78203372980619 6.26497043342083 6.1433809867924 6.21563642936423 6.28708851652256 5.98433684459428 6.02266765205839 6.31543940310427 5.78358400822829 6.01858024800406 6.10043918286686 5.94217651050152 6.14770155325451 5.85540536553045 5.94351791048313 6.04939464333105 6.02479957451902 6.07928262782457 6.01067630997522 6.13751942315613
"653" 8.07254356287095 8.37645365613654 8.27236751109618 7.61568977443241 8.14139466235 7.95536946397778 8.34613198847832 8.56248955857331 7.79367593507376 8.67253585109966 8.41493368021322 8.09877977572344 8.28271728926224 7.57143682123998 8.34699268828163 8.35629880179088 8.02952062598063 8.1798484784751 8.8039204703234 7.78076251696041 7.57213442474251 8.34848576920843 7.68072510999363 8.29905557325431 7.41655399788198 7.48630391492003 8.12265246830778 8.80925812928788 7.96899144653355 8.15784667227848 8.12187287989937 8.64172358413248 8.06414130258473 7.97488335807524 7.99159308178795 8.43929086707253 8.61574597614796 8.38959249493308 8.21829464159809 8.22206514219311 8.44962688492988 8.24330798834684 8.00477518202425 8.21926179993835 7.64611513957713
"654" 6.48503640410241 6.73208093142913 6.86345403528112 7.04636534104786 6.94350811164986 6.46204571087284 6.52988299184534 6.90699142884506 7.08224205406426 7.20947133378541 6.88092643608394 7.03475981231623 6.79698395026297 6.85694007759975 6.91841661653362 6.81218845980859 6.90800628340861 7.14506214222907 6.88677145373729 6.53879312927758 6.54941574259407 6.61245692356482 6.55746193950063 6.47359778790613 6.22286210527521 6.35596785623633 6.60276753269786 6.60513028829629 6.54477517668958 6.38513979275019 6.90098562499165 6.80659748707462 6.50869482274044 6.50296735033521 6.74584905233979 6.50898380347434 6.80926133923235 6.85474756138535 6.72845291380195 6.88805736522499 6.51531168044921 7.04098072781748 6.57067483181326 6.55846178313972 6.72021651556357
"655" 6.3841205499332 6.03128846937311 6.05176506319921 6.44236241863176 6.16472088081947 6.04301499240564 5.9660496459032 6.04192631418652 6.04789604566546 5.95300136530299 6.01877441081278 6.14143237216362 6.09923282008587 6.20172408307049 5.95381821851458 6.28252422387924 6.13111158990436 6.11944428624931 6.28405095739457 5.97710994926195 6.29733957987066 6.05872927833514 6.06222220886463 6.08674057891095 6.30579482980893 6.1063232678946 6.22806555469393 6.06578686536408 6.14164208989569 6.15195520650623 6.04214199318131 6.23412710124756 6.05710727123498 6.01498652434271 6.03409179801855 6.22487897584066 6.1340448886396 6.23389131735455 6.36439643820922 6.12107161954468 6.15692296202684 6.14680892890704 6.01100750986651 5.91282179276777 6.22790924734104
"656" 6.38652109038125 6.42917679037918 6.25152911045036 6.32109736738161 6.47067045453236 6.398530064081 6.46041532306017 6.44132279528961 6.18960945737169 6.2770605819711 6.4726889619898 6.81811137231426 6.31248160767473 6.69816691722278 6.37147272354438 6.19259653119275 6.21392677506027 6.03309826658702 6.37004272905251 6.88207291565456 6.42590691264981 7.35780499823816 6.59899205005953 6.27623049514669 6.45675496001984 6.10565471111426 6.24622872264519 6.17827244037122 6.27440420948072 6.6627270321694 6.22555102237018 6.73939351594346 6.02124795065369 6.27860444987861 6.525506133405 6.36080072318804 6.51521787834682 6.18382142502255 6.56815561176975 6.50805235777257 6.41398119502286 6.63211066088768 6.21213791424249 6.40238503282225 6.30883807062943
"657" 5.84728518326061 5.89946863650655 5.68067434738242 5.9351368648482 6.1630791592436 5.91403116986704 5.79129024587326 5.99450466919719 5.7469726432876 5.86352606937143 5.79708986028418 5.74785855468163 5.76365497754808 5.86277507548802 5.98103495289432 5.88840583868794 5.92657127946569 5.8090541877621 5.95919618983358 5.99477217523405 6.03577463865001 5.78601455404927 5.88041616107041 5.93337468912462 5.97903060813666 5.86540350326081 5.90445748530864 5.87780172372018 5.98204089765002 5.89587245939862 6.00921274752164 5.74715181917668 6.01663681132293 5.89490222157248 5.8768701244617 5.91424804857712 5.75467002325255 5.69792688002 5.85951033752417 5.7332483352084 6.0458536724738 5.90289314995536 5.82139232165518 5.80442265322863 5.81864109515802
"658" 9.810810198256 9.35644981981314 9.74487472165477 10.1169133542582 10.0847069515159 9.63373584913561 9.79404876191433 10.2703260420998 9.44150201533608 10.2179001219994 9.882664212404 9.81162952323307 9.97473106591076 9.49965289794914 9.61276286656521 9.28641791502901 9.7978433750603 10.201844941576 9.92411106465027 9.85672334776395 9.76908664993928 10.1201231672323 9.70923800183571 9.69386195988733 9.24494802759874 9.58729708749977 9.97874207622299 9.48730468580606 9.94941928913996 9.96756537410538 10.0386403019963 10.3832776593874 9.79990496957601 10.1746450085959 9.75211658554724 9.83223221246771 10.0010392688283 9.59733533020413 10.6878457589736 9.93235370031836 10.1386118264587 10.1819919295926 9.5849649526162 10.3843847603699 9.81879034956953
"659" 8.57680021771956 7.4459844809403 7.74438857291449 7.57373145377358 8.21820455808396 8.32089392419592 8.93328030359965 8.60224035488328 8.69085472219011 8.25964946227391 8.39057535626104 8.43123529902683 8.16130138833099 8.38631332900519 8.05601802748498 7.72122988009257 8.40170858106999 8.39686964453009 8.2060955098268 8.35003175370567 8.51859660284818 8.83988915243106 8.74180042633595 8.33315440298469 8.05161039901648 7.6376107000956 7.87178014487922 7.94439942682061 7.86056594031936 8.43475844257507 7.93554790789817 9.44969093767226 8.01341785431758 8.59817266633115 8.60812433363819 8.00126246516721 8.50901478242409 7.70814909964185 9.03297910041586 8.88422961623435 8.52148335323586 9.25095107189438 8.77024586434822 8.92174398574311 8.55719047859055
"660" 6.10523103683309 6.20987412670463 6.08298699121721 5.94237268817812 5.97496559610643 5.95687808032234 6.13969695463037 6.06563037943981 6.20028454264914 6.11165888334769 6.17297411621366 5.9792674419832 6.2806164259976 6.11557758368296 6.35948325981346 6.08078072793946 6.11209519198811 6.1050131454413 6.31185801491545 6.24394098158717 6.13383746599885 6.08020245510258 6.16792370698063 6.34390528003893 6.2200698800118 6.10394181702472 6.0698302800292 5.98072947024695 6.11642587861816 5.85940489039066 6.12750029789358 6.23372373059472 6.2968988370604 5.99885233102538 6.08433392604198 6.35587413957082 6.170342810407 5.9954671392537 6.08205500075271 6.24762850183891 6.27690239849875 6.13620932766286 6.45774857434908 5.87093950833243 6.0559337283109
"661" 10.5029936606421 10.3206123699045 10.0388207283852 10.1975558370908 10.2753437897131 10.1748498441175 10.4595863902773 10.3916328807009 10.2215163921351 10.3576726280017 10.3700920573925 10.4896544856575 10.0437300139646 10.2610318881625 10.3494916062813 10.2864057561623 10.1996100501633 10.252812208294 10.3020840541199 10.6676105946946 10.7409740545069 10.7212283799117 10.3927364373234 10.4392692671265 10.2010238470319 9.92168265545341 10.3403802817745 10.078853490937 10.3560981905219 10.3519122835687 10.3644300683275 10.7338561817714 10.202480994355 10.7512988388393 10.5584244395447 9.8416259570006 10.1355527241309 10.6551219270489 10.7852529860036 10.1785867213912 10.5040877914677 10.6662856502245 10.405255902365 10.7038662650319 10.5471217411481
"662" 11.4488353625983 11.3256309065258 11.0132181063792 11.721399251121 11.3867815249031 11.1175124051853 11.303085612031 11.8356837808534 11.5198034682098 11.584815206776 11.7167607256668 11.6369053242891 11.7810935335703 11.7845126268146 11.7283878600073 11.4020651170153 11.6140549564574 11.92539696559 11.4978272577724 11.5889970760237 11.4704867987459 11.5478671115748 11.3852663977849 11.3105180706118 11.0101781315384 11.2277646870605 11.5472606958412 11.2688529112678 11.249291542757 11.1517663019706 11.1420112641925 11.7823464661339 11.4260076430462 11.6776843910545 11.1512068444301 11.340698705347 11.39730934419 11.5436770926642 11.9339499164837 11.2505764681063 11.101391211306 11.2774816919016 10.9901804731856 12.0443700678537 11.534057039762
"663" 9.62706860146946 9.58517771179522 9.66058051054364 9.73376558175606 9.61895173723932 9.34009627278562 9.87067553106031 10.2656026372583 9.59948147557894 9.92147044033858 9.96399234903163 9.80505506452848 9.57514874455053 9.59775594577059 9.43303439907191 9.56711972368291 9.44093320509876 9.56065018167325 9.69282118387714 9.62162305537717 9.64805285871499 9.88354397988133 9.4487669673773 9.49516973727039 8.78330008548506 9.07014468703513 9.61050724710757 9.32134782586574 9.48410199384882 9.35177359845031 9.62941474119354 9.98938745237976 9.39897998849662 9.79158027853115 9.49831438704079 9.30599623029174 9.53960166686147 9.52664290716146 10.2403065029244 9.55970851725787 9.85691531108158 9.91925555090251 9.46213611885658 9.94945577563014 9.82464813300205
"664" 10.2461784948231 10.8837650123277 10.1510080260236 10.6314676423059 10.6970169347967 9.97845990260094 10.3358678957078 10.6555954591511 10.5387083826031 10.8303462977527 10.4627232226967 10.5684654979567 10.3369518814428 10.651676651728 10.4495161075697 10.2228203375707 10.3800987280578 10.5681886340553 10.3718506962534 10.2947941533035 10.0743233084201 10.0530181302241 10.2714783084778 10.2912892989747 9.78291460194397 9.94705138560743 9.97426959323792 9.92497298320967 10.065831897241 10.3210840616323 10.076664169997 10.2297675261319 10.1417209065491 10.0621858418093 9.93190712731887 10.3141487205124 10.1517398917113 10.1037164930954 10.3720558454704 9.58310386708511 9.89669703879023 10.0458136046659 9.85466934299547 10.4494361338931 10.4024700220546
"665" 6.25197330721005 6.03585670501972 6.07540790588467 6.2660111722695 6.13022549774926 5.9674492722845 6.16303671823279 6.15149725441998 6.17120711418898 6.12826136391105 6.21710977812139 6.04941383713078 6.15168122816871 6.15989980221195 5.94005426423145 6.13519134370875 6.07898553187684 6.07723971240887 6.03686506169399 6.02572452920559 5.88087902702681 6.14163496723326 5.99157347374558 6.18706993874423 6.04944935660013 6.08131975113452 6.15277147603237 6.14132506976371 6.18835273907896 6.00543769167465 6.02484399755723 6.22022556625197 6.06097944734743 6.19185641696846 6.23255418462692 6.13121263221999 6.04073763686586 6.15530869515401 6.38646528795605 5.98084023363135 6.03408973907832 6.37060645573191 6.07781845169665 6.10666443279116 6.06827101911952
"666" 6.21594834433188 6.12917991626673 6.18574687411015 6.4176019989507 6.27932019114545 6.32000989219362 6.55734705633984 6.14745761383926 6.3743112087655 6.28379022452962 6.22392219918714 6.47711908305508 6.29975598420156 6.1425576811229 6.26674780744658 6.43175348676942 6.44364728468045 6.21046649741144 6.19377928806651 6.22907619452379 6.28135151545955 6.26430661413344 6.1101163828903 6.38692968430644 6.24152396954801 6.23409266184494 6.42393642962894 6.31591538529287 6.17134417760415 6.16593579560035 6.12219267821046 6.33181990639228 6.02689957052553 6.12056946475718 6.17075145822805 6.05386249633815 6.35634023873317 6.38404011336798 6.4228062185601 6.34831882536702 6.22521383173296 6.484479027744 6.17205370924623 6.4721796309334 6.51767605352027
"667" 7.6866091308174 7.48742331270976 7.59056444291234 7.60263154132872 6.67499841884324 7.97035778622216 7.94549796230928 7.89550223207907 6.41204488939369 7.12667500856443 7.28303356111829 7.15950473699213 7.06507591028786 7.31548513818684 7.41951415005802 7.14628008207854 7.36659050224058 6.89182318513652 7.76623496413272 6.81595713247666 7.65279496642893 7.64482519195546 7.77795545564513 7.29429910660947 6.86645857831943 7.72910984811144 7.26589131999735 8.87931021880742 7.97384016938084 7.38282899710769 7.79119058613216 7.510242192064 7.62820033118799 7.26856882660428 7.90681074083422 6.85016130693949 8.15418262900133 7.60126644682979 7.58602447792982 6.92778979268343 7.87669038768368 8.28253646106706 7.81603250937648 7.21838633794599 7.75859900841452
"668" 8.00847442189413 7.58739717452014 9.25297395072818 8.27408258185652 9.23429931912151 7.54462609628507 8.08286515521666 8.03191422331783 7.22008541462611 7.92728447839268 9.37012401015846 7.95143891009196 8.69912673763142 8.48407402093584 8.11499517823069 7.77279409990205 9.10706068471696 8.3653790431211 8.40753403839964 8.25623517896995 8.75931209556621 7.97430727379829 8.60550315522036 8.53818667626895 8.78885354180161 8.4031788853128 7.52855000196021 9.36660291683878 8.6139068662403 7.95310017154042 8.01667990436386 9.30746635724523 8.37596586171642 8.41229262186089 7.53022197151051 7.59992656180637 8.28187296838718 8.41741743979972 8.8265057086196 8.02137489937175 8.67076680224734 8.42183029354085 7.96693179014835 8.70622636843718 8.71174657302532
"669" 7.81348694144944 7.33471258903523 7.29140550096029 7.59777779470969 7.23816330852221 7.23595073213555 7.74201315078476 7.48546602351919 7.52602803334028 7.55607429110868 7.63629739047706 7.43067542682788 7.20912212628702 7.40106560097939 7.3570148674345 7.41105914488962 7.28114153010043 7.3826160733191 7.56311149337338 7.11198489923112 7.73406686400767 7.50865209962638 7.26510078503664 7.57188620182471 7.18129070844642 7.09365841474001 7.48516589866447 7.46610059724423 7.2962023670954 7.38109064007734 7.2791634190897 7.47783909274595 7.52748536535891 7.04171192887119 7.19831581833117 7.10775746640294 7.41385403902692 7.42645288803326 7.33854268364041 7.03057994293285 7.47516535820664 7.17299934652353 7.36256669989734 7.25851726073733 7.2562417227264
"670" 7.64529084055349 6.27680533136258 6.13507161576054 6.15962030301934 6.00433561174039 6.00779430412295 5.93333324835554 6.10924512961161 5.76109955978589 5.94217457984828 6.22683357839349 7.5350876666735 7.30441620767008 7.32994428040641 7.60905982520522 6.06632964165526 6.02091817930175 6.2713081377194 5.96817160319764 7.44001840572402 5.96735238050784 5.88031872417155 5.8393645358391 6.11864570960689 6.19725542830144 5.97523091673899 5.74005753680846 6.07244039824607 7.26200718151162 7.61563060493916 7.54275069655892 8.01104391414258 7.37180666054315 7.83231146622284 7.44487459286982 7.1583084832996 7.60486876980765 7.34430526440491 7.9796996294909 7.49116595321157 7.58430039805473 7.91136325462349 7.4766598800945 7.66004725402562 6.05544386772265
"671" 8.54335923960646 7.99697811154703 8.4807328197028 8.42314334035238 8.44594677428391 8.589832278904 8.41116457790373 8.84870090503981 7.39409354633555 8.30901829066181 8.2756178166201 8.069378223132 8.06962348056733 8.16595960807912 8.21319924739506 8.22788022404898 8.40751455146194 8.50176928098772 8.36220875298903 8.79903528829117 8.12057915298306 8.59301195443065 8.56236570942955 8.41683013078485 7.90095814727326 8.44130861296291 8.75162933851023 8.40925746631847 8.41388953565076 8.6111330025028 8.85130288325836 8.59310955851005 8.28861407699471 8.84015985187398 8.33792836913511 7.88167771500131 8.2720504330999 8.18258902385866 9.17667510642054 8.21685430826177 8.35685857340779 8.90120145898203 8.22622484934863 8.6625361233149 9.22211578558109
"672" 11.5794576956806 11.3004511040335 11.3714119819605 11.2814122221259 11.4603548399063 11.6525140330579 11.5484181074888 11.5015121859276 11.5848063805908 11.455074057406 11.2850080370414 11.4327286775984 11.8187278748488 11.3707508721832 11.362110300691 11.3288184585359 11.5468316863692 11.3517267964774 11.5860045726188 11.6325885317188 11.3631946665095 11.2437492913736 11.8796940957781 11.3395320675379 11.4100555113639 11.5182986421231 11.2837690439359 11.0292655940138 11.0186425476856 11.2475465224008 11.4843768007899 11.4902560172734 11.2755485464953 11.4953266051197 11.4105398961988 11.1014502709212 11.0671234524999 10.8398083035646 11.2844275233732 11.1601867915346 11.7386939497655 11.9132118876004 11.2803806589977 11.2492123614994 11.3739645610372
"673" 6.32195068713673 6.02106106995964 6.21810319589224 6.05801911185981 6.24327267005273 6.31373862280413 6.38336240727435 6.31578746446322 6.49625939231835 6.31559897983801 6.27964113539917 6.51893092219269 6.32928247578429 6.11711520070418 6.25203661344693 6.20893592216825 6.42517992278933 6.48058641157703 6.49511323397554 6.45583130958326 6.1894431587326 6.06639164581136 6.13685944848908 6.47350810379664 6.23237416568247 6.46522298475243 6.29176119900045 6.30788276094298 6.13993712272629 6.08755689948814 6.30619211376336 6.09030380978823 6.21295705931347 6.29946168279539 6.35679138728788 6.14726382544335 6.18346203367626 6.13002247344332 6.53212279889025 6.31982671808575 6.29051562461427 6.43553743557208 6.41214063002498 6.1860982845882 6.03033722525107
"674" 5.65497906025212 5.72130350717094 5.72491092600628 5.83248066584793 5.91473135440829 5.9572783366847 5.72826085304184 5.84294180347803 5.90568688533246 5.9061930344131 5.90738815727805 5.83026440420166 5.66262899332727 5.77936849892177 5.79704202074699 5.9984672276733 5.94591594208194 5.91364530189071 5.77121476569807 5.84540900179194 5.8112819102228 5.78378255370747 5.89798115392168 5.73063828629782 5.99141578470542 5.81392597383085 5.67721012743756 5.79859926061075 6.07564788379676 6.01456748407537 5.85477229159033 6.0532628265384 5.73432246253611 5.8399989290624 5.87822432087347 5.84037151743332 5.69796826500073 5.80044191650333 5.77903374567734 5.9206560525994 5.75707506351193 5.80461552626703 6.03141176313117 5.77937111258614 5.78625715246936
"675" 9.63024643813121 9.41527706189793 9.44961933869305 9.17909216876336 9.78846367361871 9.59184274217922 10.0390449617666 10.274058610312 9.81554487300061 9.3830226924892 9.64789959676342 9.54544928180923 9.73807829992145 9.62533147266526 9.82448855401873 9.59226303168709 9.60063708014682 9.70058359265267 9.78152839460133 9.6046237481897 9.43496660434363 9.62909878134174 9.33837971921481 9.46952704299173 9.52724796283556 9.75346922518117 9.03644553806581 9.68594823602148 9.16224328516554 9.48659498679062 9.14421374357624 9.65400890421081 8.84026670489671 9.68948631605138 10.2448485197553 8.82159329243063 9.85561103120221 9.3805854537087 9.82012403134856 9.42498325476187 9.82402504354263 10.2597320031922 9.61408218235804 9.77960079453127 10.546925122752
"676" 7.81944008807591 8.0153906876596 7.61756116723449 7.69905284572959 7.44913063657929 7.65929646458715 8.08704142910217 7.67668833460923 7.7754163038982 7.8834734116391 7.59271420583317 7.6227588094885 7.6078217597227 7.56470137033738 7.92457243932071 7.74567136513431 7.47832248266063 7.59901978009291 7.69987518305792 7.55929915820943 7.95750958912165 7.9656858654193 8.02273031377783 7.76632948966491 7.42924065612563 7.42952766395819 7.82220795253911 7.39191637185554 7.59540588870787 7.8862992856787 7.37751372176476 7.77319931660988 7.49119740550007 7.92107932282085 7.98210978796082 7.4749714422712 7.67435196502308 7.70093815601797 7.85567163761574 7.59765468282344 7.76277326018215 7.51589007807184 7.63550377793216 7.65619612032487 7.52801210541759
"677" 5.97053991337553 6.26932760048276 6.19587548580014 6.02428455254991 6.17022330066218 6.02593348555138 6.08934814847613 6.26776413780525 6.2314341726591 6.0423142966934 6.0948432344404 6.11677644495296 6.42269577809762 6.12841188035378 6.15395620970325 6.46164443336671 6.19142549115825 6.2585438699083 6.35249890295339 6.16128943252139 6.29309506119413 6.22497628708381 6.13843072142211 6.14561203365531 6.12865245556742 6.21209165043763 6.37374723372126 5.90406313129146 6.24099167542135 6.16577933066995 6.33448484819747 6.29092400833702 6.40146708914062 6.17387048939296 5.94526440316047 6.14523581425911 6.27545933166895 6.19917509317531 6.33300616109245 6.07264848988991 6.32161566786283 6.23820898221343 6.05893649906428 6.25705499000823 6.29328784423778
"678" 10.8132347260067 10.5363500564551 10.6954789523787 10.6881171197766 10.5580701297929 11.1107460964653 11.5886620058378 11.3266704493583 10.836911421882 10.9843203048775 11.0204051421959 11.0659167200796 10.9573244828995 11.0946278464872 10.6780785916235 10.5605928627902 10.974211887746 10.6075983596544 11.1482540699295 10.8217497283095 11.2433741184064 11.5119175125608 10.7717852803504 10.7351224354288 10.7953918457405 10.7868513102082 10.808878955695 11.4146126881434 11.1077646423801 11.060570236123 10.9744377247578 11.6487269015156 10.9849054617353 11.4297297189152 11.07771483013 10.8171448309825 11.273767833387 11.1608761373601 11.5796392418729 10.8753282849493 10.6906732757771 11.3263341695882 11.0477285946183 11.2911110025714 11.6180652199593
"679" 12.1101230973151 11.3211316101011 7.50980496743358 11.1554386299958 11.2713065378409 12.4376803994834 11.7018697686167 12.8542049569874 10.4196542697853 12.0367582620194 11.581406079101 11.3647864020348 11.9062063270113 12.7324502557042 11.4803808695761 11.6367679084453 12.2086032392042 11.4530406646253 10.5020411336363 12.6051072066149 11.7951051082551 11.3225645801199 11.5211366223529 12.2595336555014 11.9090265675141 11.7393692573269 11.9112576517398 11.6170165157196 10.5654438035579 11.4057790625937 12.6381130869892 12.0759815484905 11.2966397703088 10.2482089452423 12.1610397304823 9.76297990353852 12.2044236239305 12.0838464406926 11.9342354905454 11.1474373039238 12.3061666578418 12.735466202761 11.5039150466202 11.5468771047247 7.96496590841949
"680" 6.52648585468223 6.31927507537722 6.62743955941488 7.69382261454416 6.71686346471807 6.50342846243034 6.66535178270167 6.28119770832192 6.22029217309355 6.72922879892322 6.40038080621187 6.77762254056698 7.08762918759593 6.58355424219222 6.53152453984637 6.70789309021908 6.67436961858721 6.89665615548649 6.55395087229616 6.23412768920019 6.22446317303991 6.05720436354824 5.71844158635648 6.23888256114505 6.1492084554345 6.15340269502352 7.39775842009643 5.74513727060818 6.14578381695992 6.27642106018976 6.305052938346 6.47358848008929 5.91921537668238 6.28384993864261 6.20335359639342 6.59036745099628 6.53690611835613 7.36117227801236 6.52513613505539 6.83115958054431 6.30790022016062 6.08447517214545 6.14116933964305 6.5268987961125 6.13910874008664
"681" 6.4352283348446 6.56182432562754 6.2988671932326 6.23327955820106 6.32844790951723 6.56485151190901 6.207625162524 6.63085516335793 6.49006702793023 6.33520739195995 6.51558681097192 6.2724573096202 6.46868649216805 6.30194783631969 6.14907847329514 6.47470756431072 6.30281699638377 6.15274316780832 6.49419769777768 6.31573407162877 6.38081981352162 6.18211220380294 6.44099381846314 6.2335742955299 6.51145205968552 6.63649196682326 6.33666331703248 6.45608192408528 6.29012811171584 6.45581077424343 6.39952651642827 6.29947130313817 6.28866895733587 6.35147387666917 6.47426886739589 6.35854192214469 6.16433286126804 6.46985502371424 6.52573416602664 6.37250085769585 6.43681679734938 6.22818596780485 6.53161340487267 6.26694002902741 6.5589093472557
"682" 11.1434586163746 11.1060230027148 10.9182987642981 10.9375898409121 11.4446368629717 10.7954738742505 11.1838491122621 11.5558840846638 11.1405934659689 11.2051683645965 11.055598642941 11.1860260324276 11.2741407742512 10.7521849081499 11.3214488796919 10.8237717769615 10.9846284620293 10.9100403912414 10.8473128034786 11.1373946894153 10.7607100454863 10.8219180940961 10.5739429755492 10.785209099149 10.7437013118549 10.6639599671793 10.872847884668 10.809737527289 10.8586616948551 11.011529391289 10.7326707792836 11.070949124736 10.6523370460551 11.0998687071776 11.1640236773448 10.8745498540294 10.986950376029 10.8844403465241 11.288609880245 11.2694735317462 10.8690768813157 11.0060061760453 11.0845724201719 11.2036323927808 11.2205175957065
"683" 7.19524926941455 7.43188144574615 7.39956382498505 7.73661678166853 7.31320732661837 7.63768112351552 7.77000879192658 7.70482625375345 7.2491909172461 7.25130520845364 7.20339232298621 7.27433954577156 6.59588192084299 6.8303159233032 7.00178319051492 7.53978752427413 6.99575474490605 7.48810084955332 7.27504110472306 7.47456954500008 7.25457185595459 7.71837712775034 7.39466985688555 6.84911357638604 6.41388555366515 7.26009017703689 7.27925613109057 7.82389636857682 7.06415911434102 6.8407765340859 7.60486918917537 7.72993913708872 7.11239838411039 7.14771006698895 7.05701621209179 7.26816326159315 7.38346703749892 7.39950342389271 7.71834153896248 7.11065841317264 6.99898600191715 7.76719891507212 7.13356020608325 7.00135528067551 7.64986122449334
"684" 5.70695216693292 6.2733658339068 5.65470531596663 5.91291309235146 5.96715288393639 5.67575231947586 5.74214005932318 5.85805545276619 5.85284211866733 5.74502159483307 5.82437082384905 5.81633516468176 5.97030707876215 5.65440982032098 5.8677043717322 5.92632803943103 5.83707420572433 5.873216645748 6.10272126305599 5.95518610177465 5.94010547440978 5.79843208606388 5.77431635645789 5.85340822932854 5.8179988846596 5.85312554898365 5.92246071948342 5.64858574832572 5.93345027902843 5.88868200818472 5.81450667966065 6.00433963115762 5.91370137283907 5.78285438103706 5.93674174163991 5.98297722468247 6.06965886805111 5.92025594552905 5.75588766525423 5.95226114205182 5.95338984979017 5.80052371136495 5.83075412553197 5.5502271608441 5.84335655971371
"685" 6.91729936218688 6.34001806448816 5.96775280894531 6.10961029087803 6.31513722211474 7.5788063349395 7.13588712043612 6.3900532657629 6.40613325016871 6.48633183747435 6.72451802676764 6.70686652936131 6.2641962689712 6.43711586712498 6.38214917487848 6.80278840606873 6.69881113649536 7.0967834909447 6.93941621924424 7.47685212788976 7.50863135093529 7.57316565623357 6.88012889258838 6.61948417167086 6.56479338864516 6.89297871291157 7.18580559358425 6.55170396567264 6.36209824072184 6.66129190824276 6.94809373906976 7.18925052706232 7.77472464715778 6.85621312112508 6.39628023590123 5.93123089572631 6.41844158692194 6.6704875575344 7.20475325829789 6.80094757795117 6.83979390780606 7.68215379839724 7.01184468862177 6.75655477136212 7.35464892924495
"686" 6.24383055748379 6.16039885580897 5.94888330722761 6.08651987271272 6.19039867732378 5.99326586286343 5.83153034222174 6.18006612341312 6.02035456165061 6.16509925706082 6.16908685120239 5.90808885251738 6.05403612179277 6.19182390005116 6.10785133375767 6.07096763640563 6.15279419821654 6.15372990280827 6.12070877257008 5.93954086477956 6.00815224466404 6.07028055971233 6.11821541588802 5.99417939154111 6.04247141911193 6.12258830887399 5.72713836437945 5.99286632476777 5.94333674691455 6.2316339134983 6.19815270324789 6.08058774381322 6.11559686454007 5.78643191640965 5.97296116187225 6.21201833659198 5.73982800619831 6.25678438042707 6.10574230173617 5.83968207923499 6.16787331292637 5.94329295102447 5.92315594112544 5.97459383865172 6.10882283817868
"687" 5.97490295059241 6.10759189109601 6.30569215177573 6.07655469913288 6.22908445998872 5.87657383835405 6.07134879023373 6.00518782904783 6.12452034787441 6.0125117498179 6.26960892767208 6.16727063185338 5.95044586781155 6.05334717260248 6.0265741172515 6.27184793413891 6.05435517541779 6.01425260844495 6.11920586194969 6.02010885562524 6.22281936684747 6.2363347267932 6.14638137698366 6.20770945754386 6.08716574285935 6.01348529378363 5.8381908055084 6.01834521811983 6.11188705983993 5.96466988096533 5.90838192721822 5.96454369022438 6.08082646253783 6.14436679015893 6.15869534992691 6.17580789584161 6.07075981511901 6.17978788021385 5.85386638949239 6.19782102972682 6.16126319471117 6.10191652782335 5.95566015279089 5.97433041855752 6.17026502682324
"688" 6.51185907203942 6.28996056216283 6.39622090238799 6.24179271502678 6.65012291135252 6.49756428116432 6.44884390384964 6.42557634306451 6.53996045367285 6.43116236417015 6.26378852764552 6.4963360754024 6.2682719651252 6.23416034573412 6.50942647234483 6.08818145557759 6.41610605875563 6.4040852150018 6.43156492867374 6.41174138616977 6.32254628384649 6.45728099826749 6.47774772229588 6.26819536144798 6.6442087350711 6.20502882807051 6.48101704158482 6.42675276739655 6.24147608952603 6.36772734573293 6.39460243600951 6.18921486214749 6.43275730823174 6.45279542153939 6.46994744477284 6.39826636904967 6.56806215757336 6.39925462275046 6.37864754393256 6.38205993210873 6.22691883258369 6.35906680261008 6.43911890717782 6.24706531962843 6.52650079016204
"689" 5.93804537772938 6.2124931125081 6.08483245877031 5.82957569409147 6.17115045352809 5.86064928032344 5.987680891432 6.29719552025027 6.09386010243275 6.14759432093484 6.01194676146122 6.22184623994513 5.96644327068903 6.16775250635314 6.0347432233085 6.13261623543089 6.26301581690809 6.05345723290936 5.94890043756102 6.03644696280671 5.93497967438847 5.92348932356494 5.98228560219112 6.1286173876978 6.02735619649226 6.047107397122 5.95335281978461 6.20351251126439 6.10292399508533 6.05211418200577 6.17657692080265 5.99605861079786 5.97843430122334 5.94453448639169 6.15697803058629 6.06815336286165 5.81684755491468 6.04853676317223 6.24531139601653 6.08240466201203 5.92399761952221 6.04512329513583 6.18100746751713 6.18790639588775 6.25630286382495
"690" 9.38584548809686 9.15475209717723 9.18277306676218 9.15186053874181 9.63377803418236 9.35543730021038 9.15899661485606 9.71829577336104 9.01568074448941 9.46174442434983 9.16094649869974 9.34197466452657 9.53907995256856 9.13158564900395 8.9187021673898 8.78603336517298 9.02638459249937 9.41155219403061 9.31986140405764 8.99583676609137 8.93958291701307 8.95707851483372 8.83075893086459 8.98735009896843 8.66051121173632 9.01076470467971 9.13588455758669 8.97057280478455 9.12152145705637 8.7378162202614 8.80267406604009 9.28886800534124 8.89300088766201 9.28296280980587 9.34749078728273 9.07367895152765 9.22065013630144 9.08829093503837 9.38694822698953 9.23413991365393 9.05188739521797 9.00804418204474 9.06893731391725 9.17885989368983 9.02626290253413
"691" 9.93987616181455 10.5707377320055 10.0788851187346 10.3529626445708 10.1754482466321 9.97538692490687 10.0371040425287 10.6201647199869 10.3326846104053 10.21864170523 10.5408999042567 10.6548907312733 10.1940801536943 10.7175628728038 10.6361342465807 10.3947676445296 10.4113997089309 10.2542803669929 10.5416684476069 10.3931926001353 9.92848551198889 10.4633102113167 10.0910084954823 9.92947246548461 9.95102987282262 9.56336264859468 10.2744344041469 10.0812352523278 10.1757400439356 10.0726113357814 10.0742926498236 10.2761124778742 9.97252279431896 10.2716055546636 10.1216192844402 9.73804824894602 10.063446716177 9.92233905617465 10.3113894023456 9.6751183042731 10.0274147387234 10.5606700792735 9.87343498010786 10.4756831466287 10.2583886226527
"692" 7.85516296121584 7.92157180525035 7.7712486932244 7.73586767392314 8.15152865995053 7.97798582030985 8.00261246487724 8.29008519471016 7.77836967228244 7.93507898137631 8.17765613462333 8.24931386375525 7.92773096022006 8.05281549475021 8.02611851599361 7.66883717201352 8.00260853871139 8.02269989981293 8.13365137887447 7.75411110488645 8.00503382597218 8.00125432915025 7.74777073543071 7.5631629245189 7.32970313070877 7.59117793978244 7.67112685793328 7.69660785028416 7.63568473995176 7.80723070673837 7.75967745750439 7.8621279274185 7.4587908366958 7.56640152976034 7.88695817458018 7.37322316215148 7.87744565597861 7.72733319585728 7.88112055546701 7.4432542231354 7.35283186485368 8.22603802903052 7.65663012940945 8.09132171350135 7.54817476896589
"693" 6.85006592121461 6.62217108397189 6.10022999664212 7.03522390788693 7.21612470223516 6.84745300925054 6.92258309168971 6.41941817226728 6.49004933871722 6.87772859505963 6.59607770665114 6.76851437851441 6.92652481260777 6.56974872778439 6.53224309309817 6.57876812740921 7.18202684988833 6.5523032267321 6.85655760995405 6.55599149302603 6.60715891927804 6.7527489115668 7.24228471912275 6.60031043677813 6.45306020571383 6.60999616429148 6.36945353427296 6.50980573243722 7.00251751309623 6.73685464172571 7.51959033042259 6.58665270845268 6.58157259435748 6.95426869425341 6.90299551291829 6.67828972082176 6.81336311591205 6.5006572383232 6.87566930755782 6.63409111120079 6.56990397870233 6.44806958155652 6.87186219941963 6.67139379925122 6.74133687534851
"694" 8.354208838438 8.15165496558565 8.14107056202596 8.26228820961166 8.27002027519489 8.35628978126541 8.56252425381665 8.58386118295928 8.32898018655441 8.0143140739253 8.40469421495431 8.29426090886667 8.38735228245675 8.38694414644167 8.25496671248344 7.68816603799447 8.2341251047017 8.16492169216918 8.38426302270747 8.30764335604495 8.47547198153343 8.54717127589717 8.30431628529507 8.62172332304591 8.22787287735958 8.10207963798707 8.48885634396285 8.324163665775 8.22913200035947 8.03159771717516 8.12535555495542 8.49399751810791 8.18729076719399 8.43010397428964 7.99073236910226 7.95552095362588 8.32408302826737 8.52291001820804 8.34105061325856 7.94772556336503 8.28915163851038 8.21286053232437 8.32350145543385 8.21472996666725 8.13433480984022
"695" 6.05038586343232 6.12697631107364 6.14654793443189 6.04858332687447 5.98869387685814 5.91690602878189 5.92294121024258 6.19284555125263 5.78640072402574 6.19651265332953 6.06859022109427 5.9478110941577 5.98726491096618 5.87892126867489 5.86849341981427 5.88059307929799 5.91405189423702 5.92341046403718 5.94736745766652 5.71658303757771 5.99653811874243 6.07626665143551 5.95109630263376 6.04695858348057 6.02724258541675 6.1351626057467 5.72274519721285 5.90360958449697 5.99757431690192 5.83136031596376 5.9811039929221 6.08248100073688 5.84250890990762 6.04450300046674 5.83210508573214 6.14685215031952 5.92201737118839 5.83613818835267 5.83156662105512 6.03003494445236 5.9877351271877 6.03420903854429 5.94731436684473 5.97090388334497 5.83870255363874
"696" 6.59221124850636 6.43858572005684 6.05538875157548 6.51080994787656 6.70051757836233 6.56196595224207 6.57292657835423 6.46355400699091 6.21031581994641 6.35564964187513 6.56282703944695 6.53440807911943 6.67137927569295 6.58001266944163 6.3526917894161 6.43985760528299 6.64300966621996 6.34435346834053 6.58832188422701 6.44937727989926 6.49849155199156 6.45298729926206 6.34222617437669 6.61290709430373 6.35163328296708 6.64124508127389 6.21606027023759 6.27260026376526 6.44978214688152 6.49748602680239 6.56986769688022 6.4066530354341 6.46993972708406 6.39327184838271 6.41011451522809 6.3945819211294 6.46049573231112 6.47510849386023 6.57716113566209 6.51404719660112 6.53704080389846 6.45023053179142 6.38739120330829 6.54759836099269 6.75296626670399
"697" 6.01830309185392 6.34472103353429 6.08945759256952 5.98463530526974 5.92416843130773 6.76052412840406 6.42773410637717 6.05852982585319 6.4454836125266 6.16112126666563 6.13957016825135 6.27297923148328 6.25922323267751 6.29126454276097 6.09487769788102 6.64120087601471 6.21301663085541 5.92199580569809 6.16785650977851 6.08228044065336 6.10740214327334 6.03285406952697 6.16207831677829 6.26756435377465 6.08961580839971 5.84045738771557 6.06865076162225 6.03403565060889 6.0605036385053 5.85766161248068 6.09759226791335 6.20610754774489 5.79362102870285 5.93772915575305 6.13548406613844 6.10933178468843 6.09525579783454 6.18741194432481 5.98919327731109 6.07664402840004 5.75553291702279 5.96525476553172 6.03243215817738 6.03976404799457 6.14152344250855
"698" 5.95095345809713 5.93175445881394 6.16186551708625 5.7779124826357 5.74464141193534 6.03522741965745 5.87092664478039 5.82090729359014 5.60859252018951 5.85408207816551 5.96679392902058 5.80164328741802 5.78688918006272 5.97041562625316 6.10714674603332 5.82637620243986 5.78057537033471 6.12148589036075 5.96174139245564 6.12847895803467 6.10008405778763 6.08428865578037 5.90485672251194 5.78769055965853 5.86952806692209 5.96500800547459 5.93480116300395 6.0885988374089 5.95008689615423 5.73278635766235 5.85408430578637 5.93768207408888 5.9991393921757 5.71907754163861 6.12750569113059 6.05058932900355 6.07434406505235 5.7591360588571 5.87400773798757 6.07097732686647 5.96477518527609 5.89001421328698 5.7711184488491 5.91298628083893 5.98884110886139
"699" 8.63479884298524 8.04010535333169 8.46582798437177 8.32678100808088 8.45826669227177 8.38989260590678 9.00377105158175 8.94601157089753 8.33015469088308 8.61880975136833 8.52805553681589 8.5436302001598 8.45123702588835 8.28180841985582 8.51962992776748 8.12345164372184 8.50043907823135 8.26785147907701 8.62215056021501 8.87240177511079 8.72410994967848 9.33220012563826 8.59186964608624 8.55715883325782 8.40710694745121 8.15769520862251 8.89509033803221 8.79472033770989 8.47360059233887 8.82821616268505 8.60684819321359 9.09633938246293 8.53971544971876 8.91530275054257 8.58466680668449 8.10673594482468 8.67021228618109 8.56619275096644 9.03395041150774 8.68919332105378 8.56366538871143 9.15019412881772 8.48923717015112 8.93865550908758 9.08467627920816
"700" 6.81785944080176 6.78272140957659 6.38593678622637 6.50583769418919 6.33585708127292 6.38245954121367 6.68129826951064 6.20964128873126 6.68518954846976 6.5401388776898 6.68091124905024 6.48705476460052 6.6971917622938 6.56037274438704 6.45313381718065 6.70614224414236 6.38026745486033 6.49196912832158 6.56291154895195 6.63405644720489 6.65975967785316 6.62287705511506 6.65323488855959 6.7613953296463 6.42945503141175 6.42010909649891 6.24197264161995 6.46064425618649 6.51885945351584 6.57940377600816 6.63709063622766 6.37043430643016 6.45584266330942 6.6159775631241 6.54386491398712 6.48830653052055 6.4804296134654 6.41092995228995 6.67112468496464 6.5650035910493 6.63793236545242 6.59789128596857 6.53574994799541 6.77419749625385 6.4672300987132
"701" 5.88096479604595 5.97940253046858 5.84260901270264 5.96231185369351 5.8719471112525 6.00206832021124 6.0700914366251 6.0454034137905 6.22270505301224 5.79594779223686 6.09004329410956 5.97417951996 5.96549681258643 5.90936241058083 5.83788242051255 5.95513998661103 5.94805457345767 5.92040481234589 6.04191699578849 6.18535510107943 6.07550803218512 6.05982888769809 5.9802494855351 6.19854946693483 6.01862748338132 6.02492860542324 6.09430837946118 6.04102576767643 5.96862364989847 6.05923336155571 6.15593399020652 5.97897156871318 6.01669476442575 6.02500782337383 6.03905866695201 6.14970323755626 6.03007879368021 6.22861223571622 5.87761653314851 6.16517165191507 6.05675807345657 5.81629930526544 6.01058897979891 6.07605804852857 6.08262396638128
"702" 6.03035616789053 5.75293538597113 5.98354371555994 5.86240853532052 6.00547030162639 6.1392412360919 5.9289156384657 5.99839373206877 6.13944085631597 5.86811534842736 5.90046649982278 5.98305182660703 6.08131189753992 6.02296538324018 5.88890120042536 5.859005257067 6.02022214267574 5.99837030832061 5.84681843390653 5.99101770135602 5.74064169897551 6.02686937295769 6.19388636896042 6.18571888922938 6.05112541921602 6.18411246178869 5.83605948065102 5.8923307032155 5.94273171499686 5.81309086309519 5.93898934939324 5.83301840571648 5.86118784488159 5.91732911409164 6.01377132469421 5.97183245875875 5.95226133802054 5.87832402512134 5.92535755183497 6.00461242759166 5.91898305950327 5.85394104745375 6.15928317941645 5.99115269997509 6.15391589029291
"703" 9.85060368804574 9.41162048021209 9.4456109619891 9.48940184503382 9.69190990878863 9.3663620621321 9.86834345437073 10.0893483574788 9.58739138072453 9.5674059657192 9.61574142537623 9.82636110326352 9.21609876793 9.51002996054741 9.76488294582116 9.3219373806971 9.43810295657543 9.46447595733762 9.71282249519889 10.0111916750689 9.83395914521587 9.97616211634524 9.49765014870469 9.42065646951337 9.63070671670802 9.78621940411391 9.71378669420544 9.36443626136532 9.29595580341729 9.06488878111372 9.37224819664218 9.90560620625586 9.25494280212464 9.81394442572634 9.48138586446413 9.17648972491289 9.48451161481041 9.71442178626305 9.99732001930106 9.62528838069735 9.23795227159667 9.70959497000707 9.56234982437829 9.81449517726183 10.0017098446013
"704" 6.18108143570331 5.94457600903297 6.05723983480929 6.22863491663023 6.30645808025058 6.07905901671845 6.17454641154209 6.30529099236058 6.18345088778411 6.08786530534544 6.18372257208718 6.4316973402104 5.98638711852055 6.28391707144933 6.22597040574848 6.12961918432817 6.20629065616626 6.17107252647738 6.14863817214771 6.13888644833529 6.27375524951669 6.37320041316627 6.22273994003283 6.19098511639623 6.13701222310104 6.28541090321145 6.42042813031417 6.24481991271372 6.12997512064147 6.25183820802627 6.28519087269173 6.41413087807786 6.07626254359004 6.28404597505246 6.17175277715954 6.15896977669066 6.36423685130237 6.46903203264295 6.45037469126643 6.24225102434685 6.20955522439249 6.15323099448991 6.12455433902265 6.10902870935363 6.03605207649896
"705" 6.14409106421175 6.28933180491928 6.09948313508309 5.95431010912125 5.84080563786432 5.86816888521956 6.00056058030517 5.7284260679114 5.92094403774805 6.1759358262736 5.94422147759649 6.07681445069732 6.01030956080082 6.06276550987122 5.945075241393 6.25149332385976 5.90240642122828 6.07256378850063 6.10918880177992 5.93607368967602 5.77143320094364 6.00606578700531 6.02727658782954 5.83063040084002 5.93140351804854 5.93646977524201 6.14940074661881 6.12413155355587 5.96589955414635 6.1153070401681 5.88978572826336 5.80100981951428 6.03398831532216 6.07893098793295 6.01112251710611 6.12737947563883 5.95802970603136 6.05175304181051 5.92195455354535 6.07467516450272 5.93258439795734 6.07323889018732 5.980184688336 6.11212038382952 5.98740115077325
"706" 6.45638024638777 6.55356484302194 6.43992033833152 6.81743575456225 7.10256086452993 6.48005471604164 6.5854168591708 7.08399928578308 6.85179297321012 7.03146042686425 6.79640424226406 6.85726029804724 7.44104501031913 7.35036730005632 7.46478381039086 7.14083419487125 7.73653034951432 7.38790930482764 7.14530059096712 6.93960410048999 7.37489732438918 7.53236251275194 7.20430060504445 6.798450439083 6.61802359589339 6.41178999167968 7.05569930466733 6.91883901891667 7.05773700340057 6.9987567103668 7.12791682253863 7.18139728328595 7.14457362530562 7.16529610475296 6.76920474984523 6.97127943380073 7.10255879050283 6.85492605868195 7.38119921395457 6.75481464596945 6.7788847640209 7.49203590678235 7.06494891947419 7.40198459611889 6.33435951276056
"707" 10.3094846165487 10.3267399161521 10.5367729293668 10.4180649696459 10.2443199132435 10.157566420243 10.655220314571 10.969964135382 10.4006492095028 10.7681919389094 10.6897416126999 10.8533909054722 10.3848982658837 10.378799869261 10.6105301069118 10.3488046126865 10.4415242123829 10.3340362450541 10.8355569620407 10.575603553185 10.3602699442499 10.6890840258926 10.3962554049319 10.2882434270993 10.4869665599366 10.0828146979849 10.2263354413315 10.5679754186889 10.5914076646239 10.7530472760644 10.4526621524719 11.0373076659497 10.2067690723721 10.599929331195 10.8998033989088 10.1202004273235 10.9491290525078 10.4125954484162 11.1167283635887 10.250201553652 10.4342179705786 10.9676561589588 10.5070714376575 10.8875874523154 10.5444508548202
"708" 5.94059802364106 5.84952131715708 5.8842727365522 6.01531724489621 5.73343787384318 6.04406465265811 5.9313569934733 5.87762005492991 5.81358053327365 5.83662874409654 6.08065911543763 5.87202182907265 5.80830030525228 5.8950665841815 5.77897294116791 5.79757389918038 5.78350589323192 5.73289571280455 6.05044703260612 5.72977157619271 5.8785072722375 5.93104970153072 5.8453412688052 6.10769590456257 5.9016495421292 5.86353899375657 6.03557255152552 5.91942572128333 6.12444831459265 5.92219624042181 6.03324979248229 6.05187522728746 5.88375183715368 5.92482399843106 5.95006064178728 5.78438785328193 6.00022738287914 5.93732964719646 6.094565637509 5.8394317890683 5.97367429189172 5.94872066685696 5.82579611741802 5.94764496790906 5.83213886224044
"709" 5.94237168713054 6.02738269431318 6.84951575884401 5.996440205742 5.80987604297119 6.08063328267842 5.93970534276697 5.9714880915413 6.11429710006491 6.18248314443092 6.35321265841481 5.88925224571029 6.31854471093447 5.9264092611545 5.99406771576642 6.22182285441815 6.1878488978778 6.0985528525009 6.1208922510576 6.16136698422914 5.8443133153283 6.18714270556724 6.15534839251277 6.02698540753183 6.25327598437466 6.26869139067004 6.11696542624371 6.12310081608913 6.33139377640472 6.19237358410688 6.16369870741389 6.03933361798577 6.30000938636653 6.17619595239429 6.12530070764751 6.07970647078199 6.4460249455639 6.02124660553922 6.14772669938657 6.11796604157808 6.3047418643422 6.02786064902247 6.00654235767152 6.01097221612868 6.14517604752092
"710" 12.6767628947039 11.8714246679146 11.4508786113683 11.8687829550524 13.0943809711746 11.4435830388877 12.6978236590949 13.3967295796334 12.5204142698951 11.6422898325361 12.3740465263854 12.0369950207531 11.8669776708951 11.9249269007188 12.8435176451715 11.6830951811225 12.7610562020438 11.9965751685807 12.3857969421345 12.1807296253076 12.0125488531892 12.2291469799106 12.3612929071821 12.0656889569748 12.2097088138514 11.8852446261215 11.9925579483669 12.6157728367517 12.1991492065841 11.81186614063 11.1405044944721 12.4207421738852 11.7467491548411 12.8272717242659 13.2782078039832 11.7838671322203 12.7936755067765 12.4543428260966 12.4648905230888 12.3168265886878 12.4356488644749 12.1245937368414 12.5614832431273 12.3564557244084 13.050263603958
"711" 5.86037202176071 6.03066115804529 5.97185019917471 6.06570670520978 6.23347654064603 5.99779922446854 5.98763276768155 6.11821458785583 6.04726020845712 6.14159887652311 6.07998754497088 5.91054971956878 5.99546808013751 5.94466143017506 5.98202036734602 5.94013697610265 6.12140743951486 6.1060712927908 6.19781720134352 5.87678610393765 6.11676458798483 6.1747736459138 5.80442396699538 6.20893461942364 5.78829991803157 6.1082562527927 5.99473158179702 6.19133337476282 6.04713020746013 5.92948302398928 5.92663524404626 6.05259144477525 6.05355743788552 5.90865361706973 5.97590100425299 5.91958872966143 6.07066995609306 5.94924665293389 6.20762964952957 6.10608405579004 6.03101615347995 6.00342962269231 6.12077383515927 5.86585230083358 6.14893684258725
"712" 5.8773720525846 5.81641194365472 5.99964592641396 5.95288054096906 5.75023828106076 6.17231842361961 5.9988257629734 6.09028939015817 6.08796735131306 5.9821398689821 5.84559146310559 6.06835422646197 6.23549970453785 5.94410561461019 5.75837172951631 5.8976053630787 6.27264636562441 5.88716754106492 5.89218662793226 6.09753447630004 5.99517774556031 5.91270393206204 6.0712782384686 6.16191157865098 5.93605837555826 6.06454268912287 5.73497423958613 6.08957660113972 5.89361407041111 6.05500746372389 5.94517161393952 5.87889534290012 6.0995270912383 6.06115080640651 6.04574164698764 6.04050563495088 6.01126741421903 5.8315951563373 6.06981388105108 5.99521926358192 5.86975854678452 6.17902767628825 5.92801966297796 5.86011878876276 5.93151227234272
"713" 6.85882064042887 6.13818979507927 6.24371946900124 6.41855678162046 6.72385942959293 7.02787952983107 6.46503163350524 6.69724693764541 6.10709007401325 6.28828368366674 6.4658213179298 6.23903591664737 6.4887545084869 6.25926183943924 6.36728668693097 6.25472995267297 6.21716554359692 6.29808169674871 6.43078628076477 5.86685943343198 6.39554860934578 6.08942119966573 5.97546018216722 6.06008281485136 6.07029198840584 6.61021648987976 6.4326374532394 6.24278912438072 6.30315525027842 6.43579687600268 6.66006007374116 6.35217191324115 6.56292231112532 5.95315755493999 6.36471271353447 5.9928945743356 5.96617807365235 6.39396503070606 6.32878817965722 6.03241789913185 6.31945046540257 6.93922923566865 6.40420272939618 6.29573546386805 6.5121475851091
"714" 9.32287518901563 9.487444361276 9.20775550426078 9.53923813893028 9.46890274993389 9.26501181210284 9.76572856752145 9.95841345681355 9.24349275570155 9.77322127318904 9.48420186199844 9.57294943767336 9.25459615720272 9.38092690467223 9.64422435641919 9.29231393054489 9.38649826217645 9.49653675010055 9.53200098289584 9.38039481469258 9.63573379971568 9.70048485239109 9.41040980649187 9.37908841946885 9.29041205794376 9.02215846573624 9.63696115164172 9.55234977874412 9.54695875943416 9.43681472991704 9.23262596917904 10.0185671446726 9.34751153743266 9.5022889938722 9.46121496162972 9.21285448562687 9.38428308775981 9.47544869817467 9.92634812898651 9.33457017714507 9.3076660249809 9.8526651548435 9.34198191971655 9.90239088593053 9.85810885862502
"715" 8.20510590272738 7.57809225455731 8.59097220636446 8.01133371307818 8.46170321706478 7.85235641197568 7.9000243309239 8.37562216760366 8.60691293201456 8.14437658694968 8.3314881071656 8.54298376386049 8.14625612055166 8.41523929510124 8.16914907950181 8.66421166585075 8.1204529648661 7.60510552435671 8.20179100698584 8.49093349208592 8.86357528884772 8.21374989793947 8.14679226815525 8.60970149347092 8.26316748451884 7.66929287202781 8.76569482230439 8.31049097598886 7.82443086063345 8.06569779300264 7.95222741174581 8.07658032187997 7.95776454557512 8.23611023780989 7.86828238722986 7.9517384789187 7.9216315300315 8.01869881427757 8.63810042032337 8.38309883291492 7.76521505689674 8.25519530061372 7.94872462375638 7.98177672653832 7.71953750444178
"716" 8.92340431298773 8.78906343209791 8.70650241134029 8.7182526507437 9.24645422760173 8.8949732915001 8.9950769248608 8.92304490672612 8.96852056384794 8.99689617957099 8.77229633799458 8.95533635144571 8.65489331740716 8.76812226030968 8.87494536594225 8.64468688668995 8.67342365913239 8.79823402560097 8.79590223087205 8.94339334477869 9.26556887543318 9.45314431783132 9.05226676920666 9.00223872477415 9.02001909998901 8.81647295267254 8.88243254754355 9.20599336383214 9.00189416073874 9.07532484204023 8.8958735663184 9.19761456419499 9.08889638299522 9.12851674444043 8.53575752403934 8.78232338567998 8.93792400784699 8.87571674046449 9.38492428204126 9.08155544068016 8.87042764501015 9.03682401767787 8.76883454434055 9.08104169508894 9.01934111830133
"717" 6.65979299962915 6.31315655238333 5.95696721716057 6.25896251807836 6.82914582280854 6.78772567165589 7.32376368922108 7.05281928550895 6.43843226821948 6.30757764215963 6.78780119550956 6.87008665867663 6.46460389608901 6.2760738752761 6.47848571618208 6.52284764495286 6.77190096842148 6.28557612802606 6.80377949696021 6.91348024851006 6.82946959593865 6.95899865635798 6.56358119984889 6.51513406975709 6.94146978241242 7.03262991720828 7.23850538645081 7.26545625607187 6.38506980690596 6.57770997209843 6.54068391131238 6.99815526636108 6.50182061130553 6.48839486313631 6.22696343618085 6.40241872281365 6.37109340847028 6.52053784941159 7.4198579442113 6.29931375917715 6.39157366354337 7.06353973098627 7.15788779554671 6.60194194975441 7.23602107649171
"718" 6.277312671962 6.18484244430002 6.12617730742141 5.96898570730275 6.16218387364056 6.04885605835567 6.19342907926094 6.3051531464277 6.07031617630259 6.25348903549117 6.10798037113755 6.03226370709635 6.22413393751348 6.27884119393928 6.12338373806782 6.30726699392241 6.25465061977125 6.31872400441812 6.32867922102627 6.24499257846984 6.31804902289386 6.4452850087479 6.38164266514401 5.9432446532052 6.22011655532593 6.1841834804841 6.17939277637858 6.36171507028662 6.07347739434153 6.06363199296458 6.32849386896253 6.39422655172762 6.21028323673665 6.32112683308499 6.21492425673372 6.06921510656614 6.3404028005883 6.10345568178281 6.17040556727785 6.16164708401465 6.00551606493491 6.03150614947281 6.18405395955846 6.32362389157129 6.05401625284558
"719" 5.9774337649255 6.22476644306319 6.15857454558708 5.90640005130353 6.41149765894423 6.12571824975382 6.01113048450215 6.10227858682748 6.18357910836746 5.99718761381761 6.07216612976721 6.0517886348313 5.9927449810697 6.20527281368495 6.07914923675027 6.06603385933124 5.97631413530432 6.08918048295519 6.061996709913 5.97556890612051 6.08562101699642 5.91652494919991 6.01785844362918 5.77312634821068 6.1108769496231 6.06675452237851 6.21691689418126 6.07935786333597 6.00932776813006 6.14229760887215 6.23205227358115 6.15372818374726 5.97848741811467 6.02351913683137 6.05477968866626 6.27693350239381 6.43584905702892 6.24485439409607 6.21368698953722 6.19388726359703 6.19491608543919 5.96527977014702 6.19208423785044 6.30731141889998 6.22382723602991
"720" 9.68264644192691 9.15378642613691 9.1512919537398 9.24737259425607 9.27778478936102 9.37705533138254 9.58862584886754 9.34380693326977 9.48913359700401 9.64999341431745 9.33444062263935 9.63373919077786 9.45790346606694 9.52527918399196 9.26855318274039 9.2498543487604 9.34250214518734 9.29812612013889 9.48804343679912 9.31441675706458 9.52901028726838 9.60810756533913 9.49251251197322 9.09897681775754 8.65945991988607 9.00913229166952 9.36735550045719 9.19456781210794 9.18525130325501 9.11357802564664 9.16514848601923 9.30017646122385 9.04864434520963 9.56047281746543 8.66316958798274 8.67591782491491 9.0260641904493 9.04542406233229 9.51281892416434 9.18149377971205 9.03689691601241 9.56393619422262 9.191908973005 9.5855304020311 9.55819877529382
"721" 11.2731258992713 11.7652378902688 12.1010262439537 12.0829929352501 12.1969048830745 10.960513941008 11.3481784282338 12.0076308570167 11.6474062326366 12.157030467535 11.9723899845146 11.8109587667029 11.7175717488073 11.5882665474269 12.0110498059996 11.5497727287779 11.8623329383902 12.3473259393398 11.8706824906464 11.9341691767858 11.9939014777484 11.9354231693532 11.2801994812487 11.5155817091079 11.2068493425423 11.3580153049144 11.3922216287311 11.5991092134056 11.5318114793437 11.3110764981099 11.895908760569 12.0993609088164 11.513729124381 12.0496445886379 11.0456890115275 10.9911596507945 11.1432973184224 11.3945414435245 11.9486913132295 11.2869676373863 11.7256460235548 11.8263991844591 11.3582306804178 12.0855176133441 12.0190151341077
"722" 6.69366162263513 6.63942800481131 6.24759868085222 6.66145478956814 6.56026496320189 6.49850468488501 6.58575074088566 6.41363216576413 6.47728041119813 6.71109310183884 6.63339604087445 6.5361164109033 6.85884427081721 6.54729086408303 6.56285661125814 6.7270281558211 6.70161291537455 6.78594885511726 6.56845661628116 6.892954398774 6.96717724963901 7.02577783974861 6.66202638071523 6.78140783378928 6.91493897602007 6.63149470039938 6.90774584792373 6.8840576276514 6.6308051701812 6.83853527260118 6.92699579517539 7.02445250651055 6.71623367847741 6.94360358777341 6.7395644243905 6.67024257010969 6.71431166406091 6.78135370421384 6.96181432729979 6.81453017397069 6.627632822872 6.82546162567232 6.70390787449263 6.86964396274657 6.7367647698464
"723" 7.05531118025215 6.78170897442686 6.25061754412565 6.62336819727259 7.08721413052268 6.54750379048008 7.04297009061503 7.540819150701 7.55098792666469 6.51586119609706 7.01402172589381 6.95082400939142 6.77518285774425 6.76152040944333 7.13598417817221 6.1880094833906 6.52113709559434 6.80440188884287 6.33866449223877 6.59143765388769 7.02683504964694 6.84963708923971 6.68734195786025 6.75090981384291 6.47073461891578 6.2571977788285 6.57719693191985 6.20341621052728 6.79953013364719 7.40176837543186 6.59080774355091 7.59144237379068 6.96509451072748 6.90417131200783 6.5528396348737 6.81553583724702 6.93390690460383 6.67356747998557 6.88840249401361 7.4273621463393 7.2533100868871 7.06791810887886 7.19287976744138 6.99918501606396 6.74898083703312
"724" 6.19640188702657 5.95225020179704 6.1495302882252 6.1030271329126 6.12356466483093 5.94757486301669 5.96339279026415 6.08042135874615 6.17314013006774 6.11874551838525 6.12466449232835 5.82685749668498 6.13317301668647 6.11063356155274 5.84492673406139 5.9894832012521 6.09234934248409 6.1271932498301 6.02654180466719 5.96180453858416 6.04955666250251 5.92546777213321 6.05974560874129 5.95672908092448 6.02498928923438 5.98517336095003 6.09972200505782 6.06265303740024 5.82869295503529 6.13021645390002 6.15562477848376 6.0151638859726 5.85604023700498 6.14714994820783 6.11640274456142 5.95950832052355 6.16336312471556 5.91714956108542 6.10464139020737 6.06738363834811 6.02379426565807 5.98794668749699 5.7496447633762 6.00801650369579 6.17187304996914
"725" 6.94612597811235 6.74628932440112 6.59048579435649 7.34968083005452 7.01184615919013 7.01677385936168 6.96200562259432 6.82322704406052 6.77640312863906 7.29353785679315 6.90928653955702 6.84508265486506 7.29997228204317 7.13518979181743 6.97213754004775 6.50410502500289 6.89555303300316 7.25138313595669 6.83260594119778 6.90287383239666 6.9988334266125 7.1243438703709 6.86480783747457 7.08766508800231 6.72258746243163 6.82982242517955 6.70420924869542 6.85837347581841 7.03826501122861 7.01860978153058 7.0270456368407 7.12306499436718 7.07683992770238 7.16205175953608 6.92633065082644 7.08551924823713 6.76909292206845 6.92250096654504 7.24322939206303 6.76203890877836 6.92490851310113 7.05571689157724 6.95729613197171 7.22782465385612 6.75030937685843
"726" 6.05267131774596 6.09224273040314 6.11227985629515 6.04548627108405 6.22483374110271 6.12454137783192 6.14121094864457 6.13113894484433 6.08098018168156 6.11129430220277 6.09419625013992 6.09788463789253 6.22061689954122 6.07366370039029 6.17122434461061 6.10996956704448 6.14281835199114 6.06030943651853 6.1623260847445 6.04041989011022 6.32244875679566 6.0053684453718 6.29067267288487 6.35478805106657 6.14619484489574 6.0046770981897 6.06658148991886 6.25232976094856 6.00906827215812 5.97180541111282 6.22864407629233 6.21243599203786 6.07963509965467 6.36163739836601 6.21772777320915 6.01801445063957 5.84253250604879 6.18957387850948 6.0480592767948 6.01762111312162 6.04278321783376 5.84602165140444 6.09381324590428 6.06573387991616 6.18234928992257
"727" 6.36558323681265 6.5601455135231 6.72193554351241 6.69333786550417 7.02044748661111 6.53113015879493 6.46708459112934 6.69963945383139 6.36066679710542 6.38540892902681 6.82745165545226 6.43512511560114 6.79079642536629 6.44348084645691 6.56637863002964 6.4002579075388 6.70499888760615 6.57803774770852 6.7450848898154 6.26573229528699 6.50595307063452 6.78210306596837 6.28721191158363 6.48621765625311 6.51214690212636 6.4228679225645 6.55632817093042 6.48443487316795 6.40212375183691 6.51972359441048 6.66238907751156 6.52237486497609 6.34670610047889 6.65254209499447 6.63668854757132 6.48227168709191 6.53270079567383 6.43742787604085 6.51471640481096 6.26605012588075 6.51535006621837 6.57519768931816 6.42360939186425 6.54839428820456 6.64051179927631
"728" 9.36248292091097 9.08927122805716 9.2006014836402 9.27811653449607 9.25702293814593 9.30807232962018 9.55423934335998 9.58937225713704 9.14786432504669 9.20994419370291 9.28363481131896 9.47571982673095 9.14122866455811 9.27071915603129 9.14426153595395 9.0221321492716 9.23183227419519 9.26071810247492 9.50251806981195 9.2860221952311 9.61364735208055 9.61415647379213 9.47817839316678 9.2188292555239 9.08233280215239 8.97062445814472 9.10477814780603 9.42569241799084 8.85064714904482 9.3268205936606 8.96389356522431 9.96223049252411 9.2571495285721 9.5707055978812 9.20806858362234 8.82635021858676 9.21540886538775 9.28377955920395 9.9200353682169 9.3565670698556 9.47037751250068 9.77393926693448 9.08916767392042 9.95362857152646 9.62027978463225
"729" 6.509680842183 6.65459935183155 6.8648581171071 6.72709349578319 7.19047592635992 6.6326811626687 6.68589111418065 7.28636908203005 6.60579996932902 6.74957838416214 6.87899793903709 6.54830562114914 6.50806546336094 6.79397361572966 6.9901036170943 6.44247903092624 6.67946307267955 6.54477518112984 6.68290973180041 6.55235115015654 6.67495033060295 6.62145140353044 6.39759944817029 6.59124393045767 6.53524417526963 6.61400400902225 6.59882690924767 7.10868568608293 6.87210823565407 6.91774202329358 6.94966857535466 7.15822374205464 6.52381802151542 7.13654104975617 7.59133817198811 6.61760761850358 7.43721710964746 6.63274704678705 7.32851176518788 6.90977800064738 7.21535504504941 6.70914250245794 6.70956615055469 6.90807443541604 6.82159395259125
"730" 6.49991925979274 6.66125889707463 7.34946182468701 6.84892131277372 7.3157387697682 6.67214188924807 6.76919746926961 7.59631541859769 6.61725912532187 6.78105196731415 7.06112599113051 6.6057691583378 6.74008892065775 6.34679901678172 6.63174560138221 7.9178671604021 6.67312179270902 6.52756619115356 6.77494460071221 6.90111901080809 6.65703132699549 6.63526863735293 6.85830070486704 6.83886251006702 6.71146849171166 6.59651555901496 7.2982333343667 7.33290368163051 6.8327774932533 6.84326793671005 7.31199766537804 7.06440299173173 6.65946664249559 7.13159389269687 6.6298086983837 6.82578614814422 7.45819777502083 6.98475958720363 6.75400127437155 7.21936905610681 6.78728534884208 6.63269710532715 6.393720319207 6.67548422727867 7.36280482544243
"731" 6.06341627153462 5.67799319892456 5.90543599809563 5.82440601061457 5.65719255952292 5.73492219163146 5.48232856925909 5.61336993895401 5.81268980820572 5.78795654608381 5.71996694294308 5.71288917114831 5.68511935838871 5.65669814983668 5.64147374194365 5.67507550677542 5.84177822342407 5.72992444556263 5.76348642461731 5.7513967643698 5.73329601989818 5.67983894668346 5.76503235615567 5.88617509002557 5.9504791848378 5.97184042422041 5.78109129650515 5.75751388807159 5.97828453226074 5.71890043683333 5.72505617543449 5.50843023327871 5.84434309162763 5.69388930221903 5.57229893220755 5.71226490408066 5.70658115481032 5.95371579710392 5.94270080999165 5.73119755241404 5.74495930372587 5.65982958400457 5.75185371685992 5.87295647246704 5.65286715246061
"732" 6.66635760604607 6.63507354107202 6.34994779839592 6.77773007482727 6.31667748642302 6.57124125529251 6.78818065533726 6.29224714152129 6.93820466672021 6.81451690952199 6.38010885585627 6.70269625938399 6.48259435175615 6.21189896933616 6.56946350714981 6.69109238759229 6.8141818544938 6.43678317566075 6.51459648343795 6.49388796039433 6.3110939445161 6.36040844765379 6.47261590511618 6.79275297208075 6.10827691542172 6.48278270648644 6.35787856252546 6.80955970336668 6.35682205011103 6.48361403441245 6.63669197169878 6.47373889624406 6.500017592451 6.79239434906134 6.66357094351345 6.79669555617978 7.06343192749026 6.71861113308092 6.40562730401092 6.5737160012825 6.94692097870981 6.87490520899926 6.45081427420086 6.4830368059202 6.31351068946492
"733" 6.11936018618612 6.17604135658962 5.65406097258924 6.04707127292479 6.00823722120701 5.67171873467533 5.95689967466882 5.7253781309642 5.96685364363846 5.96380376617098 6.06126644528406 5.93478456336582 5.91977690591001 5.9070614534808 6.13773680116173 5.94896998214254 5.90557839636695 5.85686259861861 6.08163801352292 6.02961044285325 5.91173624351203 5.94507275151835 5.84359786907794 5.94937086360893 6.00880877236543 5.83270078496186 6.01064577844465 6.07583139264357 5.96721110963059 5.93421671863469 5.9713190285156 6.04324215242853 5.95173071833525 5.88434929136193 5.84338859791745 5.92440405798004 6.13947012529983 5.94512946440614 5.85103950680385 5.87505278922111 5.87789947827579 5.97689894273995 5.95146280702514 5.85442350145538 6.10562804208267
"734" 8.07066622776661 8.01521422138294 7.85415939886632 8.22148817260643 8.35660977349465 8.65364177272017 8.37213290762758 8.42835587738763 8.14112885250107 8.32290255498891 8.5874985417939 8.12418573984137 7.86724424383259 8.56217841138825 8.46031800231224 7.82165393708057 7.94373161915304 8.30221526373852 8.17311109808367 8.3704080208701 8.71476223644715 9.04574552584669 8.59494332600449 8.04384236264093 8.05466306883785 7.91677557937141 8.98391066224528 8.33046252885468 8.32869143748087 8.39528169976697 8.42132358218973 8.99721371046502 8.78539158438108 8.86583084024192 8.60684940338455 8.46244381388322 8.51706484447529 8.35622741701504 9.12363214986781 8.6368839919174 8.65537893975557 9.25203822342819 8.78179275798316 8.80298002901952 8.90493139133029
"735" 10.7240501868924 11.016895484967 10.7714469855614 11.1539452920193 11.2318290505371 10.6365766740537 10.6541357620192 11.4402525733063 11.1690763790785 11.0499290919016 11.1988723089247 11.1045931463436 11.2293590137632 11.0701515645959 11.067490492974 10.9985182148659 10.9411369369246 10.8330237986708 11.0827333330105 10.809843183791 10.8487615533904 11.2824554941309 11.0029223165932 10.694786140622 10.8067781105018 10.2469821387774 10.8053490896388 10.7727698499565 10.4720642048947 10.977153127017 11.1357014425033 11.1250089265426 10.7423881232934 10.7451721271075 10.5830847253673 10.4449470532102 10.7230851636947 10.7136767426554 10.8895022036383 10.6098359661158 10.7833953548508 10.8914091267158 10.6472012450536 10.902335558435 10.9082982106456
"736" 6.79268317808272 6.76657612909748 6.88433761698478 7.09360066337237 7.29092700618356 6.62650033818266 6.88048020806296 7.41944395232463 7.19602703025434 7.33472931557048 6.85787186866649 7.11473320364943 7.04159603071678 6.86527418651132 7.06745716316752 7.02566154162755 7.06093538987597 6.71628890307187 7.35687711179175 6.94609023544957 6.85022019289996 6.88261545908386 6.62851776328776 6.66094820870318 6.42315904019527 6.71920249636957 6.94881005658387 6.54571074987891 6.99479437833615 6.7897211120011 6.64365407179202 7.05661489849529 6.72770393147342 6.8300266611833 6.85654397152664 6.60337060283107 6.67533193373126 6.68304419881287 7.18047180282207 6.63143826693087 6.73221776977061 7.10090717434787 6.65015516256913 6.9982212048546 6.94492407618035
"737" 6.3540659903805 6.21947970642533 6.20750512919761 6.39266606879105 6.09924341804932 6.15948269641167 6.08626509638672 6.12968416576642 6.18134099734378 6.22671715212051 6.17452302940901 6.30713126903564 6.24513104831983 6.21597964393102 5.79958383634794 6.11749341454366 6.23980260458187 6.20171991982053 6.2212117986951 6.16489759705017 6.28736481576048 6.25245585603932 6.28144594751943 6.24319392561474 6.07077132176383 6.08112403862312 6.36984016816262 6.25326348918677 6.15884713309714 6.10247233049645 6.36667061632618 6.26035655011498 6.31380406981918 6.45352332840737 6.19463270884674 6.18081817016859 6.13058476808141 6.22148771433138 6.40824111032556 6.25221651897684 6.11747665619424 6.32315568771296 6.24149839076182 6.29093003828523 6.01013822550556
"738" 5.95702654800838 6.02924061501369 5.99120202731138 5.94688892765384 6.00846540366065 5.94822162477327 5.78742606320667 5.84769900680237 5.94453843004273 5.99460621638379 5.900577445325 5.91200220457953 5.86395734060065 5.91310807491189 6.08496693500936 6.0637608959994 5.92798068353811 5.86779043513178 6.06953530856444 6.00663323803561 6.10962486166699 5.89814565965768 5.96110576365377 6.08375776123846 5.95545733702377 5.75613295166499 5.99517716040685 6.01921041377962 6.19823991095239 5.94745932065212 6.05407609005259 5.90277952566461 6.1969607512471 6.17604149279329 5.95646092021653 6.17760015535947 5.88791738687459 6.00924044016452 5.99767387239158 6.07536433651146 6.059320388623 5.86544548802453 5.91637389767986 5.82703308167451 5.94066998920985
"739" 11.0782621995981 10.5115829756247 10.2574655768625 10.3402841864558 10.2228366810826 10.5986784110526 11.2733282786446 10.5235224428499 10.3760088322105 10.2951021527602 10.5548593974532 10.5324493967365 9.98289383925465 10.3325398667391 10.3104605421548 9.96952803802013 10.3178402730974 10.2078692987486 10.2286181347645 11.0497272264337 11.0106948186563 11.3191750557096 10.5389991259048 10.675092807031 10.5477426453608 10.6003409987598 11.1754259426688 10.9351405273945 11.0217663039816 10.8011507746028 11.0447051985243 11.4173543915937 10.8630351895665 11.2795766699594 10.7127964110677 10.7691038086941 10.768995978575 10.9503862700138 11.6482963032754 10.6940022540614 10.8391475874101 11.0210044464829 10.9176204414193 11.3790013590394 11.1599728511684
"740" 7.16040687436709 6.9465489509915 6.61358246400513 6.96923640303009 6.95990913933921 6.77143939405931 7.00243501802606 6.67805769471693 6.95200731402053 6.89479195491808 7.05654306563755 6.94139065349617 6.32686708455785 6.6175773542757 6.84394946188254 6.39831384054793 6.78904597395467 6.78122248165508 6.74602016981605 6.50152365495583 6.86889141690083 6.74867001323136 6.79928771619678 6.50215064124986 6.70252734636741 6.64623259833475 6.54816024974718 6.56009434974053 6.94935861409817 6.64397220946142 6.45702722913033 7.00945308468205 6.96098563382433 6.76026889328778 6.69309864441346 6.35502039915172 6.87846451680262 6.65391936757733 7.11206054104003 6.73689374435501 6.55595266668003 6.88136765279492 6.56408428635504 6.97710807809778 6.82249165535089
"741" 6.01366204919167 6.08207270770676 6.12012937244016 6.12103655402762 5.90073711270119 6.00217354072878 5.9665254483802 5.97651353252123 6.24594939326065 6.18545071586077 6.07229397435781 6.09453601757289 6.075486225191 6.23173505770135 5.99755181421397 6.03098927003271 6.15943327573071 6.04769980274665 6.01457918118566 6.21997210535647 6.18861869029257 6.15265434504601 6.20083815461583 6.05248007387686 6.06832336729583 5.98115026185595 5.91294474941488 6.45493411763267 6.03071608827459 6.19743569727597 6.1798980727106 6.21835669543009 6.31343357734968 6.2243575913941 6.22773782519407 5.78724712683368 6.15501099267484 6.02944049879716 6.27291299258278 6.11724834223295 6.2419546822558 6.31959766470351 6.03749915428514 6.32571383561434 6.18044748072187
"742" 10.885713443101 10.1447822584288 9.60563107409333 10.2547373366219 10.345919405567 10.9806811653369 10.6205226032509 10.6976687619098 10.1854811254431 10.3263536206679 10.054026174042 10.7358490463641 10.1598992538577 10.1782364002079 10.2406535645628 10.0161471153253 10.3744548178968 10.6458785387326 10.8274358581682 10.4089551939208 10.6180229934177 11.245500576817 10.6235775188209 10.3035768023336 10.214223668125 10.553860280314 10.7303723197122 10.737408707404 10.3056540144059 10.500385027158 10.0740693711902 10.3440088521607 10.2475338518402 11.0421439406907 10.2252971192797 9.96667373121659 10.6329188402573 10.2787689394298 10.9526708965012 10.0310969576603 10.5131689470711 10.7401543516581 10.173265416709 10.9826669386272 10.8707375818127
"743" 6.05462082118781 6.13626417952585 5.84355503966672 6.10116513203611 6.33383193751659 6.01937560610652 5.99363829054663 6.00354716065854 5.99254112710619 5.95166685865852 6.0525326625958 5.96921281957268 5.81478890324538 5.68388637747546 5.91677065480174 5.87564801032457 5.94337139133212 6.1327536529636 5.83527527780746 5.80117756901954 5.83580986557216 5.81881769842106 6.00307940048726 6.02306899732228 6.00778343655361 5.97000814342466 6.32134901310749 5.88163177269796 6.14538122323236 5.74218880816045 6.14885160224503 6.04592997780986 5.81021498269929 6.23158818923437 6.07928286888009 6.01180446529188 5.97293598164356 6.14314341826771 6.01915065540958 6.09013161347266 5.94329627839401 5.66689550653915 6.12460650549793 5.776132892697 6.15102244178239
"744" 7.69549374324496 7.17464180954132 6.92141612971709 6.97139350774709 7.6366746366766 7.38199277991169 7.25121967384243 7.37308436020509 7.2564514955181 7.41297646273545 7.26766886365078 7.40513289770933 6.92805081097222 7.41331823909932 7.20784392338479 7.12192911741087 7.25293997328849 7.15818770314195 7.2708289885133 7.30843321928776 7.75554569124783 7.66462853745252 7.56914387323503 7.35099661376709 7.15792233682715 7.13730175705379 7.62006124700424 7.58978591170195 7.40186074419902 7.40496251097115 7.47415382286503 7.29678065683193 7.16908881072533 7.38817411365087 7.18177296296398 7.24927889871924 7.24289485364158 7.73991297141502 7.52559426750827 7.21660201498898 7.43106952095163 7.19054015450202 7.44262935245337 7.20494543970043 7.50382966774319
"745" 6.14924672965797 6.35151932539525 6.46187603724237 6.51370728087799 6.27156764048417 6.52947381933986 6.28137678776565 6.65377470694257 6.00634723057754 6.36824557295134 6.19795666897556 6.35246433127532 6.29827584751804 6.44746072440389 6.31943079076498 6.2320922068649 6.42592303806353 6.1961002982658 6.27160482574047 6.29561829057301 6.42717638426934 6.1434885335442 6.32120045388991 6.50220348714069 6.46774344287661 6.65392996408569 6.51750710933527 6.46535435658565 6.26754168059321 6.46158193905527 6.67170023469875 6.54148772711943 6.54525877299923 6.39493493874424 6.36083522643693 6.32862455580675 6.31808611605862 6.41057371168224 6.58079052861902 6.42912873414877 6.35471984756499 6.14911628480733 6.39328207394417 6.48372366466117 6.39797360139997
"746" 6.35520914660132 6.43060250610982 6.35748065022225 6.46174156226377 6.57112954882225 6.20748798514896 6.50907159428857 6.48998900996145 6.35781197600833 6.42242593302093 6.47070575407309 6.56312733364841 6.31231672939548 6.24875562477138 6.22106383650227 6.09889639868558 6.038988079801 6.20421556599497 6.31931549215397 6.24489987148903 6.31426066575369 6.05467425809653 6.59225421930545 6.2265090315497 5.94147448704825 6.29866558899631 6.21651429989546 6.19372263930928 6.38668990512619 6.42747351813473 6.25613565481867 6.22140630999469 6.12756606712997 6.3258075203753 5.97345120041051 6.14129426800804 6.32595151413492 6.14278304196134 6.22766116650552 6.04734553000459 6.23138290579665 6.27541390759563 6.29067890308745 6.44456173401662 6.20251798454977
"747" 9.47220752695166 9.09886117645031 9.24024954464043 9.42333160274034 9.98769662062627 9.37145685023849 9.65725551598662 10.1628096472627 9.31351458398825 9.8235632734671 9.70106930858896 9.58753126828111 9.71762566409764 9.42814443287148 9.36541489109285 9.33925580611072 9.53937424574522 9.70939438235764 9.75240161415702 9.58227819149326 9.63531164512534 9.94319389910364 9.62202137712255 9.1103912891381 9.13054145889961 9.16335736489604 9.44064468399226 9.09991625260736 9.10204450891313 9.67955221829105 9.39785389749504 9.92545491758661 9.29540304285466 9.65857030564596 9.23964970384902 8.70793643343975 9.51998934950951 9.40164863053081 10.0046957459289 8.99222139741974 9.48093368326708 9.67897086069941 9.34448570252834 9.45176506861653 9.73090002367763
"748" 8.49982740250401 8.05975602931616 8.32246512234468 8.01349341950954 8.22272635911382 8.27418019000038 8.69431562302253 8.72077708235534 8.41948009364518 8.47286969685739 8.30217723096924 8.35954724620363 8.21802731155269 8.24494826046777 8.37949457093841 8.11084120050588 8.21341102339993 8.29079197585165 8.36427157756671 8.54577674502282 8.34351479910326 8.62997841586148 8.18125092399641 8.15232091833742 8.20646543397287 8.19496039038236 8.70794585648847 8.66115183372139 8.31502715247852 8.55292165852172 8.53677244339692 8.82463676158259 8.28364706577778 8.60712553552374 8.61848223187726 7.87727656769781 8.70225271687455 8.42955030233114 9.0217324879431 8.39864423322044 8.54614098415129 8.91513963286323 8.3153291720869 9.04712269981714 8.81265862094437
"749" 5.63448704544478 6.02898056448847 5.73640730425331 5.72423313074132 5.87592914945094 5.86812587493143 5.78263348130421 5.70260453131737 5.58333965086542 5.88383065690932 5.92468861764102 5.67123683369024 5.60005702035371 5.92137074386638 5.95194421438855 6.0296196383089 5.84449523071113 5.84616296498513 5.84639368046364 5.8196867874267 5.65681675206604 5.81324297654504 5.92869055379368 6.07887640783764 5.92219061009214 5.875499075343 5.77093418839226 5.77445587623519 5.77444943744668 5.75916895120278 5.92707479852156 5.83553264211053 5.84349280857244 5.81270265571522 5.77741477095251 5.79335942356687 5.88247252192784 5.93566144248769 5.72526414361101 5.91761742688841 5.84552022672746 5.64265412046646 5.69172107250759 5.74209681739375 5.8588215794745
"750" 6.85597020789246 7.2030101554648 6.57265602163752 6.5466743785639 6.49611364808061 7.01247143629642 8.47853187293036 8.23167161028442 7.06283664135646 7.11130607718107 7.15155062191007 8.38542907864221 7.64422555911981 8.03781190661592 6.93558977806862 6.86960372347534 6.90585553719716 7.53685411953012 7.024293540946 7.4248137090137 9.30321546203886 8.68887104162888 7.00468857840831 8.14363779562271 8.65722130157778 7.61672942579264 8.3647363411877 7.10937642879486 7.52308875904297 6.9770123626958 6.6090946437124 7.35831645872325 7.61956959895622 7.98813392834646 6.97600457578882 7.87550131089613 8.07081128854291 6.88919505156115 9.12774746153009 8.12364636964595 6.82019755733477 7.47559295450658 7.22603545718352 8.54162884241325 8.09609404821814
"751" 5.99784592501867 6.20815973887301 6.08221074181746 6.11310786996313 6.32478066438602 6.1641447540228 6.0575272819212 6.27060467999911 5.9938492451822 6.17197104605287 6.16689505175019 6.09293668375809 6.00399672638886 6.18349861650733 6.20046218408473 6.06714903057643 6.04022788645734 6.04776425525493 6.08212219777692 5.92651487236012 6.11453807990768 6.24884497844019 6.12129519186563 5.65111475784969 6.18530333673101 6.09599171296384 6.06081887466727 6.12814829562026 6.14232209188186 6.05020669320908 6.06158705103228 5.94837515134689 6.02985945864451 6.17200178442406 5.99782515376916 6.02677444479182 6.14085348683586 5.97681594467281 6.11440343411006 6.0621857972148 5.94710794147975 6.08141207017813 5.88248757859894 6.20827785269048 6.12194754016863
"752" 9.92774305217979 9.88180948969149 9.95868841244542 10.0209721367461 10.0611599727878 9.9655489568015 10.1660898233822 10.4737958375639 9.89441555709605 9.89434616593989 10.0336821011988 10.2515394181876 9.91041290720962 10.0778361573236 9.78873036777464 9.75156904627311 9.85668254485485 10.0335763769104 10.3585054050474 9.94095471430297 10.3831437301733 10.4303200453215 10.1937200623494 10.097850340137 9.88436623809456 9.77370717736589 10.3113691339395 10.408382679145 10.1411898029459 10.0588474343151 9.81854539534949 10.2427425506265 9.79548527164378 10.15811465557 9.73835744013337 10.0972165182933 9.86930539098046 10.0707599425206 10.327510394674 9.85009788852576 9.72152810390171 10.2855003687449 9.95434841832914 10.1537349131238 10.1278005495675
"753" 9.35809240004958 9.50959626010796 9.32153309681085 9.19917508107067 9.48525930381144 9.45747772924334 9.38270845951194 9.5559807227071 9.529429354553 9.41564347249555 9.47385030853641 9.53147921311867 9.65139834583236 9.75067894604739 9.44039058366084 9.49991301675317 9.79825675205189 9.54704651379395 9.37330059209193 9.50097878270414 9.23269161566102 9.2657361720955 9.20408904481276 9.51039571133719 9.29114980588168 9.52847627977651 9.24853656177676 9.16293640405695 9.07533928441459 9.3181523136847 9.48558737213541 9.52899848114578 9.18274388774932 9.22366037681329 9.48466938498454 8.85198235167242 8.92831799484554 9.16338926982759 9.447678069883 9.17336707589672 9.59333304458798 9.6376892017928 9.06916418195181 9.57819601720846 9.43118926600168
"754" 6.20733847224012 6.81992179002022 6.33051156287493 6.49117687388994 6.41479576810522 6.3619594716269 6.38353760645697 6.44812500719589 6.35692840978539 6.65685121145348 6.41051749602671 6.43257507037272 6.53620860301691 6.22336996125714 6.37941086154437 6.12188447950584 6.42018279370622 6.59531710282805 6.42241432864142 6.40950757531884 6.31267873092588 6.59173234331583 6.49552069305105 6.57565450838436 6.29115129857777 6.41925858738468 6.11896258717342 6.16317260390729 6.4904939767541 6.45357087251433 6.24118018619082 6.36294864387948 6.40506413240003 6.59286534414696 6.31480177996763 6.35490967677406 6.59355947508398 6.16705490997341 6.28002235845512 6.43893966693819 6.46859042645834 6.5485830991626 6.4581995236739 6.33718141145144 6.11195128982034
"755" 6.42888474075048 6.12227038964144 6.43164425759792 6.51904550101654 6.29510798513858 6.36744310775472 6.48120684377938 6.51972437642562 6.25445431508564 6.37731461297063 6.32100203608578 6.20586763965361 6.42862659890919 6.12803545193394 6.05553776395029 6.37945844108854 6.299023722603 6.18627878791498 6.22842940605933 6.25576456979185 6.19828010876429 6.22615909601039 6.41709270068984 6.20049791290339 6.10142163535819 6.30564574155204 6.47121072108053 6.29916827798796 6.27725839630759 6.37369963618907 6.2395634459414 6.36183561870369 6.20304290357538 6.16809520430523 6.28264380501268 6.1047808596003 6.38805871015276 6.40068634005041 6.31634907894554 6.32595074705208 6.33732798126874 6.12687052677755 6.39401607065333 6.19681378423174 6.41232937117618
"756" 7.20977802293847 7.087799594251 7.29886464207403 6.67368887023873 6.75348760089859 7.04882237865156 7.03473821316686 7.01787158101075 7.08195479668775 6.99542463351332 7.10478519466346 7.03190170587353 7.02235212602913 7.04883513573076 7.02486458122795 6.91614509296101 7.34077821306288 6.84903238328994 7.10599779551475 6.92949750849316 7.35609098925689 7.27284374919487 7.26663891602071 7.01059411348549 7.04177805428069 7.36768932092143 7.05518323245348 6.90754755508793 6.72498244395112 6.94946260696101 6.91543234602853 6.92091761858337 6.82405053196506 6.71249266874856 7.189274592484 6.75905718505746 7.12515740793629 7.48086926867262 7.09576085772653 6.9637790122562 7.19829348974967 7.0637070067729 7.05384127985207 7.06676991202083 6.9444220555174
"757" 10.1144513802548 9.04662703846695 9.32992859040622 9.36329449534373 9.35415021711187 9.6855292376381 10.0301372955279 9.85583353919158 9.53057731983746 9.56077658628408 9.57251851906719 9.66993250851472 9.51330188518167 9.6578004517175 9.60233614636345 9.45223346573618 9.36976080735008 9.3764438288922 9.75676493437788 9.92077548164247 9.80189165205965 9.85773536939179 9.4761574732323 9.53503548113522 9.28341412656734 9.55782052305684 10.0905774496108 9.71340147324369 9.91405050798928 9.8460161713386 9.7873509361492 10.1992803796003 9.6382306969262 10.2610217490278 9.58091812876103 9.33198661654802 9.66606939327085 9.79101502403635 10.4887287634278 9.57150014681031 9.99203693878682 10.2768311943533 9.37227858699297 10.4798889639107 10.0484184604662
"758" 6.23904123680913 6.32880427105311 6.43172749640444 6.32227270533152 6.33002245618707 6.42727170409207 6.34002226557369 6.21266591989982 6.17956636920979 6.34658520676122 6.37121419026943 6.39053117954901 6.43295032793808 6.34412390113038 6.24347901758449 6.48320240029595 6.31339495076762 6.11438175234136 6.30103073000583 6.44047281922791 6.48370270053457 6.40111982247803 6.38438086208792 6.32226468742122 6.38960193715773 6.3581343185432 6.35208960171895 6.32835455627721 6.26461374139334 6.19079664804292 6.36154113156185 6.20148993410311 6.3382596519223 6.35878581972342 6.36159396703619 6.14199310658426 6.22766381343308 6.33870024857552 6.4546470085658 5.99282605096423 6.03401124698365 6.41653852092173 6.18539271943298 6.35966566066146 6.34228983731189
"759" 7.27982032505005 6.27403757607252 7.86208396260854 6.30149679812938 6.09776317000685 6.68643084604035 6.47185189223631 6.4113198448438 6.06258636433397 7.15488158759198 6.49145314579266 7.57425948418455 7.34196498077406 7.01393895123516 7.51875410932343 7.56446427747212 6.77924877831258 6.23722017911615 7.99610931842882 6.57292369675332 6.30671218924193 6.48226656744538 6.77223276703846 6.90375525724435 6.16365640485675 6.96482446088042 6.33767170485148 7.54729338066217 6.3973440599556 6.41371071739471 6.09464866733112 6.62509898064363 7.4521764310585 6.54549102297681 6.57501282000613 7.43151488776426 7.04327163599102 6.19126913688239 7.32284857180203 6.2970451129359 6.69815306716369 6.90301310002113 6.5885541276087 6.92863568127449 6.21406416507856
"760" 6.043412434055 6.02004763335968 6.11517605400042 6.33272471084808 6.16218339701187 6.3516077375288 6.3068582141825 6.06721211122023 6.06565971749167 6.13855837859115 6.182069913273 6.07443287860598 6.12523769950285 6.10188951414248 6.14321830254222 6.3204168301328 6.20428703202582 6.0795098543861 6.09032305501948 6.15585487183215 5.99769805444537 6.18965633127784 6.20555387087805 6.15333010979175 6.24879422011345 6.16998207312249 6.02357557144307 6.19264109290723 6.0816230017891 6.04246791409486 6.10671761731904 6.28862918654346 6.15147612757129 6.1895380670585 6.23144583568267 6.16167021114308 6.44105571411153 6.22416047936574 5.85976062429259 6.22460217946375 6.23293301227465 6.10189357255253 6.28346464896488 6.06768416968082 6.10636240183638
"761" 10.2725186755809 10.4716919151161 10.4341446874945 10.465627967523 10.3915425727541 10.3866239884297 11.0255647687798 10.9291694865258 10.5587469451455 10.8786552093142 10.9961683890477 11.2242809607 10.7640839181457 10.9926419932381 10.5885432701774 10.219382269754 10.9833084112973 10.9616154088599 11.2409453566727 11.2408331610755 11.0246615777686 11.5832490617914 10.7899667333765 10.9762016515499 10.6800394461118 10.5133875135911 10.7198219953488 10.724342970003 10.7745503844246 11.0641117001741 10.3415955850127 11.2863565149415 10.5809595030545 11.0892970909111 11.2225830630154 10.3112558804438 11.0653729074391 10.7570575299448 11.3956322156234 10.9260566243535 10.6152581830384 11.4749793541229 10.6060398098589 11.3643635689935 10.8201355554929
"762" 6.0702073927676 6.01994991126191 5.89448525259864 6.00122606351481 6.14610479804579 6.02016417162739 6.07961354323214 5.99641512019032 6.05852357732315 6.03141306393191 5.96805002743622 6.21825396768524 6.03641091363674 5.90118138361692 5.96152900904244 6.16864642358243 6.08202748781609 5.88152545183884 5.9456874672278 6.03555861643417 6.05473187417077 5.93484049444033 6.03360629005681 5.89082298043627 5.92134359969147 6.02280106338879 6.20288852797526 5.97147741019178 6.00172789515391 6.21605803273212 6.10698963082292 6.03611898020143 5.99404235428459 6.08540474145458 5.86098599606533 5.93984740964435 6.0375460699796 5.91774907060232 5.96840005293473 6.22338900364995 6.13981506219971 6.08029689344114 6.08883480357546 6.04818595824447 6.01837023161097
"763" 6.98760015669547 7.15258445646191 7.3667110023614 7.40399681684448 7.51605409922612 7.46167439444042 7.64234867657514 7.30402573490828 7.51414760878928 7.39667549075067 7.35538080408086 7.86329578548378 7.3284859600534 7.33135184626224 7.40352703709494 7.08753970959666 7.3314182422711 7.3656067684715 7.39968331352291 7.58497390333198 7.74242509153653 7.83423460604375 7.36696556411748 7.47991783301326 7.49625299267717 7.43674834457598 7.2992402049413 7.07778006146235 6.93936944888918 7.04776861415646 6.85863184160022 7.59722482008629 7.05617686663702 7.29311959636344 7.09357595418643 6.70176307176886 7.58019637007577 7.21989403752944 7.60343654370037 7.24564888688939 7.02670094281351 7.66625413829059 7.23602146367153 7.68808818057987 7.57372587397831
"764" 8.7596427339109 7.72185830184372 8.2746608374323 8.31772900331209 8.07497748198507 8.39096280227815 8.88565216048208 8.65721568817274 8.12280367098993 8.27266365183021 8.34462705385308 8.56254798544318 8.21065023385719 8.21565854500899 8.1078504017073 8.3629547622516 8.19733585248093 8.10708840358341 8.43914315796548 8.62155429702315 8.68756286271085 8.96479136238399 8.27447252685166 8.34573427894511 8.24233021007476 8.12738194458031 8.84790738440733 8.50878837137598 8.27824685860442 8.6844215336087 8.41420887152253 8.91251028202432 8.36035931911651 8.94793809645764 8.19486010510581 7.97098018423982 8.7333133240466 8.77236439350289 9.21789309505966 8.32599832035091 8.39192788117471 8.86285825462321 8.4787677007677 9.07283003004213 8.82991557153547
"765" 6.21155934358499 6.07551961386125 6.45705019961157 6.11090324786962 6.5345747794972 6.26226076516494 6.16223454109826 6.33288088161381 6.0611416548647 6.11905772725421 6.3245547218571 6.19229919162048 6.37816165209255 5.99317306900252 6.3409660635251 6.27292483936849 6.1060324026201 6.18989761565636 6.47296239318648 6.39818501210566 6.25650186593176 6.27770229617818 6.1667749355084 6.16320597284982 6.14570998434599 6.21238082592229 6.51165516057254 6.31380949320829 6.03625270958614 6.17211544282257 6.35624742937717 6.20165935729397 6.26393530969548 6.33450965190374 6.05734214585236 6.2389423911298 6.23989135602571 6.52195905162507 5.99004768620533 6.21301318642539 6.15183822164747 6.0508618718867 6.35414941229786 6.12925601152344 6.29950560508647
"766" 6.3347492857923 6.38685107700801 7.02444380376097 6.24283337085277 6.04612698032768 5.92811271241311 5.86686901656207 6.3982582463641 6.00590210538895 6.31921838565788 5.94440202767743 5.99707863800267 6.16388453964783 6.27624096399835 6.19696696680194 6.09708698788624 6.28847995065986 5.95460933847979 5.87015209833881 6.36247103790242 6.53443625662644 5.98022730255051 6.0251927848912 6.23296082011683 6.04898100445778 6.12430704162162 5.93029093732764 6.06019441127931 6.31103072974587 6.40710534389657 5.77587754854651 6.58137000636841 6.24231921140304 6.09039625744704 6.16614763274591 6.21756832343043 6.28095835237511 5.98448514296074 6.16080030004854 6.27518120932198 6.07323493398241 6.10189576389747 5.79451385146839 5.91834690313577 6.06301421071562
"767" 5.8624179658288 5.81011055394911 5.66859382447757 5.8942484380897 5.63889268318702 6.13643335352648 6.20136274944301 5.67418287976152 5.69133804652796 5.74876217498888 5.75321838838704 5.92187292104451 5.84973341335563 5.81197678141788 5.86213108738142 5.93682120104907 5.71081960530444 5.89943019424096 5.76896674142064 5.65123615073699 5.98729823782712 5.90712590300386 5.83699272304023 5.83943613792197 5.75999024542813 6.03637785505651 6.08522873798174 6.44283928128968 5.85775965808241 5.71457615088113 6.1135864196993 6.02581746545404 5.83993716929257 5.92039443155468 5.7924351887653 5.92528669683127 5.78228699100368 5.99830765985535 5.7975075873367 6.01648683889317 6.00733613536635 5.74075302214909 5.66570594816983 5.76489544187248 5.94249840180665
"768" 8.7259519461665 8.92614885910166 9.51427097441032 9.226392947386 8.57695464680003 7.50761742601303 9.32257367095182 9.51360269952512 8.49305605038527 9.06055325245912 9.56600437686465 9.30104435784302 9.01744265612435 8.41654988128273 8.75416252891066 9.61819740409765 9.65328274156716 9.54342988723963 9.71035355698829 8.38915805363517 9.97453579420926 9.46496651242757 8.56689264052813 8.81142581112983 8.38511718399889 8.69204929491158 9.19924833126636 9.42053367609119 9.58024983805673 9.24013665900418 9.05809228809354 9.72509775640765 8.90162300133734 9.84818335917212 8.32572221434969 9.08699792606323 8.17637867490119 9.0040387709258 9.72710295384081 9.15638129013372 9.20107352437959 8.66213187242854 8.75649893445622 9.56951944810537 8.99895384117502
"769" 5.78938506195924 6.06424996197267 6.06358534740375 6.0251016350148 5.81657368678108 5.9721543341897 5.96724004039696 6.00483200226466 6.13407586859247 6.01336253281425 5.98877039987102 6.01546519793507 6.04030352163717 6.07160193160799 6.0602656150421 5.98226840272187 5.9883992047282 5.87835628039378 6.07744249185054 6.03101918674753 5.98013818723962 6.0216739049607 5.91621618878268 6.09276426896199 5.86980246317963 5.96734179111523 6.28219352210392 6.17967125229395 6.04635053460118 6.04915930305959 6.24252308061226 6.27150989779267 6.11873761168491 6.02153436063464 5.80466326722965 6.10594472857389 5.91998689398689 6.10406605921871 6.12319459280808 5.95097079898955 5.98676222617992 5.91287303636313 5.90344890194052 6.05382707174183 5.96691808456229
"770" 6.2313005353923 6.03180316976186 6.11373673744411 6.27756930898289 6.10645949674173 6.23539986513667 6.30837182906877 6.20054743546041 6.13828251274543 6.35109617234119 6.29977166955299 6.26199070171419 6.29943411073732 6.28414302120475 6.08837151849936 6.06535426267026 6.19094868346587 6.21102939836423 5.99005670703657 6.17355798242507 6.26357870899626 6.36190152804605 6.32545793617994 6.14922505358168 6.19264019501477 6.18773972127437 6.26344087928863 6.04867842658342 6.12425616684186 6.25017258504421 6.34311003409691 6.37294965623321 6.19619028663592 6.22021410313934 6.37498214233512 6.15791482765292 6.47232408624608 6.1808903198615 6.28101581857106 6.2848708957215 6.20931217268526 6.14646203586577 6.17756364799208 6.11548892244635 6.2861449483628
"771" 9.36785256013597 9.65018143611943 9.71130741500214 9.29284247683873 9.27556108045345 9.10843124301026 9.76152962728425 9.84098273422997 9.42119399019848 9.6781731873229 9.47060298560757 9.49670593265733 9.47433526620416 9.2538169881812 9.6265867027045 9.27470086266525 9.35467904864657 9.26975616734853 9.42130132530756 9.36064465130388 9.47561808820048 9.78375515595723 9.31346503962668 9.15532683573642 8.98346645771752 9.06992631384985 9.54691638991654 9.23200420178106 9.4116303660258 9.20629580613466 8.97003478175759 9.57435582240873 8.95139725326732 9.32711097464848 9.45211203251567 8.71349906623487 9.28955645060472 9.2168068904582 9.7014618333348 8.88806077725556 9.37821946746748 9.60295488035102 9.31748820173651 9.60213926901506 9.80658578392812
"772" 12.3169836059923 11.7326982255833 11.7610579803774 11.6702958756819 11.7541345566785 12.0435710279344 12.1426193839039 12.0433603300565 11.506184236518 11.8596543814066 12.0764914215565 12.0472137868679 11.9116823151073 11.9943983912536 11.7676712516954 11.858048704546 11.8059779544642 12.0024604653712 11.8756386320129 12.1748327419079 12.2591750013516 12.2217115921392 12.1069205332377 12.1355418695376 11.8096158323533 12.0621093961227 12.0175227971136 12.088782566724 12.0596058397941 11.8117522006661 11.8067303980871 12.3192444123483 11.9785957428122 12.2622364053152 11.8821422505615 11.610294005056 11.9373987102432 12.1102763485988 12.2335143416119 12.0387230361972 11.6307844889353 11.9642883655988 11.6621968596139 12.1772273949618 11.9902244491599
"773" 11.7487407636892 11.163282646226 11.790815203813 11.5288794196702 11.5441630586721 11.5239900037436 11.9471558536668 12.1409781302081 11.8825745113157 11.6974719275031 11.6094841573083 11.61277212014 11.7454416250145 11.8648300404961 11.6760839615133 11.6308239815297 11.6578095510808 11.5232536986972 11.868420468006 11.9350244329756 12.0251344926066 12.2005066956417 11.8953876780578 11.4817622976038 11.4667730326146 11.4404431624683 12.0840174336029 11.8586477839458 11.7415945187554 11.9304139330158 11.8491890910324 12.293716283246 11.7937897192697 12.1473239406997 11.8381517577812 11.4590905362883 11.7943216964912 11.9846634184614 12.20094117011 11.5801797224706 11.8216351310097 11.963043156807 11.8481557621291 12.0256474839942 11.9395145934286
"774" 6.46272246074336 6.14819739608346 6.47729035468384 6.63397133859997 6.48153525331078 6.28010817645178 6.21666664469464 6.31136369838422 6.41192325078764 6.41690694863768 6.3086935599393 6.40452023423531 6.45929346784353 6.68307658916364 6.3603537822985 6.4002401769938 6.28949848627839 6.32754778488385 6.33801597297886 6.49585634777744 6.49760291008175 6.44334884587848 6.29846798365741 6.37423403751841 6.44144915118741 6.28677456193543 6.44910371174148 6.53864440271977 6.49787547941374 6.39189942076549 6.27093938172359 6.40805839081062 6.34373429135773 6.34343920441196 6.45570033927339 6.51546780716195 6.56820515380675 6.77423716514674 6.44414999199889 6.31941065114516 6.60792134811663 6.38459823295598 6.50196808228245 6.31645912765387 6.41323360897417
"775" 9.93757277503234 9.44318784338212 9.6722237569978 10.0851397958588 9.76449783532406 9.6117450086618 10.0802838935358 10.1493015746866 9.78230754561188 9.92544129771252 9.92414180444696 10.1226881179463 9.64085661515185 9.7293009880821 9.83893593539513 9.34109193722492 9.48767962697173 9.6061717433971 9.53653787026331 9.95985825998003 10.0060476365129 10.2425965136206 9.7980503545872 9.62865412690548 9.58939726569437 9.39017400846336 9.71121497010353 9.67020211564259 9.7382495700438 9.86554257927327 9.44257817217798 9.97575164252726 9.83524054383533 10.1480981508483 9.61973138466151 9.37993671021782 9.7569452094623 9.88871328212519 10.4272098888172 9.78990378551811 9.85134216204397 9.90611711633965 9.79730452233214 9.90864341606162 9.78736628187967
"776" 9.30890928079032 8.89091461112647 8.88971836677794 8.98720620887643 8.8620936747227 9.5736944817621 9.31268467110874 9.59779429683066 9.39330398688879 9.25267860903448 9.12539837325 9.12286188911853 9.41381442174001 9.18326270983493 9.33048044442039 9.44770499222983 9.30675367464035 8.99399978288666 9.44273681298253 9.19060368934559 8.98794615293642 8.87865640110179 9.18918990523824 8.98069279924548 9.1895922658263 9.32258580789911 8.77381552506838 8.91859432961207 8.78007724199883 9.12438002837938 9.25057567752453 9.50438743318075 8.71390034387644 9.13149007263942 9.1760157194183 8.45157853795938 8.84437655498319 8.6244228755915 9.18226762263332 8.9169889418406 9.49472323681911 9.59889812318036 8.96627349883192 9.10729323747109 9.70516449398878
"777" 6.14365060032994 5.93890581112507 6.01768242947878 5.99712806150968 6.04513997599037 6.27897052864459 5.78997098632308 6.18223520498151 6.19231149903726 6.28781962710337 6.12643091649426 6.12284130538129 6.17833788071016 6.14955255815631 6.09616875348847 6.0801796570129 5.8614438379536 6.09063559480003 6.08703093225405 6.17982383454484 6.0040111032394 6.0970626944063 5.94879361937177 5.95899734799078 6.09584110254358 6.13594018590875 6.22984549155662 6.1977304276013 6.06556988878683 6.14128524829811 6.16048469937872 6.180895067546 5.9814473694837 6.27568660422577 6.28096964020754 5.98773446103319 5.95174486255096 5.93501819121208 6.23660028747919 6.13792501588084 6.06855292860449 6.02912140636497 6.01157311117017 6.11397376525669 6.03778844368715
"778" 8.91841754905622 8.62823944866187 8.6148958690368 8.66759638434249 8.76880783197832 8.52848605562877 9.0364098042453 8.92111087547828 8.6312903352035 8.64902244681388 8.89114806405566 9.03511319743003 8.485389745572 8.48613729422681 8.38023575300368 8.49363519789736 8.74479651857031 8.58657827604606 8.88200818136454 8.90628533296103 8.68652077441394 8.75668688498612 8.54115614562165 8.43817064841487 8.16624822960021 8.48875094496636 8.89126337738211 8.49701744548403 8.38738873131087 8.31032372692673 8.57456726827048 9.08035624698368 8.424267937166 8.92012384836338 8.48674941644409 8.37392556300928 8.87575588530096 8.90912248349742 9.15339758501467 8.42792662731226 8.44075252885606 8.95285927464473 8.8476975233546 8.91513715882334 8.98858701916528
"779" 9.34846016424176 9.78703786852978 9.77187338661249 9.6801690560793 9.7153187991701 9.69034723849073 9.69151747957171 10.1455635659066 9.88808561368924 9.74314632631721 9.91645838813222 9.99663709475485 9.90336076031829 9.81669684563945 9.52331628864496 9.16848298691421 9.78968588018379 9.83094794378719 9.93714084413028 9.78933139378467 9.72573785685814 10.0958943764117 9.6962212464418 9.55575182769097 9.46131099221803 9.63967572086948 9.46935757370129 9.63972898085742 9.40210386330752 9.42863543096912 9.33750143047119 9.8845233269141 9.30561903671414 9.70075044331635 9.69030225439783 9.45408341373512 9.47813332731866 9.71156101087201 10.1414616534432 9.16337306873905 9.53508977302062 10.0341164649259 9.44389539508629 10.0725992023691 9.89386573398735
"780" 8.41416774077828 7.8166853993463 8.12045471345974 8.16866951779936 7.93528589244906 8.12511897994611 8.52796801325833 8.32347785546675 8.19384836395042 8.09901786961891 8.20805815810884 8.29342853161525 7.99641036192602 8.14597455776879 8.17063538639961 8.08298036199409 8.28291629721928 8.00256614504362 8.19033787528362 8.30353586906142 8.61293141935674 8.61736395597744 8.34332994605034 8.12586283395665 7.82656998147069 8.15323342002055 8.79070053174249 8.62120077154857 8.25259505365064 8.33024503113171 8.13581587339447 8.56044479383155 7.97141058054539 8.82325625359512 8.15660396737421 7.93543585838943 8.45182291712951 8.33611133098807 8.68593958126846 8.19666758193889 8.22571821484259 8.75993445959276 8.22938389697227 8.52341776224274 8.50936365220241
"781" 8.29453303116456 7.52391619205934 8.07999695186797 7.84244831363169 7.74250242885633 7.75838819803924 8.46817557984347 8.12762690712612 7.94471085492337 8.02617565344277 7.93344087135268 8.09084466348205 8.08633264848577 7.229714598897 7.83828868520427 7.60110245418441 7.58442649921654 7.70622727777391 7.83104722251458 7.42882230090579 8.1764261412379 7.55975152287805 7.54585035415757 7.56116523850225 7.46874593346821 7.46745798774124 8.05571777293901 7.69918028808524 7.55732313299152 7.75281970904183 7.51943285093745 8.54191992329992 7.41440792800474 7.87937532700224 7.81850166399403 7.30178570864473 8.0432707400943 7.44284352398253 8.40095241815306 7.77561690105779 8.12839214528432 8.12314612299454 7.72856032562374 7.95964317368853 8.33499363247027
"782" 7.90378881484679 7.15977465757546 7.30838980597537 8.05902409756417 8.24004712193039 7.64496728756788 7.34765917733139 7.57736475319759 8.27481451563209 7.65255542430277 8.34978369334637 8.39519166906404 8.48962871271589 8.67552795734643 8.22507507340401 8.09940863772233 8.2969879741618 8.69946024022927 8.06206740628721 7.3249393195587 7.51753609662283 7.50425065287655 7.10489842212773 7.32468004875794 7.67566833117995 7.05161083174842 7.45422655463707 7.77207176531546 7.60012907418523 8.18349759847248 8.23820855878259 8.39942087651612 8.49023731209968 8.13726454160672 8.25451887093526 7.31470843430681 8.24595818489747 6.02023059050048 8.68202307413268 7.46491910774197 8.25676739233205 8.3930306488604 8.15100860094793 8.53811531002331 7.39986100192972
"783" 6.60952248325955 6.45762115935724 6.40110048887565 6.43428111386439 6.68845846074054 6.6419920371357 6.73876881388877 6.34655179957604 6.38460529320374 6.28166346973857 6.47502779285726 6.49793108521985 6.28409245860538 6.38435841865728 6.40276010215929 6.31847216142032 6.56469718173382 6.28115020307237 6.29721079454972 6.75457246766722 6.52159104316332 6.4026346301647 6.50157272298612 6.25796706308074 6.44769613805747 6.52013238317358 6.5157437237367 6.33075076931615 6.51557579369603 6.34036457253559 6.36494421118384 6.45355492952399 6.42257963114586 6.40263512024224 6.35043035194963 6.3847150135776 6.35293670824057 6.53086675981852 6.34410131438588 6.5357786584246 6.63467047738566 6.61263692074191 6.25332502096759 6.47362326136003 6.33874204564737
"784" 9.19492229377636 8.97984581539778 8.73231938903402 8.87353921070945 9.25816457413108 8.91457979996219 9.19081091304487 9.2785132142474 9.29112342331293 9.27258686594838 9.16975188356194 9.23196369590621 9.18776038326421 8.92217694679056 9.0376636675141 8.6498746258117 9.0896943365943 9.20791737252906 9.11488097920887 8.99203281828695 8.88260887521878 9.52888661462067 8.81761996449751 8.85279036954268 9.00790996194206 8.83661271795727 8.99041221656542 8.95549120823773 8.69252569897717 8.87791295394917 9.14044786416659 9.2430043455566 9.10337930544037 8.73910177924368 9.27938988906025 9.00602725370854 9.03385610065261 9.07626051203562 9.20011350834983 9.07628395358519 8.99929045656145 9.23694535139223 9.1731881932434 9.02747311025486 8.78504189513047
"785" 10.4595391751877 9.61835351429852 9.76792293351314 9.89082555942677 10.1028431426072 9.51104711740671 10.1480728552714 10.3758939780692 10.7273244273631 10.3297191901944 10.602960696051 10.4353282904176 10.4770455268044 10.3133129140175 10.2689716884001 9.70980672266943 10.2486990713388 9.98378515805549 9.84277231818194 10.0376284485733 10.2139569503912 9.99467482469812 9.69552529381435 9.6180520635902 9.54425157212275 9.44261879662021 9.73612310598251 9.75009752491235 9.86347840400102 9.82818894414271 9.56372701147332 10.5540530005472 9.42450371206052 10.1609433390133 9.87106636964612 9.61410646022937 10.0776490662723 9.87163185353565 10.8111006118482 10.390357853598 10.1425227644353 10.0372376073432 9.93676629779117 10.3979730090069 10.2387326897768
"786" 8.46556791219546 8.08386956411288 8.10624760683317 8.12478412508512 8.08720354708459 8.44845042166575 8.22773040537787 8.24748762462976 8.27791641612318 8.15976003344772 8.07573236568483 8.21130313329612 8.30074780652797 8.23593757776851 8.15298537632681 7.92345727466742 7.88734548349919 7.89920057720239 8.16319011476643 8.18387981360758 8.20556430115565 8.43670319851721 7.9676744516123 8.0326579944312 8.12276647057259 8.12937433391319 8.22861339328755 8.13010404261734 8.16841974323492 8.16218205663159 8.02149299408377 7.92155342723788 8.31275453877196 8.24405106771933 8.10369168694223 7.83406899771665 8.00638017386687 8.08887136506234 8.36281082845876 8.0550857344933 8.0463514882896 8.12640644829646 7.99539226247126 8.32067589957997 8.19497310332521
"787" 6.32633495578759 6.13818435286693 6.40068683207877 6.39578597008596 6.32405772579536 6.30582497899098 6.44741849282025 6.52493573930426 6.20043378872495 6.15678519696934 6.28000826918561 6.11918383108596 6.28838794053418 6.21324475720925 6.28133609754239 6.17378498536757 6.27218311210963 6.0422888819981 6.35519209307698 6.18348823651597 6.03557942718722 6.29062358579882 6.226276825604 6.20574607807903 6.31353231311155 6.26273049749503 6.18413205166606 6.42859653339425 6.00000306458939 6.36076815083002 6.48857960711075 6.20467189617425 6.21563211861757 6.09762634084193 6.25492152280228 6.21146695583132 6.40028171276441 6.28001525600402 6.09507925181596 6.24717366171202 6.46433417098234 6.15886924885286 6.35559255497364 6.01733248586016 6.23232823407653
"788" 5.9872384132294 5.75447409874071 5.91054809327118 5.9106449941622 6.08138824343776 5.82202533316751 6.25429479851696 5.96384702859127 6.33024069404113 5.89567805383444 6.20988835835297 5.98193683404435 5.87505192992927 5.9569205616711 6.11182383921556 5.97754702763179 5.97884099409532 6.1100461300086 5.92615172895593 5.99016733013325 6.05153963379196 5.8236972615949 5.89327449745872 6.0143814275539 5.74407180027977 5.71044995369104 5.96232885202846 5.67820363318052 5.99171859933364 5.97557864945655 6.03496549192069 5.90286458686419 6.08106050937965 6.01515452562488 6.1248829507499 6.00766341483846 6.01857682477478 5.70561794575654 6.07005061769743 6.22409207871181 5.89078020439145 5.90979127690549 6.02807441993635 6.16680113239076 5.94311915088862
"789" 6.31649832596481 6.4023927401917 6.587740208014 6.43283699292822 6.32902012520161 6.36010068159874 6.38482150931878 6.2635243765033 6.39776844736158 6.21074164350651 6.24209367877343 6.36407169833987 6.12648542947635 6.22255874345442 6.49081993301087 6.33509490185222 6.21721415828606 6.25391101756946 6.33075351413079 6.38240326299914 6.26025267567194 6.29382684884083 6.3552269185885 6.25074142540257 6.53421056921151 6.4550059182755 6.35036429995053 6.3997771539992 6.37488463190751 6.20557534079157 6.33748690435577 6.21393496726683 6.33950439225258 6.54242168719245 6.29722016582029 6.39959188954148 6.2706996859654 6.19496867029901 6.20435593082993 6.45248001674548 6.33187687235348 6.35773444815218 6.48181318582682 6.30705542586879 6.17805817059774
"790" 6.08241421067541 5.88819262884506 5.99496639745154 5.86007419009363 5.97409698504668 6.09265646655394 6.12183558428793 5.82149363268449 5.89844379039874 5.85176056536767 6.19896835833006 6.17617402168248 6.0576437584784 5.79026680838139 6.16511416421915 5.98382425651881 6.06987546599422 6.16817690830597 6.16864748692345 5.95869427020318 5.84177094574467 5.89671789523914 6.06677969882081 6.0397079653654 6.04043735793523 6.24166739282797 5.99570680311996 6.13419015014299 5.99189555854807 6.188034907413 6.11045634353671 6.10447060552347 6.01789791727054 6.08976824823648 5.84305517116943 6.00488730683352 5.89041097459928 5.9849765164073 6.00634835747201 5.97359890576944 6.0961630859064 5.87351457140369 6.17433289365018 5.97451724722782 5.9557928323123
"791" 9.91673195889701 10.4643436491058 9.89701533931128 10.0702527518644 9.93709201514169 10.2569206562983 10.6489021066629 10.133663399316 10.38363216006 10.4914531142862 9.95443676346888 9.72864060786261 9.95949446447475 9.75947230662702 9.54262498402404 9.82998611551478 10.2469981696732 10.4251092631419 10.1630334432728 9.96665709661783 10.4828593797607 10.4337763758816 10.3652374000773 10.4386792526932 10.5432508352109 10.464568786342 10.4636999309436 9.68357302235862 9.59650573814239 9.76070488023919 9.70042425744682 9.82744337955037 9.72569344886738 9.74191748883607 9.57227799862513 9.54747306871755 9.35876244251099 9.80910009252274 9.96548659097795 9.68077413820884 9.73269730138386 9.61058962741554 9.62535670152526 9.6625701005913 10.6035832129275
"792" 5.93183061645297 5.92236960685462 6.01688370703832 5.93792301110964 5.90064270762129 6.08367579526412 6.01320730635578 6.15792414921531 5.97056765678499 6.19613205152562 5.8245525765747 5.80383910087174 5.95410718793245 5.93702727556412 5.99575426857002 6.05718504110381 6.04549914277026 5.94712533874132 5.78055493665986 6.00135768189396 5.76475504891433 5.90162659974539 5.93456679706572 5.75987864298076 5.95191601128876 5.77608426160345 5.90438572478652 5.85868857441023 5.87766199656921 5.99453527365412 5.85909582856633 5.94111783559007 5.76686980906046 6.01856510802207 6.1241546559148 5.94307166342444 5.82621224371118 5.7746934785829 6.0927725929876 5.97496983484523 5.90812377078736 6.05999751524719 5.99833359344891 6.0118327605042 5.73233560530727
"793" 8.38215241928232 8.19120114002908 8.26625683397135 8.1725641142605 8.47277382730776 8.79631267905522 8.36840902446714 8.74000935169848 8.56598205569994 8.31857587513919 8.21590582129139 8.39702389844043 8.72812132937394 8.46080099346122 8.35384149628744 8.7075111090521 8.51667314047274 8.27623032645545 8.5670636483598 8.54533917691441 8.12008768133747 8.50585910855858 8.48423464608556 8.36309457722389 8.52590633981011 8.75501570353535 8.41270485393318 8.12621032745132 8.34637972986212 8.20804622117539 8.55561659004634 8.46145254138414 8.23622187836583 8.26838240376135 8.36774702314527 7.99573917798859 8.23408564221325 8.11240414579499 8.49414080126889 7.9993698843537 8.68176410263414 8.68988884368717 8.04708433499154 8.54677686728698 8.73923848327565
"794" 7.997077489673 7.3647295643993 6.82526133624413 7.72365379478923 7.19245283899283 7.39778934037522 7.25196050739239 8.17199561705388 7.10028411031563 7.41375792704208 6.95699327337301 7.14245486037109 6.97985231439003 7.24702299905119 7.21690614679171 7.00996563910675 6.97184212238722 7.34854820398895 7.2342600404308 7.17641779276927 6.90563756918573 7.17346494920039 7.38975282119498 7.16047273442669 6.94148556341839 7.34063844080355 7.0109767235675 7.07190910323406 7.36026129100807 7.32802544595967 7.23021240062866 7.55855505346949 7.21567976459916 6.8245047492837 7.02464424344575 6.9990144732633 7.16913958848841 6.94319456469409 7.34044686861251 6.84774785064527 7.54105381919938 6.74599358324058 6.99493512869979 7.4655084587855 7.8880967575267
"795" 8.64370986324944 8.60725641798019 8.45397670854217 7.56692114476291 7.96731420762756 7.22843392875204 9.15549384976683 7.85515050415179 9.32936965061655 8.41631140253464 8.8945169825768 9.19298041432001 8.79127052636795 8.35350927952387 7.67463123298958 7.02739667252341 7.49523762252578 7.03051123162924 7.18916382503894 8.02484475739603 8.43848099579182 8.4062679078358 8.06784411114756 8.37725401856433 7.26147850562929 7.40997817015413 7.26458927167012 7.51218301010921 7.98735312472438 8.275858766108 7.2187131034098 9.70261859307042 7.86365896494059 8.48811754414876 7.97637868394778 8.12315053113537 8.38468487412628 7.63335556987561 9.66646271805614 8.40808969187975 8.10655371422518 7.96883805400808 7.00079118593286 8.76131410698629 7.88498454693876
"796" 10.5541872321207 11.1374974407232 9.25017501007405 10.1164687351168 11.5669521075579 10.7553726859668 10.6338719391214 10.9022575764059 11.2306408104269 10.7109164282911 11.1969021812142 11.4309636372714 10.752715554791 11.584820579879 10.7214974685436 9.87247922625594 11.244681247329 10.691047871494 10.4885859527692 11.3462535837838 11.6182500970925 11.7031819166973 10.7611149326046 11.1708697461655 10.9334739835611 10.7082296541481 10.9223925417036 10.830706415179 10.5401278162539 10.6689839779718 10.2704010072662 11.4541647392277 10.6196159959626 10.2711314221138 10.8874773354439 10.2950429074327 10.5395718393664 10.7767696398443 11.8399469420572 11.163550816663 10.6397303339874 11.7749708744224 10.9005987399341 11.5525799879138 10.9036036065532
"797" 6.28024936087538 6.21094054578445 6.01143781336411 6.08419093993773 6.22813441616073 6.09840157415382 6.21080010397685 6.24082605549718 6.16850115542313 6.15508159099999 6.18741240671082 6.16275347878487 6.39117818590936 6.15416917536666 6.20016737818211 6.08310239762175 6.29237295444782 6.26489093124272 5.96137725325539 6.24915031643372 6.01963950211002 6.17634182498006 6.1360268854672 6.12454529928612 6.15924774373041 6.17729527995762 6.23888782495938 6.07062117520059 6.18244006422722 6.31130386660829 6.18463013939673 6.07640397409525 6.24536451057841 6.06469415047544 6.27515920906589 5.82388525608234 6.05265980710684 6.12562563043307 6.39037752425401 6.16868561283036 6.3316864889004 6.31223889150088 6.25025402547257 6.45040231065006 6.34608690143482
"798" 6.55013677619142 6.32759572639475 6.53764290207657 6.18401381737979 6.43867151617203 6.50233602076076 6.7675372212478 6.4595343566036 6.78491519969056 6.5154825403781 6.54147560007553 6.68431946288169 6.40950363526682 6.62785882773814 6.43296663453207 6.4821906766032 6.39668472851959 6.3017985456661 6.54180144609585 6.50671838687023 6.37764326444386 6.51543353929511 6.3667326903874 6.62625074988958 6.69427348870276 6.19715664986735 6.46767517464817 6.58351524491797 6.39379213200326 6.62679752765457 6.3352524628408 6.54262841060412 6.46164421555334 6.64702521632524 6.3571658278918 6.7102118138504 6.51910136980508 6.7927331017251 6.49783714730594 6.50697441485363 6.58856559757408 6.68622045078371 6.41382762923248 6.57004679045016 6.65354740614262
"799" 6.26939395154453 6.07022837196251 6.16005007627578 6.05500066700431 6.25555000673036 6.09440952780986 6.20460373847385 6.33988589041328 6.37113217315817 6.31682539863204 6.04286570132429 6.16381778950239 6.13523704583249 6.15264321761489 6.27784904820165 6.203434599051 6.31064638372445 6.32749649610615 6.09389827565852 6.0545872477009 5.90393183366866 5.99537172623659 6.2943193277892 6.1483681434526 6.2492671675222 6.26377704218503 6.3284346098272 5.94525637914815 6.07348287896416 6.265874961737 6.26699526878327 5.9621956924691 6.21917201614301 6.35619726356485 6.10183268027431 6.27067757484104 6.22130263353353 6.27835207246118 6.19731567433286 6.1015557829442 6.25370579312497 6.16805832540632 6.13344637757613 6.12707193976882 6.01485372340972
"800" 6.28958274102272 6.39060471605581 6.33030060212915 6.26721944137265 6.32753588538551 6.25448133532481 6.26782764344118 6.48946121126581 6.15745653632981 6.51210821885005 6.01380364600903 6.25256253307177 6.40137959794836 6.2814255037638 6.17993607520093 6.28676941870987 6.18851824914084 6.227515041405 6.42568952723137 6.28313949706598 6.41805081882154 6.26549395439947 6.29493431844713 6.09588743429357 6.22487712045741 6.01924722076535 6.37537235738798 6.32684077759424 6.38269001111005 6.40000283989729 6.31146579798277 6.24511905901304 6.08465984113592 6.22470419671428 6.16237044408926 6.32279140340434 6.3012743242451 6.22159283074836 6.3148535628138 6.12268891708338 6.21389832158624 6.24333870160099 6.36110317144553 6.49213217745053 6.26699783712373
"801" 5.57646853325848 5.96062862194637 5.79754694293896 6.06986017016819 5.8437436464375 5.72505217280447 5.75055877549671 5.88371497185558 5.86870318723026 5.74751235352553 6.02224296343166 5.69749850725254 5.77713450188492 5.6485142427787 5.84061740344257 5.91469312028344 5.7907506580416 5.79634444965078 5.94683630329871 5.72966948932311 5.79212803084591 5.96297955588363 5.77628962155352 5.80044815219077 5.83794046829106 5.83800483425228 5.67811186512313 5.83505651366937 5.92387082248143 5.75747794902551 5.84411699769744 6.02307118526225 5.98162677215883 5.92762220796631 5.62580650106109 5.91758754389506 5.88825994968868 5.878019899074 5.89659703344567 5.77856286933384 5.69536203005034 6.02354957337739 5.75138522365791 5.68160121102811 5.90898981338396
"802" 6.20221128559377 6.1081925982687 6.1517247823329 6.01340253425274 6.04826468338788 6.07590419838381 5.99943869514911 6.27867150305999 6.23705107506521 6.17247193013666 6.15296873107002 6.06017477764814 6.27536173613568 6.10542329364265 6.21624821447136 6.01328993922046 6.22360231424094 6.26288026755453 6.15735535839813 6.05504947990905 6.17692560308781 6.02742322044601 6.46821340384083 6.16631195927781 6.13464303726484 6.13720872083668 6.23163786053936 6.21282046192379 6.10398436833089 6.08450808048804 6.13894770428272 6.14480537993253 6.08374604755249 6.11315678907798 6.28994967693958 6.23097544005214 6.19330998488644 6.17051995861008 6.10581179892638 6.23563426670259 6.2746587246694 6.18644591728454 6.07901643389705 6.06412975525848 5.98505284888748
"803" 6.24467572084428 9.20641730713421 6.60239639555472 9.51109344330245 9.73138764828075 9.89714572726213 8.72991638852259 10.1618154440902 9.08780503198998 9.69806372247212 6.77148888210074 6.57494581843645 9.45885907088013 8.93055931576444 10.2175206298464 6.87172426935662 9.07978330855212 7.951408649442 9.4882047678585 8.17363754254427 8.85484120668376 8.81823280469714 9.65858569436479 6.62003195953866 7.75606625287367 8.67667652492973 9.14132362492405 6.45485492989221 6.53280454883049 6.7662751653029 9.55056815052943 6.45856818310967 8.75028811441621 9.68320048395642 9.483995093879 9.65095146890006 8.96388701089957 8.63156639687906 10.5332370771273 9.83420661848562 9.74113999926409 9.55876295709606 9.75325393372434 9.49514742433042 9.80526446569498
"804" 10.6025053040857 10.7021793720116 10.3371054114711 10.65809759239 10.500009591103 10.5260841599732 10.6762732207457 10.9579211238733 10.7072570647085 10.9350867706999 10.8655371580753 10.9297847931541 10.7010121691902 10.8527269969716 10.6838921610633 10.1491617331317 10.6801668231868 10.7611663272106 10.848705796446 10.9453791109664 10.9762374290492 11.1803267530456 10.5566975052464 10.6565495761066 10.4041938023597 10.4996604271217 10.6945610196659 10.7085217700601 10.7053312214793 10.600164978253 10.7051243667845 11.1194513975989 10.584188722491 10.8827770465259 10.5691982153664 10.454921343778 10.5491143690966 10.7840395982619 11.344067513266 10.6726841512655 10.7475404122963 11.1261538150104 10.4296472673827 11.1974524729998 11.0203912061732
"805" 14.5751309148766 13.9972496219754 14.7098541163164 14.5131138159505 14.2762325499117 14.3830818570882 14.6270751490519 14.8050186904043 14.2038982329797 14.3201118266436 14.3669344136129 14.6503244498925 14.3507403898986 14.4056115180859 13.9147828648222 14.3000551674663 14.3282242619713 14.5587366232822 14.8569573731305 14.5786747428284 14.5842340035974 14.8751726999607 14.5174616678053 14.5027651901362 14.1992917909711 14.1072813668703 14.6715219930472 14.8019026187292 14.2209096753416 14.4709279392373 14.1438303488582 15.0182457432218 14.5474751503354 14.6993567006759 14.6289057343443 14.3496031743177 14.5435073087968 14.5094024544382 15.0205504636191 14.4224231794156 14.5355320396501 14.9149837831028 14.6106268533609 14.7829856474479 14.6605488824819
"806" 5.89224365693964 6.10199639541382 5.82520265701379 5.82502559325921 5.94988451403976 6.01223080415047 5.8549291767645 5.8723849438397 5.81922722312182 5.87645153310945 5.94364656367034 5.71681444106749 5.93765929095064 5.98123097714981 5.97907136561542 5.98639352655326 5.8982583743046 5.98713834242749 5.81587420373907 5.80866878156531 6.03299898318717 6.04757890188613 5.87258031048908 6.04653131987194 5.92091829406792 6.18242036759155 5.81383642587743 6.15216095246803 5.96632005666651 5.84909150533604 6.05323597074519 5.90751312544476 5.82539048595445 5.91901404689377 5.80349435090865 5.96865498440182 5.87770999815792 5.97033638789924 5.81693188355561 6.05268574534242 6.04697279835458 5.73707112727163 6.14453087407178 5.57661661828591 5.89597615559531
"807" 9.49323734494949 9.74141895774177 9.69937172744786 9.851403177378 10.1269541791798 9.06788662352657 9.9654971407832 9.84053498237385 9.71437850487282 9.58193855850153 9.81091639492939 10.0588456130044 9.37149120983411 9.85913448285874 9.47548607575028 9.71922011663007 9.56613122364026 9.71203502462027 10.0235524833369 9.68539102311543 9.98490169290654 9.97330095240611 9.81550334597048 9.59934554842205 9.24025158541808 9.12987379189813 9.36972521827102 9.24307801223836 9.68179281561518 9.35722285987462 9.49716904594022 9.89590316453176 9.45331234335272 9.53673658507242 9.42610957956663 9.47528716836444 9.37340376890022 9.69803898986433 10.1277332688971 8.88636841583065 9.45955532892199 9.95148707451506 9.34323966142 9.27145241412014 9.61229670938282
"808" 12.8607703296903 13.660678224759 13.8829434416012 13.4618422882931 13.3448012331609 12.715518785016 12.5175891704667 14.0379130819024 13.6474053580402 13.8795894585087 13.5740400673414 13.0585057054351 13.7354750043304 13.4498392479708 13.8281676445937 13.5593683886961 13.4693397253409 13.5855471774479 13.5659678756687 12.8941787691707 12.8766204328462 13.3055211778888 13.1658605258209 13.2048582357625 12.5602186356764 12.5162894667132 12.6482834843121 13.1762605170289 12.8075575389554 13.1692303592837 13.0750860372154 12.8673799985523 12.9861560783616 12.6957329310467 13.0668865182978 12.5266532489533 13.2270162020577 13.0689146303897 12.8419907089254 12.8089317544754 12.741640181234 12.8014208456984 12.6989745054662 13.2073226400386 12.896602679089
"809" 6.16043679819466 6.51344704120966 6.19611139564378 6.46385347633628 6.40636867151424 6.62702847454932 6.28279607216526 6.90959734819697 6.02252281085003 6.25717011400658 6.3325672346835 6.0596689872791 6.4276873563817 6.17674177356546 6.13429431575787 6.93486880620998 6.49770789277103 6.08120704647807 6.50836071879849 6.31917595201365 6.33747631957387 6.48470998291676 6.29413460685692 6.31498955744637 6.18033005834311 6.45423457886602 6.24632336872652 6.608860171839 6.3582196608174 6.07274382775411 6.38463719495274 5.85477067164236 6.45839083700464 6.38140225190119 6.15882804347512 6.65096477602344 6.24039691104202 6.59313547474789 6.09975032788384 6.32171394528548 6.13587153493182 5.87288293545277 6.47893393191129 6.23805225014182 6.09994583137128
"810" 6.59457696268754 6.70266396663437 6.71949090582095 6.8586454796796 6.5402641196146 6.67581196914771 6.81299825100691 6.70618624884024 6.50799272228132 6.87205297162669 6.79033694671231 6.73832256675879 6.49122621869456 6.49391322121713 6.53423520086421 6.51159099237911 6.62704289450835 6.51193766884549 6.76984034784232 6.23337995514485 6.4808536408407 6.6967283037149 6.76089325524743 6.33803560133963 6.77890566616449 6.63981552890894 6.87672253410795 6.41424127474495 6.8583611910463 6.60637142896293 6.65392864511001 6.67680919754577 6.57902752602852 6.57456003185914 6.50511571389892 6.46211570695887 6.53036910128603 6.56493580786926 6.54182277751019 6.39962756644787 6.63881111684895 6.60388193791121 6.5334966890113 6.75369119175042 6.70483861641482
"811" 6.62284688804246 6.37271962725647 6.4396969185524 6.22588995243143 6.23819694692354 6.17832429776464 6.60190168284384 6.56550889180712 6.29750278811936 6.20692162010671 6.35960756749538 6.25633583194863 6.23262427608409 6.20442670220626 6.18689683552493 6.26397924783675 6.27011684330264 6.59570638646488 6.55800078087228 6.56197956553519 6.81338762823727 6.72518536792141 6.62682849893056 6.46556066017543 6.43506615906725 6.22622627715127 6.71475087558261 6.68064018614279 6.37334477737075 6.65180637425521 6.56415809183062 6.81686999303922 6.5594689736608 6.84614961677655 6.48218446445841 6.51235810556128 6.69527121855342 6.68216485854461 6.84116492687621 6.49123806777108 6.83618357601556 6.63774330865914 6.56061174981228 6.67842909268162 6.60401148947677
"812" 6.3016670340327 6.17428373753427 6.16765213617653 6.14632143023472 6.02994275163511 6.0495221190591 5.98904019416331 6.13187851389225 5.91847878409375 5.98927615444067 6.07391069676 6.1482930958794 5.90774735646312 5.96131471477605 6.02602850393245 6.11518693862568 5.96269306400718 6.12791715175109 6.1663243441754 5.85364609822953 5.95248213241244 5.95339663656466 6.07749045378186 5.89241642818422 6.08106280342949 6.17624907662975 5.95948536885365 5.86799761789775 6.20077445444433 6.04259527932213 6.02718465810228 5.92195243838906 6.28877475377274 6.18855510525002 6.14023738804151 5.89666531447738 5.83954175632174 5.90311240445463 6.04437687791989 6.03342291168468 6.05785370193924 5.98873323855294 5.98163552913897 6.05420651032138 5.82421652920002
"813" 9.36082456618597 8.15726518378096 7.9716905317788 8.685726468493 8.61082260971314 8.45055773938534 8.25689745074853 8.58129412064537 8.34480672840396 8.14469256014013 8.15189975269209 8.72843084080164 8.84993418950708 8.67423872493162 8.24049966601914 9.09448015317075 8.67097066250244 8.93861298939503 8.76878780045397 8.41627706079098 8.58204222554439 8.47403350651472 8.52314125757642 8.6343335812716 8.13530114449435 8.50974195230208 8.8741567909432 8.89259958321343 8.73615237342391 8.42613741957772 7.42929845714651 8.89849761817284 8.52060425913993 9.35201649752836 8.43355401664668 7.84137501051179 8.35046767272084 8.57945458981484 8.77778966853214 8.08042371552268 8.48931230630412 8.34007054294266 8.29251347331334 8.94716859821391 9.62139742949176
"814" 6.38227068520373 6.23006557294094 6.09776605366681 6.20508975509456 6.19559583259486 6.20379648772421 6.11604322073926 6.2542407607042 6.37467978849546 6.27405989442686 6.15784725672817 6.043789325064 6.21247653007806 6.10517002504782 6.28217117428715 6.17804845271795 6.31885929385389 6.23929438646918 6.296381338376 6.27984806775837 6.30947904900359 6.35534727604976 6.15725401105137 6.37807029389967 6.37308609787994 6.08012227530597 6.00274736460007 6.24042949352537 6.58073031701494 6.12114780374215 6.27886326038159 6.11438737215744 6.38568420881965 6.34632255694367 6.34364840915345 6.1100393780415 6.22760887619433 6.31855108999572 6.20734001332084 6.41198711396969 6.39960082906037 6.19149343387748 6.48439444440365 6.47878314122955 6.14883579410287
"815" 9.75216082232716 10.0566125085914 9.70623515405442 9.92345619904066 9.96045096760669 10.0003921458856 10.2989598933204 10.5650083036078 10.0229288349767 10.2791210067104 10.2211389853568 10.1381111281154 10.1323958604941 9.99582226407867 9.94154184662288 9.83247943085988 10.0643256771181 10.0821226992653 9.96575196876332 9.94058762636841 10.1416312911382 10.0983907561907 9.67717028358989 9.60928207419041 9.46717370620478 9.75035809126097 10.4548967660496 9.8658817161656 9.81866284056881 9.88359564245162 10.0640260245176 10.3053487858148 9.73679566111036 10.3305896117389 10.0137105420591 9.50221414717696 10.3198361200795 10.3454189892743 10.4973669460208 9.82729507303761 9.91950747265295 10.086595773815 10.2271442311795 10.2846776333092 10.4271066408908
"816" 7.72626829422311 7.32283482186044 7.36007801684473 7.52824208915873 7.27348999251896 7.71901680258228 7.80624115081251 7.28362498182049 7.2297267309315 7.22363102600264 7.5155548901542 7.54647975043236 7.30119224806377 7.61992163435554 7.338321545563 7.60504896592263 7.29685068728782 7.41192172899384 7.48281456085659 7.89631947082532 7.82810536361461 7.80405763998083 7.89581161408432 7.60151174329373 7.74436164826177 7.32231137985199 7.82966121315395 7.73309681858788 7.60651583581045 7.5976345921653 7.63398479881481 7.66687808200021 7.43634531743267 7.54729082989456 7.65986935378564 7.26837071839716 7.28436310627839 7.51113692813325 7.74977762343569 7.45812308353185 7.38534244504221 7.68239776707197 7.53356291793719 7.42241493757906 7.56506344600542
"817" 6.33304564549312 6.43922245622392 6.26224506433041 6.28226424635485 6.31588923632422 6.28567617835704 6.56230645884954 6.62012411712002 6.43737236405757 6.43711147417514 6.34597641112089 6.57742732422668 6.44719414608506 6.31384304936211 6.29327344407311 6.51749859655241 6.46094013189201 6.48146789938833 6.36491415322062 6.44887580898159 6.64251276258777 6.3970808465461 6.33906542502717 6.52998442364166 6.23722205132941 6.43377233779453 6.39261827531809 6.64824507192374 6.27209118418086 6.41760242201605 6.40879918234262 6.53691191266201 6.54609023414417 6.61410536430289 6.33559930420314 6.39241164291291 6.22815941295095 6.71506830976611 6.27197582142682 6.27832064114269 6.39581122796849 6.58130390326037 6.20743114259515 6.41783022901145 6.28092830504649
"818" 6.04047331615895 6.1474807808511 6.10358253919741 5.93372406770486 5.89867684980872 5.92525783348436 6.1588726985 6.25486622947023 6.02269462602247 5.96497020338452 6.09974130988082 6.22900709420575 5.74367741238372 6.10323012708535 6.03454132235303 6.03921396841853 5.89526763392845 6.04999905876706 6.19433578294821 6.1450861790124 6.02321803420648 6.05677863349254 6.00984766883381 5.96578310870325 5.93852320167905 6.17566600279229 6.36531683984512 6.3093471035723 6.08711870825545 5.98759412659193 6.30182844630667 5.94717715003744 6.1557337414067 6.34114143351189 6.01099077421444 5.95192921511157 6.00440948123477 5.94784178953936 5.94900177576506 5.98290517642455 5.94818583696839 5.99075754958082 6.04815803797876 5.99271086309156 6.11999576877064
"819" 6.22377773342926 6.28754126759886 6.2914087183779 6.13739994074433 6.05479795345115 6.47901967017479 6.23458356859334 6.1263791904619 6.28210765434895 6.28859507298595 6.34966306843719 6.21251939426894 6.4263978865308 6.06972698881897 6.16598129037909 6.11341042185082 6.48795621796387 6.21571302471405 6.19756480976953 6.27241533281712 6.12697821165069 5.9708835198865 6.09576525974238 6.2825704551995 6.20602086326738 6.17263450132104 6.30798097028164 6.26452802852978 6.28565777561253 6.35947845539731 6.28865711562175 6.10674635508218 6.3724777259276 6.37777492360959 5.93403608012211 6.1316219774958 6.23509325060816 6.47529423959142 6.45254586621274 6.30746248964285 6.24097541824626 6.00944699773123 6.37586504648766 6.35931580220575 6.44495392549635
"820" 11.4677500638098 11.1665647343759 11.8208924881402 11.2331299796228 11.4132476184944 11.0112185745661 11.6223930438969 11.788982471066 11.4777080270143 11.3616961841554 11.3002678395155 11.281908286316 11.444318059512 11.1661962608317 11.0786958648365 11.3964491887176 11.3175858295624 11.49673847346 11.1518291477021 11.4555749213341 11.2781484848541 11.6703521006961 10.9310756703928 11.121376402387 10.9747703851975 11.2371137245913 11.646982627092 11.6290275525937 11.2683603722928 10.9631457182721 11.2896179275682 11.8952540497304 11.106418138516 11.8779178891164 11.6630175077679 11.2702554133737 11.80893268051 11.5170730398838 12.4011503161614 11.3621588364874 11.5926146644461 11.6310465787232 11.6679850363939 12.0584995140611 11.5750064988929
"821" 11.8552684827192 11.5403297670481 11.6240220528559 11.9014561488949 11.7496947433708 11.6810088108799 11.8316724274417 12.0031133680397 11.5219433147566 11.6440326325056 11.8590531685002 11.6165279434997 11.5642868762167 11.8015284971493 11.6989168071754 11.1057164800166 11.5641736162808 11.4503964819598 11.4360721571072 11.4468272557165 11.8278072122618 12.0470714229486 11.484553569118 11.8456157047833 11.2516333057781 11.5350348024006 11.1661875365033 11.3772321242992 11.6953198848894 11.7923935277648 11.7092813744838 12.1534371913243 11.6268276675474 11.7776725881625 12.1561944173582 11.5929940453922 11.4773130786764 11.7381247688914 12.2776261538899 11.6163877832463 11.7432779887394 11.6931013800999 11.5857485883561 11.7211188594746 11.5689111172941
"822" 6.28845911050546 6.40007288751534 6.37667968894999 6.30165970627285 6.44364722779567 6.50140645446869 6.41521989298877 6.71030688070425 6.65317364605766 6.88415863577238 6.40436596255166 6.36414670780089 6.97179615252452 6.93148063633983 6.8410980276102 6.51854329623114 6.87906112094107 6.64515549770541 6.73997933025845 6.4669341605974 6.99523208008126 7.2573306392534 6.54835272818394 6.46566599799078 6.39125128808475 6.49467703967603 6.95746755405224 6.76274841090345 6.95445401126077 6.71159819386853 6.70692403315095 6.94553837429917 6.58448917021327 6.70362232571835 6.58269041441773 6.67135888356868 6.54833340595891 6.95476388391905 6.76501278871726 6.87221291543841 6.65717557167926 6.92502448850237 6.65913735420944 6.85637912750514 6.51656648233483
"823" 8.88972900534652 10.2363598212196 8.8892666320496 9.96587792035815 9.44527134259472 10.1071909733293 10.4877805797401 9.48557855759537 9.56357220830155 9.85569837284726 9.55235539070162 9.42575699745482 9.5561217908337 9.96317154184918 9.56795235419647 8.81492590773001 9.04936983976823 9.31050691363342 9.00209929866005 9.44177888777481 9.90351325133111 10.980993753022 10.9529536498456 10.5559393903589 10.800171765169 9.38359219241844 9.04727457157396 9.0344937888754 9.05110045647854 10.2289567580102 8.56826080010298 10.1556486126014 9.3615566645364 10.2555956094431 10.2880814304177 8.30824749985056 9.7235173338222 9.03770028364767 10.164767733569 8.50551297154081 9.54327374003476 9.97915542222202 9.02168496714651 10.1138602413223 10.0832253144897
"824" 6.07891510696513 6.46947032634566 6.22826513479399 6.83324368421854 6.73303129917251 7.04112926119028 6.34477456639477 6.87292198133144 6.70179977786747 6.87212178067658 5.92034799291733 6.09514192661684 6.65464365157951 6.18201281309215 6.84211598992108 6.11982428887363 6.62950093616355 6.25669584392192 6.57915928824701 6.32853173478397 6.52346496298165 6.57646032214321 6.68997983990862 6.23335651241188 6.32668738579884 6.50290645626744 6.72151290518446 6.04380472011814 5.98921891893313 6.1150048973891 6.64495547798946 6.1191429693199 6.26007794092322 6.69579223855037 6.68172890701724 7.07665037641073 6.82313970641401 6.48104693766157 7.46168461412026 6.97203139154811 7.21356009556226 6.90831776620562 6.92617641368529 6.7233994249469 7.23861012489244
"825" 6.27668290980545 6.45519294543027 6.04150438486345 6.5262582146016 6.88846528186347 6.61943412572822 6.0563478693133 6.65195008792691 6.13248377319065 6.39391128835765 6.53035997186793 6.31627895032434 6.16206499378985 6.30747869850197 6.16645026096862 5.97350591292607 6.14573101678216 6.34057311572777 6.16814479828787 6.17200156324839 6.13180418356274 6.17656949620126 6.06014196180573 6.09324064048044 6.26881409674473 6.1752885231509 6.31265431391015 6.34888272982291 6.25178581173121 6.45738807437529 6.30695886776457 6.53005395205835 6.39374401829731 6.42606036568446 6.18780783742339 6.12832915683601 6.15435579692173 5.9536779706124 6.20989368727909 6.31698136406616 6.19047697056688 6.22454678430516 6.62220132382113 6.49646599112109 6.37406366353936
"826" 6.16839577944717 6.55698331146922 6.28325639465029 6.20069843639278 6.253052880543 6.2810594510878 6.47190947114341 6.40160733742622 6.28887047235084 6.28956235814652 6.20392582531265 6.31438098092723 6.41834175069183 6.27798364358708 6.3304823254224 6.24018245371346 6.30404393584323 6.11752726796379 6.28867893949191 6.20259597040763 6.32846429944856 6.10625499402979 6.21565647945732 6.28261688370006 6.25944355462149 6.1576141232293 6.2655645627575 6.18276599143855 6.16257127242342 6.36847548785063 6.23917072230783 6.35685499108194 6.28451743977631 6.05147254009739 6.15253866129252 6.36498158691151 6.27617969345977 6.29149536319585 6.20457887815177 6.32967630102221 6.46763675303612 6.24443740109863 6.27951848028423 6.18126007290982 6.34068600954081
"827" 9.26033416101098 9.06276173010572 9.2253043935422 9.04260233633118 9.08539713265405 8.5748491433271 9.16475477592252 9.53876854573366 9.11347796009643 9.19784797951331 9.26804113229563 9.28243324784435 9.07822920520238 9.10519846265412 9.24614926881727 8.8535169618245 9.19239531584894 9.22368311729708 9.34417933248265 9.08112180454503 9.42978801116406 8.9509503914887 8.99827731359263 9.0095964122057 8.35799510735462 8.61583130561248 9.02747719909152 9.24160357574297 9.13570978350648 8.80434459335103 8.9886668462777 9.28239388815646 8.56006795586919 9.33021177118485 8.84762179297555 8.49505666080928 8.8871104209265 9.11026328152046 9.35890817239294 8.98271865185742 8.98536970130099 9.11498840257138 8.88512764580648 9.29757696964193 9.10879120480757
"828" 7.51509766701316 7.08691084982998 7.18635217433206 7.45453398376218 7.26528773858124 7.77135122316201 7.70599676480105 7.6283823065355 7.46564346895022 7.57096834581009 7.56229726985684 7.50808606569783 7.29090579725021 7.58835233900712 7.29930393262153 7.40973462501644 7.32598620588949 7.43539733110404 7.61159286168548 7.32188857327559 7.76896552618538 7.91338625534384 7.62397444017983 7.27786922590619 7.21290960152808 7.26453606323156 7.58370133717339 7.36371742400704 7.65782338655103 7.57310691215086 7.72633392842072 7.58359816266429 7.51801506452819 7.18806511048229 6.92333584120582 7.20322104548859 7.04042517685264 7.38687828172984 7.26659209981815 7.67949021364255 7.1802684162944 7.42340573041589 7.48850574167036 7.57401392779641 7.69064373143048
"829" 6.26140547177242 6.00323181802633 6.12872348025167 6.23565739210747 6.19227202892991 5.79167785613465 6.11653128723524 6.06369931547402 6.01722724262357 6.13207969976453 5.94935843414245 6.05000639560836 6.04739891670666 6.12809316289688 6.32688074020624 6.09284480148325 6.19250872079779 6.02913032626176 6.14432186444015 6.05145159791673 6.28291102709221 6.0712947186103 6.01254837776693 6.21697314539235 6.15025137166762 5.95230838048422 6.13575929095916 6.08195597183853 6.04219228378985 6.04402954143183 6.18248233948063 6.22765455244047 5.95611399040819 6.40179401052854 6.14040764935692 6.29469300911606 6.19685064023104 6.05591752549653 6.30034120210766 6.17767893476222 6.16006059512142 6.07296102012007 6.06170546567858 5.9959386589401 6.12139532297148
"830" 6.10139075152314 6.02947161263019 6.09808679631424 5.9509246318232 5.85684029271844 5.92173211417571 6.14499499037318 5.96804469558448 5.83172952352098 5.90139232058066 6.00289811823346 6.07858176153631 5.92290832660009 6.07045244136094 5.9996543252055 6.03509095674605 5.95278137449985 6.10110105179188 6.19930663922012 6.08290535343772 6.0756460419883 5.77269397903167 5.96037614188897 5.89081845574426 5.90122355952153 5.87960573499719 5.92851291052808 5.95807106258406 5.94324546069039 5.99877081683138 6.23065676629896 6.12310404177462 6.05963755672385 5.86881424423483 5.89428132854058 6.12789326617704 6.02589392911096 6.19659140212733 5.97532213694756 6.14058381589603 5.91422142707355 5.9449144837651 6.0031755219284 5.99501956790981 6.13434779983901
"831" 7.89171099491798 8.00574992204248 8.04617458094704 8.35416379350789 8.91443958263531 8.22155234215255 8.077885903393 8.64613001289825 8.52997120944468 8.54508147743383 8.71066245145424 8.54670872656499 8.30592377684409 8.31368707189531 8.05730105866678 8.05222453529653 8.2932953408782 8.45975510968346 8.41870398879414 7.64298586645929 7.89574978212589 7.9866635982797 7.96690384688395 7.54960994544302 7.53042991519722 7.82206438917197 8.01894827104168 7.51476919818994 7.68038973029206 7.88867838216118 7.82644426374241 8.12699103140265 7.543784196106 8.18097338666857 7.77624059304212 7.4817708097976 7.74395906707407 7.7501480344555 8.35354046722402 7.92345688727849 7.75404526563938 7.92619750729001 7.76637952894861 7.99183398191064 7.98723372370346
"832" 8.82842340148424 8.92184742167048 9.01048973813078 8.93180690440303 9.1088288932254 8.85411271375806 9.04667324639988 9.23943793029542 8.71755103831642 8.85870348812932 8.97830033591156 8.83936691316446 9.08260838335946 8.74477291051398 8.93365411484542 8.50910940840326 8.79945082329006 8.88583397285075 9.04852304675911 9.31225407909607 8.86980259314872 9.03381500983057 8.69802124230654 8.963738206817 8.86546768827894 8.87590697830769 9.12016712396077 8.67700970385504 8.66543735628712 9.13416299104632 8.97281241728385 9.62461137464636 8.8671604365789 9.32864836468722 9.14469310912588 8.7894564512062 8.85183069440776 8.56301492821745 9.68877107205656 8.83462291405314 9.2464138643841 9.41884604920437 8.96611714488187 9.38849719842145 9.38620389116754
"833" 7.20393340800791 7.03839269815156 6.58438402566816 6.37377864548999 7.03588455655087 6.96990177207303 7.28425411022085 7.36058405082341 7.24759375653972 6.84176607711852 6.73735507157553 6.95459522051683 6.74186861894061 6.76484611580651 6.64798135867063 6.61818534204528 6.40783700441931 6.86344864223108 6.54731377562604 7.04231837146916 7.53017118298802 7.08124477241644 6.83846398321175 6.80753999068253 7.17254106922413 6.90048378845806 7.32740056263495 7.1238779174672 6.98492931244031 6.87953335647997 6.61557523789152 7.00872277555744 7.25321724225014 6.57614263823681 6.69136796322753 6.86085890239177 6.77010499686657 6.91444678238247 6.84935013374777 7.18229081331031 6.74742921933354 7.25609013264483 6.65852227514832 7.02943752305345 7.11723313272648
"834" 6.36889086104362 6.26900621511216 6.07248494089559 6.37439514822766 6.42419293226317 6.21237137909875 5.92513132786724 6.08863271679649 5.94048121483016 6.26999165281227 6.24608700834847 6.24579307012278 6.31981161964299 6.32197439326512 6.05070718902125 6.17978592885372 5.7113491890777 6.0881867199421 6.24941885939443 6.23379552550208 6.22092468129373 6.17549018823091 6.18067100844195 6.05721951472426 6.18260053787896 6.1710197363568 6.16402144289109 6.18667306608563 6.39658713629162 6.13142036570598 6.298722753257 6.19089768844045 6.1887916703041 6.40669771054262 6.10092236424373 5.97622351426014 6.34472574008264 5.92091553113921 5.97851848100892 6.1124335763129 6.12886000663146 6.04075877918383 6.08244099212609 5.93891457226149 5.91551562229733
"835" 8.78341914457586 7.97087546419603 8.33831072133559 8.28010461957186 8.26340358140359 8.3260362059641 8.71148892102021 8.55529993870681 8.22579516185687 7.88159881664944 8.26335379384465 8.68641580390906 8.31271015967536 8.34605267241344 8.21423961400058 8.31550136988656 8.40712305429424 8.09288479837889 8.31330206820118 8.36643050284373 8.64766192910756 8.73772985039431 8.77464937401367 8.40524627529294 8.57443660787277 8.42839232565949 8.63180950775532 8.45796874752318 8.53446168028665 8.16589292793359 8.55545201873225 8.57203804819361 8.54103082055108 8.71915671546427 8.05814389048708 8.03911231711882 8.0217285051247 8.57028428355916 8.37010019798289 8.1800661276178 8.22644249183036 8.52825166839247 8.78301707379024 8.54865244893175 8.59491988528133
"836" 7.35296366273527 6.65349049687535 6.49159593652377 6.703760714285 7.03158548924556 7.21224639271311 6.98366920409179 6.86541439421831 6.50822767561595 6.53562319143102 6.73908798684313 6.54623488271158 6.60294496440462 6.48371712134357 6.81058569026145 6.29609430499607 6.51950558711479 6.61966011337707 7.03679443534755 6.91983277078465 6.78176015923057 6.34783768273688 6.83087363459473 6.83092044077971 6.42066904744905 6.97358815823226 6.73930309270387 7.45477065031239 6.54158345796674 6.46342519008265 6.81945829989379 6.88372474265133 6.87823991601531 6.81796263791048 6.72688450081445 6.66146246724699 6.76829823491562 7.33889900185999 6.739476497727 6.63406052034956 6.6885528267654 7.18866567675649 6.72239918106851 7.04397169368444 6.58859904568562
"837" 5.95500498177681 6.16296188235957 6.11296462235148 6.1945547933314 5.90021131503881 6.04389254102485 6.058426133847 6.34225396195527 6.18783598433018 6.31329011486311 5.9444057636703 6.29842871273573 6.14394464659914 6.11261994989636 6.35351025889722 6.08506691162648 6.14876665816004 6.07808155670123 6.22895009276191 6.04347177006786 5.95469392626446 6.19928619222519 5.92190848068847 6.21343687549497 6.10522203215738 5.98444319324237 6.26951826481024 6.07434422115495 6.32045998286009 6.16147730020305 6.20172575073968 6.36794980879155 6.22791324895113 6.07941867651299 5.96705748560693 6.11136006386406 6.1390540840166 6.02010718869582 6.21189425235033 6.01586162234295 6.04932770013929 5.83452019857557 6.07372181505338 6.20567456663076 5.8956370934121
"838" 6.08012783455829 6.27895491618628 5.77371976371865 5.89051751783138 6.03056734994517 6.01966353112805 5.95088143876708 6.1631029623003 5.65159851757851 5.88999204284046 6.16566235898327 5.93663533481767 5.89503250526084 5.98232422835718 5.98422245269289 6.10703065339594 5.88581287223825 6.05005030419421 5.8504293900111 5.74590786602623 6.09376930009953 6.019570898937 6.08707133852527 5.9640767660644 5.99842702212255 5.79356085313791 6.10616611597871 5.9524116474857 5.90446736548694 5.94544745594725 6.04234423213779 5.99649650642341 5.91310520299945 5.75740966368392 6.1647362297683 6.12171446905882 6.07309356079015 5.93508836033749 6.12621226900408 5.91330821552865 6.14377950309312 5.74950583012581 5.96304912151557 5.92587879931067 5.87106321233262
"839" 8.13185407100369 7.86874725102408 7.13024369560396 7.50503217638125 7.33178339954848 8.19767829295406 7.59039437440517 8.03671225413106 7.2980809921477 7.68834107053514 7.49896929256624 7.28822113359483 7.58794961115782 7.0304111875525 7.29707303657169 7.2448675156282 7.37580844238403 7.38672149854257 7.35538133648882 7.86237350991736 6.97163780185889 7.46540027358896 7.7102291392316 7.3244811399857 7.3074694782959 7.65719367784915 7.10701065833324 6.9729612236348 7.7661258415363 7.87071474789647 7.63468212290442 7.71795502450089 7.72130382429299 8.51399329241855 8.11740338036509 7.58232134975768 7.90881277879542 7.90773533785157 7.69037273807197 7.5883795505001 8.29084642840944 7.94061962767781 8.1423314027148 7.60927404559107 8.32336643397269
"840" 10.4260031812399 9.96605866244016 9.97374237744672 10.1612750445001 9.99166532501062 10.1154046809541 10.4595133601639 10.4312084855995 10.0633057272622 10.1057091289653 10.3350005499782 10.3328836454705 10.0177149476367 10.1052711985462 9.97360644470167 9.97235452609355 10.1428220527091 9.92823403606922 10.1498838774708 10.147574654219 10.1772486866742 10.342330436286 10.2343024168371 10.2159963392251 9.95114253145619 9.80853148685886 10.0181671232553 10.5034680015788 10.2518609957484 10.0420372143621 10.22452789412 10.346283236547 10.1408875502136 10.4417330105049 10.3193275184771 9.95850455791829 10.161443572119 10.2071368483727 10.6972412861494 9.93050292117428 10.1940633285176 10.3360233701287 10.2382631113373 10.3370255695537 10.5236619388335
"841" 6.19714597883676 6.05788624778098 6.06227980756544 6.08534995658219 6.06444912253172 6.08449277415348 5.94061429062592 6.25525890093081 6.09328469709618 6.3647946462182 6.16545066486257 6.08774315043377 6.22148293216799 6.08904167378115 6.22197464806187 6.31097506310631 6.46236713302446 6.27630053078998 6.24454657449318 6.07487734981447 6.06954232953271 6.23043779062478 6.09464847912341 6.03816935437746 6.27660456285509 6.22301772195382 6.22167715290473 6.24244595222649 6.24778114490853 6.0973817901387 6.00560192774445 6.27538733276926 6.15494881242847 6.03805868824571 6.09884131879594 6.25573301603784 6.06821816048201 5.95319414665278 6.15351666621426 6.09369706024109 6.06428644260585 6.16152528812765 6.27315408158247 6.03352311774586 6.14659549558316
"842" 6.06162203443934 5.88620955116099 5.93177770471747 5.89761192768233 6.03527806838336 6.04764513733214 5.70687815863575 5.94467271828202 6.0533690281678 6.0774167049353 5.87347398968224 6.05085346782209 6.13755958409058 5.87955943548256 5.91914399532686 5.84698366297032 5.82412575414984 6.03453946828684 6.12146362645071 5.99117414282745 5.89661413039006 5.92115740546747 5.82966827307955 5.94628739906683 6.00063709149552 5.58276857189114 5.79871062396616 5.87288256517497 5.78835256651232 6.00390981494857 5.98321060148073 5.89006135991217 5.93224655370556 5.7816656029741 5.94697176181366 5.99884213706909 5.91386130069368 6.05103137737953 5.77304782453241 6.15125222578546 6.05401643535152 5.89646089483312 6.13434510834182 6.09989501435286 5.91355385391639
"843" 5.9520923681542 6.07193405964173 6.25973401768928 6.13443982918908 6.11503930002911 6.29189460191803 6.24558260393958 6.25399755823484 6.13314621298975 6.1927515508695 6.21740377365058 5.87915032223565 5.85113934477279 6.12105438779776 6.00973347092664 6.19740048233379 6.06654657064793 6.20479080127241 6.13155334179881 6.08476894875613 6.07004123625068 6.16025242754286 6.06558276712527 6.09465464643044 6.24790081145456 6.10473209183281 6.14263274422109 5.92738118136185 6.20946463693387 6.42861550420473 6.13262978392147 6.12693186147878 5.93593436115193 6.35616656913829 6.19470225594749 5.947658092874 6.31676315263912 6.0385672283682 6.09313941916953 6.02182934265208 6.23285136365915 6.11633631450337 6.05422886770766 5.97839636061206 5.98106963246732
"844" 7.90083543677475 7.36312239019815 7.62997190424587 7.46011164576619 7.77601010232483 7.69712456866593 7.8274094677606 8.09526415167337 7.34886072142185 7.48539786579035 7.14492027724647 7.50007736700093 7.45037054404704 7.42566134986696 7.43389290601938 7.45953893053273 7.29383246975502 7.55600718733083 7.81771102912385 7.3756551355561 7.43311094877135 7.74953676021289 7.29620726345049 7.29789183130669 7.24482627083156 7.48587585258849 7.84783279755255 7.52820872428117 7.52530223634569 7.35106600175137 7.5021620356003 7.75681493233481 7.62219311822966 7.65435379771823 7.46929212488879 7.35782433861133 7.56092841924735 7.62774709391826 7.91099991966436 7.4603185858164 7.67578095770816 7.75249559856927 7.41397441311681 7.62906567271899 7.53418973313104
"845" 6.92331659228474 6.67156326239652 6.5658822241229 6.70009512383996 6.88701858939238 6.71961988669338 6.85974951231964 7.06343884426437 6.69523322899909 6.90455687277959 6.69708945908496 6.89608602472877 7.0011418001108 6.73301630841563 7.11366023651473 6.95334065249098 7.07588126107354 6.88828101080713 6.69638409964345 6.99972111706239 6.96783981833328 6.96820074881501 6.85607400275015 6.99397121489358 6.63731034406897 6.85005514360678 6.98664308566096 6.83730202617887 7.28852674610473 6.88560209103248 7.01446373167957 7.37217609257342 6.84328769239664 7.36969130945271 6.85686743199305 6.83830729774972 7.11046320238113 7.04648592976845 7.50927950294238 7.27047728260771 6.77568781095817 7.12959917635825 6.78812518449676 7.27405898507087 7.06368645274664
"846" 6.34052807020353 6.26129910351859 5.99615528240269 6.18887035395852 6.37292653812208 6.32111162148672 6.3691836380184 6.05145832491363 6.35400872983928 6.15531705141735 6.25283705292973 6.211730412191 6.0647415798614 6.33872426863652 6.21220282605578 5.94794328591145 6.18940618230369 6.18476695147688 6.25028962212453 6.28635784711831 6.28998733376125 6.29800083896598 6.20103922328193 6.21038603906859 6.01481794340745 6.12837784044661 6.14907513987684 6.26835031522037 6.24949453275536 6.15541213470094 6.21753236743984 6.22348483631361 6.29108082947503 6.28495467494878 6.11573292434606 6.27311540731272 6.3437331927763 6.27413709676269 6.07596303567676 6.1093417056261 6.22093979202975 6.22803722731887 6.11971817717755 6.24622586124517 6.27555846428313
"847" 6.38141245305257 6.25527911034787 5.9384271359907 6.08397813566617 5.82771614085925 6.15667959737705 5.91989011504749 6.12980733737875 6.13434490299046 6.03242995881351 5.9826045581833 5.98931440090781 6.03032831258602 6.05071968468019 6.04600016288363 5.92141341635326 6.01419026683054 5.97656374866785 6.01237976926174 5.82679805584639 5.99471257520341 5.82361793565016 5.94116556921978 5.86455846454421 6.14191602639453 5.90324099384718 6.18433942030914 5.85559705363886 5.77293987555487 6.03253494480301 6.17610762209837 5.99520408402305 6.10723811043921 5.86607074005469 5.96873583041068 6.03983682912652 6.04176113645583 5.95140926837114 6.04979979367202 5.95985216304398 5.89683628819203 5.91462968667528 6.09488470030755 5.89800680083195 5.63450733258244
"848" 10.5995294167085 10.2822050961621 10.0285083711071 10.4017794682842 10.1216512819007 10.0866162267955 10.3869416914108 10.345782005427 10.2708169773815 10.4960470296602 10.2979851602491 10.6324794898705 10.5671698542197 10.6628867082526 10.1990041466962 9.93933404304829 10.1653879973866 10.6290181446227 10.1805288107211 10.5687916460983 10.5019709292115 10.6434674608761 10.4399022589634 10.5356339722022 10.3913635208747 10.3237037371638 10.0785893122976 10.3813912754541 10.2212285053031 10.4537632836023 10.5018851496946 10.7354207075768 10.4891790764792 10.4941641750965 10.4087836191898 10.4160471006181 10.259828003338 10.3666520168525 11.0380589085377 10.3870205922265 10.5154958083422 10.6736461687942 10.3982758279713 10.9666568630375 10.4995673633423
"849" 5.96929159317177 6.05940572769205 5.83483194873482 5.91137321196359 5.94505187833887 6.02983811580782 5.98452383529696 6.01835484679836 6.1545151945556 5.9466805491848 6.06188470895519 6.03324902198004 6.01397135064332 5.93622056924561 5.90537768050587 6.00763537247739 6.0141710280934 6.05126853064906 6.19173433930743 5.97096513321544 5.78807299292115 6.0759258343348 5.75468281747688 5.90260067861891 5.92466433871308 5.89711709696717 5.78588386108034 5.88272032736536 5.59884022233106 5.95956001359144 6.0365873221715 5.96163559227157 5.96179259507994 5.80791606014557 5.99952459643027 5.91876375423557 5.96076624679964 6.0773064101004 5.99401231693304 6.05564071732066 5.84578640154854 6.01751120549028 6.07661810597636 5.85649355082255 6.03804962878266
"850" 7.413690815446 7.24995053556756 7.59596682652184 7.4816676453025 7.45881467612234 7.16425632520295 7.73953025131619 7.78373252572975 7.38433866320958 7.44466835111636 7.39418594522963 7.83374557420916 7.57948490797815 7.56633639440461 7.4792807866376 7.32766754821236 7.72064620676808 7.90526388012499 7.71199700242055 7.29252299042751 7.62533380395278 7.63118314374671 7.44564497250458 7.18111338031259 7.18407311301089 6.98699226962234 7.69179889551758 7.54167501402364 7.63395144778254 7.40376069073411 7.54119229334163 7.58713792094046 7.3418723159153 7.76437897823375 7.27659278637343 7.35689409147703 7.39379699737255 7.56160106913252 7.87034135434964 7.54107995856234 7.61461542435377 7.66807183963404 7.51432699315435 7.49543021736754 7.48615220709556
"851" 6.38354198537355 6.37505728157942 6.28067503586944 6.47962839508596 6.24500823360239 6.23021111047471 6.25344202361976 6.15434006723009 6.37504809979064 6.24854930478201 6.4771928516158 6.25846059412488 6.23892818899221 6.469229417524 6.22395511725159 6.21811126879219 6.40936369680561 6.42746188549846 6.32914675156013 6.2440663258435 6.65191388333029 6.21318445055353 6.40887311643144 6.30502098211522 6.45776629215952 6.33772078206642 6.19616528210627 6.38894379508061 6.42880107788201 6.19903919833257 6.3547572895353 6.46043702489488 6.22156707862238 6.17041804706706 6.38844350337953 6.17967623912366 6.59155773844522 6.61423982429644 6.32708628994134 6.47281601865649 6.41103273705854 6.40777707810213 6.27704040783999 6.47303216419784 6.55472830719108
"852" 6.24858319888621 6.22203914208847 6.38814139008395 6.29034127238703 6.39103259809632 6.47828613681474 6.33744385435318 6.42976271947606 6.4072191258038 6.52668059446572 6.18210303168273 6.37808894469959 6.33825386114657 6.20846285486803 6.24757584018076 6.47268718635228 6.10944814062752 6.10123140537996 6.25174657015763 6.37991097098596 6.27706663146419 6.44379564239251 6.57205185004967 6.38885844220035 6.5381931841057 6.39730296357726 6.24054084236091 6.18557069145144 6.43111370631125 6.0805124482347 6.23561749646159 6.26652878777018 6.03693154266089 6.52133613001779 6.13733755545976 5.97596422726083 6.2086709140867 6.16253319711498 6.29630947970878 6.29186479151798 6.62299581661468 6.38492123191009 6.30730481814139 6.35813810407574 6.37552518395406
"853" 6.06233965518312 6.13894499043455 6.03668319235045 6.20260286988512 5.94694110747618 6.26735567452801 6.20143765230957 6.12673228611672 6.09326830722768 6.1516335412658 6.08112738280567 5.87338918122967 6.15374283686794 5.89957003254856 6.11744075358797 6.3177501074402 5.99163715596707 6.04421885005458 6.17006899888076 6.13079519471227 6.18596876226475 6.20670205074897 6.16474422959027 6.12970530929146 6.11396391147741 6.20078222687035 6.02284034302781 6.2312354846661 6.24362789294206 6.2782961945227 6.31353982902369 6.27064286034442 6.24445826792888 6.1269100383447 6.08840703970047 6.14409014479923 6.08776114810982 6.24103338507118 6.09147088156516 6.0855942849646 5.93599283527023 6.19626330169939 6.08268026996291 5.88732414835364 6.20952580238419
"854" 5.8927729362795 6.14477797019132 5.77017552765565 5.76989020188789 6.01267176504458 6.07344111571527 5.71284093028173 5.87940158999688 5.93798940017008 6.05801790183564 6.10972910750302 6.10051568339237 5.84544649328313 5.93885147639189 6.00531809666279 5.73202233723002 5.91377477032352 6.10591531745141 5.87103852851394 5.7838287157677 5.88893977277071 5.85243836630677 5.92221945628997 5.97223729264986 5.88068327559778 5.89792913058227 5.73893920607933 5.92558093517206 6.16317214645056 5.87397130605611 5.99032531888382 5.99335413762702 5.99892700912126 5.88792026211124 5.9704416872587 5.93028589624515 5.75690081147495 5.96531927458191 5.96473938671631 5.83810956265145 5.99074507157258 5.92685345192864 5.86934214371422 5.95846412731086 5.96963724613302
"855" 5.88820404552394 5.85330503105547 6.07021563533542 6.0360181863541 5.91990215478078 6.08103809258846 6.04046963823171 6.24871135819178 5.90108190332279 6.17025329202766 6.10685381839852 6.08670311275682 6.15362994061081 5.95134001431079 6.05055275452288 5.95032485456033 5.98176215543989 6.03917298363486 5.91641902264707 5.94822768355614 6.06992615535312 6.00195307330168 6.08451809026372 6.10962616422026 5.88211228273113 6.09330125505075 6.14717415253388 5.90037213110614 6.06548174514764 5.79966458326243 5.90164758583045 6.12258027368324 6.08191069509277 5.89994149233468 5.8446970739214 5.9701591707293 5.86228439079905 5.9572323656613 6.15989313671937 6.06808562286872 6.14369347093717 5.97081636103819 5.75502576502066 6.17685783002574 5.95677254225443
"856" 6.38512195710803 6.07071987901034 6.36096004571113 6.32260654711851 6.24262528222139 6.30723155025735 6.15288265430819 6.47693535738777 6.38647229263776 6.30051538671215 6.251279123576 6.27867054971356 6.40859011360001 6.15296661159472 6.09425817058918 6.45683717218986 6.3104589092956 6.23994529335051 6.47545753517402 6.14709657743393 6.38835821281679 6.12783886204283 6.46058183131416 6.3403570822262 6.51932654197359 6.30403939540038 6.52455443501599 6.31083899237674 6.17084726698096 6.34676515272543 6.20808676170781 6.32568874895241 6.33117577283508 6.17970371105322 6.40720344738674 6.26275758969498 6.49231627510201 6.32032038332882 6.10946098004069 6.31229789334164 6.19408878424613 6.47879199196866 6.13975813998837 6.22549609781513 6.19711962739316
"857" 6.10915923759265 6.3052920274895 6.46597037896571 6.26222148126178 6.10246125757891 5.87942004272038 6.09484369585424 5.98693199623757 6.16944679868224 6.12232410886843 6.32571496161534 6.39864156479019 5.95037620881948 6.22658686655012 5.98434979688166 6.07866094358299 6.11250982270968 5.99112256995363 6.13729300014326 5.97784100268233 6.1492449382559 6.24560129139642 6.20072829668602 6.17263958555576 6.18651762757993 6.16198367340964 5.97137319617139 5.97114218093609 6.10238987585377 6.03576771589011 6.2399253513586 6.13650012127958 6.00953140837635 6.14821964515076 5.9771949250302 6.08765438353545 5.94767676478363 6.15572011099306 6.23437831350512 6.09329409071607 5.97427209172416 6.16795018794746 6.13157976628823 6.07102313389455 6.3635001039639
"858" 10.957112219976 10.5054265961034 11.2200005296137 10.597900494936 10.8975411189405 10.8824284000742 10.9079888768198 11.3979536166231 10.9624043739008 11.0097472263537 11.0005036729752 10.731746032316 10.9884205935649 10.773966824981 10.6908955793062 10.4285786817535 10.6337045736289 11.181625122032 10.8020594397489 10.5507111266904 10.8383840691752 11.2187406759236 10.820009143941 10.8701809724093 10.805346920986 10.7043112109369 10.3720863088115 11.0558443804767 10.8414624106205 10.9566352889291 10.8665152476944 11.2847167350435 10.6259687294929 11.2166948056368 11.1363358701917 10.7802546785663 11.0125935097562 10.9575325707421 11.7182153146436 10.8827511330551 11.0293128194761 11.0503334768774 11.1150263029369 11.2677860892243 11.009284474077
"859" 5.91687938917449 5.86581619481204 5.84343679151263 5.90917343782412 5.92024022932421 5.99661986277106 5.92580169301282 5.82161187299243 5.97036908676718 5.83230928712669 6.02098621797145 5.74676613041659 5.79470574472508 5.79283492238501 5.99062614719528 6.02592666833153 5.91713336323862 5.93054099786036 5.97605984703048 5.73112823555005 5.56168618529616 5.85830331881897 5.93058754727471 6.0266153339754 5.86819900566254 5.89864972476328 5.68070476632711 5.88766669451183 5.79682119010551 6.06560731785672 5.84142741600644 5.66003605867509 6.04854107148769 5.80341285289086 5.77105890989996 5.91667200584215 5.88386590923131 5.86392246469981 5.88006267187349 6.00824606667492 5.65418396150232 5.71221550246337 6.07961902803589 5.7036528200882 5.83622648419542
"860" 6.49653883557471 6.82806125380817 6.19601986967518 6.46076445810097 6.41646852341042 6.11523390475089 6.34218605069207 6.28055267597914 6.42294847678782 6.52374626858396 6.37194782003641 6.35834255969473 6.59140247812464 6.3640890416514 6.36731973102182 6.04820219078968 6.43267151112654 6.51589327217042 6.44276491514904 6.37195966202538 6.30555465408416 6.13761869338528 6.13939959207431 6.27964247238197 6.12672649386507 6.32644715980863 6.23627943738033 6.41555889875263 6.16344654100856 6.59133802734741 6.32896354173702 6.48849848576941 6.2058450840559 6.31713843073423 6.45048045283753 6.36813153555764 6.26041934561106 6.28158915832646 6.58528169662228 6.49134946716058 6.41945310540611 6.43385035262513 6.46629865572486 6.49283981138712 6.61284074567524
"861" 6.0967287579178 6.11161989866943 6.29969366601877 5.90204137039373 6.14598043257984 6.08255006149892 6.07840545252659 5.91986860829298 5.79504952580404 6.18364050402363 6.11366004934555 5.987665835282 5.85864342711732 5.83462984042526 6.0936366991074 6.36677636636887 5.98714207337392 5.76573235085406 6.05458267342144 6.15242482035505 6.04802612166818 5.8662307917021 5.99722186718077 5.98453754554827 6.06075544868394 5.98771222448806 6.09357300025787 5.84908602038988 6.02855228980026 6.07457770965448 5.99343458128019 6.03212020584821 5.90071870934264 5.94689103345804 6.44178536881335 5.95968880297118 6.30984174445884 6.00910350627102 5.97505191419036 5.9445901174604 5.97700845127161 6.07681849126439 6.10889752795913 6.09172302943857 6.29598056417058
"862" 6.4415053149668 6.78432107123095 6.47454182934146 6.62645409350943 6.75831051797763 6.75804615518443 6.5689502495488 7.13227485704339 6.41024861401198 6.59813187822895 6.80287519865048 6.3602498269432 6.681082850654 6.5598051243411 6.48910633391088 6.28290466196042 6.4431964150652 6.87812173767672 6.79128862455407 6.52622594528507 6.77206322462927 6.78929686448455 6.64286115083254 6.62662048825587 6.46050377608807 6.59775380712631 6.34431982897196 6.83239505828992 6.55371299407275 6.5777906352495 6.86295862809273 6.6818022713201 6.64316198494023 6.70054435135243 6.73961507125741 6.40014702550874 6.38076343568173 6.73923817052634 7.03909295978039 6.66410731773771 6.51814793464849 6.72578244544688 6.85362970244727 6.7345673462403 6.53698279229948
"863" 12.6434354992816 12.598489881894 12.7417918718363 12.6495971965605 12.4684118213283 12.3284041721833 12.2388687529956 12.8347252954375 13.5563413109645 12.8132675704563 13.4149994448713 13.4306450028794 13.1654347896158 12.7788304936364 12.5662731564742 12.511378961137 12.895074394338 12.8118592637987 12.7494606686574 13.3389967276869 13.0268889594051 13.491479145779 13.2766704097797 12.7831880398505 13.2175751230028 12.5184779804078 12.8421382394361 12.2685465267539 12.4264730416077 12.862938649862 11.9832741273221 13.5466182596683 13.0491513246234 13.4052751233101 13.5427495969042 12.44805850768 13.1881322071105 12.5082626810397 13.5059998022428 12.89288953727 12.8008895085537 13.2316354372987 12.8582891465836 13.7253294724055 13.1719393681485
"864" 5.84012345918863 5.85956774195961 6.01251990882744 6.11671861647938 6.20954500381622 6.19381464270339 6.21799272475723 6.24779978177695 6.22177087062464 5.76321209853688 6.01389016238075 6.15537144469185 5.9838916090163 6.28475813072435 6.03393297334341 6.10207323688164 6.18375591009446 6.27266406670446 6.15241865592094 5.98153932939302 6.20012526001262 6.0675524809949 6.05738382257303 6.1843674863131 6.14159927272688 6.09303449155594 5.95357115689634 6.06302931101366 5.93917463336781 6.08267066226042 6.10993991961833 6.06119743087751 6.40837951423919 6.16083749307705 6.12744476713504 5.98819442313823 6.2546571260499 6.27730462301012 6.22235656029843 6.24764986353519 5.98630003404193 5.97215024900288 6.01364267932853 6.21869265616033 6.07473941267546
"865" 5.95677772244324 5.9400074568456 6.05886855661509 5.77310510137849 6.11221662238836 6.03268969873363 5.89998878324297 6.07258894923841 5.83830592255294 5.79418802385404 6.00930423247926 5.75437002616165 6.1139900840286 5.84785718226161 6.1352128248362 6.08681723693953 5.94741036109704 5.82620291322049 6.11046850367448 5.86468516841644 5.94311251717955 5.93585721439597 5.87768902559402 5.8579473726589 6.23086581576199 6.07757925681057 6.26928695166062 6.00356021816883 6.04247306509292 6.22712937050377 5.90466814695431 5.96027225600617 5.94901439716958 5.94399044176719 6.08353146204254 6.03233707058382 6.25331117157698 6.01371249954487 5.7847839474482 6.09511677849267 6.04434079074376 6.02991407203642 6.02339116065632 6.09982101857744 6.07120033907064
"866" 10.6971378886479 10.6431425132789 10.7602518947955 10.8689534760136 10.7033795048348 10.3697261445071 11.0504159440142 10.8407812310136 10.5370082000043 10.7597082750514 10.9270378670455 10.7120518168236 10.5374471173004 10.7166272317059 10.867022264699 10.1912440455301 10.4472058384184 10.6657269099983 10.640571259156 10.4329691185205 10.7747750192365 10.9474009123581 10.6708072760769 10.7505579107774 10.4534585830165 10.4523396226683 9.88201746194077 10.4325608037627 10.5863513413953 10.7551627432692 10.763034259621 11.2297859225453 10.9522014994256 10.7195595269778 11.014415357778 10.3491954323983 10.5952567756335 10.5650331620241 11.1895647936122 10.5321371856147 10.9877322260451 10.8355858484178 10.7178524398391 10.9131784801588 10.6154587834921
"867" 6.13905520124374 6.14238936334674 6.0986494627868 6.26021428866756 6.36470616004799 6.3143729776677 5.99760273721456 6.29480819865809 6.0693647814795 6.06166249037066 6.31725821765017 5.74086075307266 6.05518633370852 6.02561541803654 6.3461397806231 5.91947993037775 6.10698579100358 6.25089594351263 6.31467945924172 6.13037614980354 6.11698748616644 6.00452686772424 6.11258627184941 6.01981014948484 6.31996275601147 6.22409318131356 6.03979756492051 6.13208521378048 6.28175975533194 6.1403911273172 6.06593014021938 6.17490636109499 6.12629758185079 5.96687609153069 6.13450835965134 6.13923789357636 6.19152569747823 6.31254167227152 6.21774641725817 6.04700221709727 6.24328906574162 5.98810307275054 6.25571560787516 6.08139499095852 6.31810309659696
"868" 9.01886494783905 8.64619944963206 8.89277393339731 8.53789272558911 9.56183420022297 8.35818858265269 9.22696300209759 9.24721553899057 8.91139033730428 9.0110206836023 8.99999469847568 9.39194965238745 8.59279335870796 8.63840311155927 8.41708212845715 9.43973466005218 9.21302504454991 9.14798728551241 8.8952487116804 8.71397588095408 8.64104619106449 8.71949201648438 8.29019988758465 8.47909923980327 8.0591186146685 8.75234243163038 9.45431974592194 9.20829669099929 8.78471756629966 8.39888593011641 9.03647504664078 8.82448010000483 8.76338643524764 8.62437281772756 8.73404899810401 7.77515538179158 9.05468742648003 8.92140434985624 8.64333922150002 8.97345828056033 8.45879359995364 8.96650796610441 8.6601133339316 8.83873850979829 9.33104050826091
"869" 9.55584227859101 8.40182030503576 8.74486410628639 9.01521985610866 8.21848045864683 9.35564928470648 9.45682793690582 9.56973073145301 9.25534805938538 9.10178908954272 8.70972070654253 8.8747135034301 8.64510213122429 8.53135360883718 8.48771605729432 8.95705342546975 9.03593071513207 8.53555872195599 8.94691561703577 8.27839644276894 9.03516121751965 8.8136416174976 9.109567295962 8.92675908627546 8.46899921855825 8.81237492396563 9.1926113614665 9.26718035283549 9.27820863953075 8.73740423389704 9.12315453896971 9.04498344853977 8.97535921729726 9.16862037288295 9.24678627189167 8.56285138402475 8.90878489288449 9.41985418823635 9.22658852352676 8.47086243555393 9.03068016245335 8.79807988475109 9.11723711278954 9.32406125112025 9.09529285232401
"870" 5.98160587238152 5.8482058051626 6.19719705984946 5.9600715872981 6.18529858967004 5.95151065566566 5.83050709887882 5.99118403931245 5.96272865570297 6.04334002788923 5.95055917429081 5.98212975432868 5.9067963467237 5.95317871233717 5.90086247465027 6.21276899945622 6.01949703071336 6.11422260653188 5.93786422343099 5.81010937345488 5.88914163745622 6.00262459814656 5.99754967029036 5.73579335775521 5.88020283489842 6.034883815983 5.94744281955458 6.05271009408543 5.94721347971177 5.85997980177419 5.98903807597714 5.89251467271712 5.93848899630675 6.14251086415118 5.87317555379407 6.11559243960328 5.91763853816173 6.2550316084867 5.56488775539089 5.7286136931945 5.82545353081439 6.10774454972642 5.86417863005283 5.77370571225342 5.8498710995324
"871" 9.36167691429121 9.49938637978645 10.2665567060399 9.79323856451945 9.75173657672655 9.5335550333352 10.1179766091933 10.3347715286076 9.80782929750664 9.88451536493086 9.76314820108216 10.2559469694519 10.1279033633974 9.59039552646728 9.73179500824482 9.78523822962246 9.80283296281747 10.0813934380575 9.86423361620292 9.29087629022098 9.49761093763447 10.1638300254142 9.77689696533071 9.36434559368361 9.49636203518299 9.38606524003385 9.39466692605287 9.66575702777352 9.38659090236492 9.47968603103251 9.38301741915385 10.0928559832482 9.31828059474632 9.91184786881471 9.94626852200864 9.39353279879101 9.97026390465679 9.55051651856011 10.0228025855121 9.73974926920011 9.5843291007903 10.1068494959307 9.52870487782212 9.85945436350007 9.94854014772229
"872" 6.24143277956037 6.14896670132016 6.3317055713513 6.43927280927034 6.24022951532235 6.38428428703815 6.254108791797 6.25277278089121 6.05461392622079 6.0155016129403 6.07776915858843 6.0664714269611 6.30164911946536 6.27363859125636 5.94908065597997 6.15955230772874 6.18161350375226 6.29369456262277 6.23340895695484 6.37074588333231 6.31117313473081 6.10321053849467 6.06068521645106 6.15070865477635 6.19249015067391 6.2479418463238 6.26024680360952 6.42693106221422 6.39994229673995 6.17921093771873 6.22767350275178 6.34329298811975 6.12749546839762 6.24507338572349 6.20614334122503 6.04789215338741 6.51104568871652 6.29837704355255 6.25452471521283 6.01578796830565 6.14941293307285 5.90276578319479 6.31670975398165 6.40252217095794 5.93892844499435
"873" 8.8893158216727 8.7892394715728 8.87974547876502 8.8960978818736 8.8670649511564 8.71454708759431 8.87495704929125 9.10018911570214 8.82240616981592 8.97605868952128 8.91327384542402 8.99924929080218 8.70402636166389 8.7009241933613 8.72378809189801 8.68001867945905 8.86274217597426 8.7081681631564 9.06092955741494 8.5668441226897 8.95418276442288 9.02613743597697 8.75393969268231 8.67621867102165 8.62288383862367 8.32109892377244 8.50182268833347 8.8135097572821 8.50179585888453 8.58268544693883 8.70460976123765 8.79292048717199 8.67106636171199 8.82942654846484 8.6586859911689 8.59854602864131 8.70821471188695 8.98914130608218 9.18854186209175 8.71676564112142 8.69916479261624 8.91976197558417 8.7065498504954 8.8385494065378 9.00957974818897
"874" 5.94786330761394 6.19980835424266 5.98005899401018 5.95075653418281 6.01830487652942 5.73798122335164 5.95213543945239 5.98196685988415 6.33473959144369 6.02272552450777 6.02619581067244 6.09876341809051 5.87991247367314 6.27452114146705 6.11001521562232 6.10493246802233 6.07206807593282 6.05170171701799 5.95182476474836 5.87564657830667 6.11282705041369 6.05406712507327 5.94567932212426 5.81142618665961 6.06298227257323 5.957406699695 6.12241257759662 6.06903767360183 6.1787198510237 5.94890809757372 6.10099980678643 6.00263389088212 6.12616793989412 6.17494597336957 5.96502370435845 6.14597771651795 6.06717731320565 6.0636647750487 6.0684682326914 5.92837023096841 6.04385322076368 6.12973936662294 6.14326552397445 6.17025006129408 6.00586214631561
"875" 11.6817625672779 10.4042388820372 11.5637066267354 9.4572849797726 8.25849599584172 7.50109743050361 8.59937281562869 9.8593582313005 12.2216665088929 10.1861325353495 10.7106768163099 12.1995350580372 10.146788955744 10.5403025523288 9.21630784111749 7.94971678164498 9.06222280186491 11.493896345634 8.48164378365924 9.60625241420513 12.1745762722918 9.33515118340139 7.99839282105587 9.41404543107135 8.12902408307609 8.02521324174934 10.3193675027078 8.7494622095733 10.4995843942241 7.99621267677376 7.73490677041958 11.4825722225947 10.1692579230991 9.33484286973816 8.16976113077966 7.69277189213277 8.31834399822044 10.029381435359 11.4056039378004 10.6643285843603 9.27828583510149 9.96046107073672 7.68642279470296 11.2684619106299 8.58723895695737
"876" 6.30802273193688 6.16489478727169 5.98088889197163 6.09907952378034 6.10619410046433 6.30647250248545 5.88672100181984 6.09109454419326 6.12426764643719 6.1495637749999 6.04687543480088 5.89777825698975 6.13529832371635 6.01827796077776 5.87619910378648 5.8916653823395 6.03313887514965 6.03916024469125 5.8845859175922 6.02474882763376 6.12245971572792 5.84848082601637 5.9671071588774 5.85886652298025 5.91480843081748 6.01277878350211 6.11884644006936 6.11555164034531 6.08510142838719 6.15140878523023 6.27338327092697 6.09420606137218 6.11084187143959 5.88563974503981 6.05255127584553 6.23960523253378 6.05208475346111 6.15770921268091 5.94446975036215 6.08243130405777 6.06338284482866 5.87746814594193 6.28047861113139 5.88616818423928 6.3586206491266
"877" 6.01307509029561 5.74794072052277 6.07938733815229 6.05304182216591 6.08122943836418 5.9624403686542 5.93386309180211 5.7954236968372 5.9518850156786 5.97030143365686 5.9698617179555 5.8848463938642 6.1309280715477 5.82038625175403 5.9208095793753 5.78714233759043 5.82049930674492 5.74385363856737 6.01432528044065 5.91020181034876 6.03735378067235 5.7372366500822 5.87515223285658 5.96009032138277 5.86849826042888 5.93582260236949 5.99964428021978 5.96523659273645 6.00759105954172 5.81880779421363 6.22521418962657 5.69203545249558 5.99889149406771 5.86405203119218 5.9746674911941 5.97745953935856 6.06580337522563 5.88905060585763 5.75117418299928 6.07668678690111 6.05890752309934 6.01518266243288 6.10927616145249 5.76342882790831 5.878508806217
"878" 6.18560925926868 6.31307876517143 8.01414225748963 6.72443298917847 6.02198153030535 6.1763788154088 6.64667502967899 6.80645862120919 6.34197400636297 6.53879195048444 6.35154539292059 5.94830634341906 6.2474052176318 6.51661569504927 6.4272804474162 7.22667337838198 6.47393380581959 6.56785595167756 6.92188729630997 6.44392148590763 6.2853334409084 6.41171480638371 7.02175608111117 6.36821123576508 6.73920922361155 6.67292714776777 6.4123102061962 7.05413698332399 6.9454666933779 6.77685936235548 6.79236137211258 6.8284999477194 6.67375914112326 6.87149548272412 6.69390125176824 6.44730628107006 6.771708035387 6.36994732603074 6.17536738950579 6.10710328497249 6.76725361508067 6.92073330115559 6.59458533450714 6.55027047412305 6.47089196961862
"879" 6.13234646792366 6.14095970421354 6.12984260067618 6.14484518782858 6.0811452653618 6.0587824664595 5.81922533520637 6.04233589685672 6.20871534426778 6.12496710900676 6.04215082836927 5.7653832620164 6.10723993860085 6.3018498493432 6.10481349184546 5.960492502935 6.06393163368235 6.03398470783059 5.99317521826461 6.19706619506286 6.07121976725739 6.41454324056011 6.11442267890151 6.08841122537076 6.02850503211291 6.03796237644206 6.12515131495016 6.18290407689532 6.09456555563324 6.13153071893528 6.18578255257617 6.15186881344586 5.98357901609322 6.04585388462699 6.13763486917767 6.16945593320342 6.45474153554688 6.06702127087507 5.97393188668878 6.02784091831836 5.81787197298129 6.25103712887638 5.93924587423131 6.06022313243522 6.07330704684785
"880" 6.85613059262039 6.99042004957105 6.81259517599656 7.01881801890983 7.03728465143955 7.2863096044737 7.081919761184 7.1983071161131 6.79144791924463 7.07988877904916 6.99571839255772 6.93183339510571 6.75291375686312 6.62714917753474 6.98498536146772 6.91572475980156 6.7229661450552 6.86208466124522 7.15071464480226 6.68524611367695 6.88676261159327 7.02943178292203 7.12782146717086 6.96534951124405 6.85760548786963 6.78191955381214 6.91161431679962 6.84666323990688 6.81256787702792 7.08518247353958 7.06249701864066 7.24823801686941 6.65128646689063 6.89777489150969 6.91766806974285 6.56137137017881 6.86348318976123 6.88444634601314 7.16428431960222 6.87290883914997 6.79479813464332 6.88896095243358 6.91580646192233 6.8110575751487 7.02561506126216
"881" 6.2043700718986 5.99193781745313 6.00516872576183 6.04544352794313 5.92102483192287 6.10247000906289 6.0952506804787 5.9200648756068 5.89956129752488 6.07484584123769 5.94590938836588 5.92256333018883 5.80530197461165 5.91506741685699 6.04222349764723 6.15124365106106 5.9690212135363 6.03377153451392 6.12387473180618 6.01406801728388 5.79479599436818 5.92881664693723 6.22860835745936 5.93219174084127 6.16932959609497 6.13881722142237 5.8593558209908 5.93997890755405 6.20857630436169 5.99853197659404 6.03992487108781 5.83674312436548 6.14537155119223 5.95547811483464 6.20763301442443 5.97197969781483 5.97944710190351 6.06981395636219 6.34646737246121 5.92907428961007 6.23890277424134 6.12425013459211 5.98613274698851 6.12807147296264 6.21871053032664
"882" 7.82817589367472 7.27091880973168 7.47120706443355 7.94457033822873 7.4276879816944 7.53270117247282 7.95974489158836 8.33177321444049 7.69197685510818 7.95958141809168 7.89954453884777 8.02874442084498 8.18410313041539 8.16653339275688 8.13269858197309 7.78023777140376 8.14677780320915 8.33077197425982 7.95091690646149 8.03410256313746 8.23591822713827 8.2521884436608 8.01884461977228 7.58339033127169 7.73542008934939 7.54936164423173 8.08837361479982 8.01206315877743 7.85266637606432 8.17171074271974 8.07079936109449 8.66642396256182 7.7205131718807 8.28918258457383 8.30057393105415 7.70431969345916 8.25754362290484 8.14596781639782 8.69425294083841 8.22220234476034 7.81102664959307 8.29598093677704 7.76428969243166 8.48517298842533 7.80331333588156
"883" 6.22330793189382 6.40470771263684 7.06908246022689 6.41276417418634 6.47274550058766 6.28012579311362 7.49904406477476 6.48758121934768 6.20567329989275 6.50116921759328 6.20107909028632 6.28420730440155 6.16885320384939 6.18236793870377 6.18977384769765 6.23815856726427 6.15327688112987 6.16042825457627 6.46128767299941 6.37341627589133 6.1171382791706 6.1473807708061 5.9961089018173 6.20768912164737 6.0478481802131 6.07497495289141 6.24529659496609 6.10795385869581 6.4725062137213 6.10547820439667 6.28535766346518 6.46715794896958 6.25319215136103 6.49439095959212 6.63113000812416 6.19733226746291 6.21812932870782 6.43914302897247 6.06775570364151 6.13107739177558 6.21005298346152 6.09451009335424 6.2770070020564 6.16092382067329 6.36950295531777
"884" 6.15581409221078 6.12089081736852 5.95922281201616 6.03439273655708 5.96660070962995 6.33318548222682 6.18508408495486 5.95537936004061 5.87061458368807 6.07275125308997 6.15644823423417 5.94045344657802 6.04222138818046 6.40401250195765 6.04918414693256 5.91556340925277 6.12137596273825 5.77680418141738 6.00141435454437 6.19977039235606 6.00694937596485 6.1238862439562 6.01033436528706 6.54211510010549 5.85943527130369 6.16647101352693 6.24420552259596 6.04597911649913 6.04715163830059 6.10393921067113 5.9325078631775 6.11573629849406 6.09617330391027 6.23371107092262 5.87092752009214 6.07599351245452 6.03424348044507 6.1070663230486 5.90661327745798 6.12278978292565 6.07387100483816 5.94190431660955 6.15161104730679 6.07679187862867 5.99821280546944
"885" 9.77742384687136 8.28472700097665 9.82029654127349 9.50064172804507 8.83102084922213 7.8683981844691 9.3022062213816 9.61555816307343 9.4896330721666 9.60227942737237 9.58065226701234 9.76719905684437 9.18837486586556 8.77088702771934 9.3567370985995 9.04997165864757 9.7584993291864 8.97429231866102 8.75510510508262 9.69855914103798 9.42822566434651 9.40417489314718 9.47222459787759 9.19635542966654 8.27343453747303 9.0026211805416 9.37231830069299 9.45504493322343 9.11498234463724 9.25581174228535 7.94592857014287 9.90120691834758 9.01473530806828 9.34653045198037 9.24221809599939 9.55846700771946 9.32177653442115 9.80098163065042 9.99748846130179 9.58716250356358 9.46968272207108 9.52621295242758 9.35279734428146 9.41671519493169 9.2323835222874
"886" 7.09892745022111 6.43584003459274 7.60426175366427 6.78996032307461 6.26093994340642 6.28276446823283 7.1275647519382 6.46568557769724 7.30364584107012 7.17557573565516 6.96980469390913 6.98190213004097 6.68094763979382 6.67611723585759 6.65781681744851 6.39254323724387 6.37541865604013 6.8576159605499 6.5250758410806 6.76499649692093 7.55913079506054 6.21211842961344 6.64947310570944 6.59268756649312 6.38250084855438 6.49892630661165 6.5618009823319 6.47635946155321 6.945678105205 6.79880028162935 6.22657381567775 7.13623063576416 6.37085540834348 6.53304240087562 6.21531816741013 6.39286716079752 6.61401083295519 6.17676907998805 6.73638968272834 6.91395938075777 6.79569724336788 6.74808947188872 6.46890456441327 7.21420746333442 7.14770074409865
"887" 7.36617125966696 7.80347211055201 7.50389986669458 7.57001061991219 7.39996915185369 7.06076116904005 7.20650957723316 8.10962027727684 7.99059194297136 7.81710000224604 7.64967315995091 7.97349345522146 7.78357280294743 7.80550071046774 8.00202197971917 7.4988058384446 7.93988042767248 7.756986193101 7.84388285294481 7.28787982526687 7.45397916365058 7.47750159304943 7.27980649550107 7.35833375489277 7.2269256950716 7.08618805190752 7.4419919989423 7.28490984087038 7.1144695252857 7.4830142975468 7.13447456832532 7.73547648806054 7.32759334370048 7.22014173543261 7.08719049863222 6.89304725778337 7.21638899731699 7.39006686895454 7.58305453945615 7.37761231323351 7.2939129637865 7.38490828710468 7.21846517702407 7.5601542540542 7.54177442774323
"888" 6.14856887052599 6.20067580137422 5.95326621378325 6.06402464663927 5.95740543365785 6.14836088271978 5.99356872861713 6.16729920391576 5.97333107276691 6.03763583922732 6.11713143440334 6.21369899026742 6.0024728537557 6.03514759481087 6.33608233835332 6.00883413914996 6.20938880578486 6.17575430924507 6.1868820915278 6.06324156846254 5.87514945477501 5.90233643267962 6.19154709289107 5.97680994447707 6.08284338422531 6.23209813137492 6.28122511766329 6.0939661353941 5.89373843624805 6.05734194348378 6.03578855209731 6.22312899082962 6.12492681095092 6.08968754022793 6.15569226656573 6.06415982844922 6.06668189143958 6.01813992573019 6.06316017410082 6.05373564505156 6.0907773397715 6.23851292577365 5.9829374577248 5.96902472277048 6.15395721464673
"889" 6.19513522940669 6.42100795128577 6.3848134199627 6.57429237326406 6.37784580473582 6.09712577261368 6.50276191733189 6.60596913882734 6.29258616119568 6.5034026280558 6.31216996882662 6.39529887337707 6.20243191956542 6.49293268108002 6.19094498413406 6.60270865367976 6.26864523968349 6.25832796694257 6.39695275333848 6.36388668383009 6.32106574870367 6.38422872050999 6.33286104830294 6.33836594341564 6.09182579495803 6.14075417311608 6.38543401790892 6.647087439071 6.43116858399532 6.38985071297546 6.28009221452015 6.27931964103156 6.29467945163915 6.35841425633409 6.42322199099348 6.51705847792082 6.32405490012295 6.47366896808683 6.36105576215533 6.35055397702356 6.19424546990712 6.5352073232345 6.46614353517994 6.40177805776955 6.35717742726134
"890" 5.85538989259822 5.67407084689748 5.88124294079605 5.77134972050399 5.80132599840426 5.768388048227 5.90265913839173 5.81237963849867 5.67385370541594 5.82597852463985 5.67686028069457 5.71381784051816 5.7377466219859 5.84413136008993 5.76488187539274 5.84371203006062 5.95716289715579 5.83706852918078 5.85295298737919 5.83106896355948 5.65560249477434 5.77633545714223 5.79692435872151 5.93993585073778 5.82687786048386 5.78508229929465 5.79431404929303 5.89290888893647 5.9072031027337 5.84842756453612 5.82756391013502 5.63161173328958 5.64726804527855 5.74247972205466 5.86956868402519 5.61595559921217 5.65916846743321 5.72474724391345 5.56081681294368 5.67234061397102 5.90595966974812 5.55310996608723 5.93454713061685 6.05943693592715 5.79878153890674
"891" 8.82671817080387 8.1687194686827 8.05802341042768 8.54027186877289 8.80531495924688 9.00129443686445 9.34066836119987 9.31757993371256 8.22128183320827 9.01618486650661 8.92300794662638 8.71365423663477 8.74457977708308 8.26912864450944 8.00752404443688 8.29218955181222 8.10125299598871 8.23384424189294 8.8005034966892 8.30150110268394 8.36635796107308 9.13088574582691 8.20941766380637 7.97694357203038 8.54599575179968 8.83058739351051 8.39704156208363 8.65841452697333 7.91386563511711 8.43481644783426 8.56689163124093 9.02695730501718 8.51084179542069 8.90630468475343 8.96910727073862 8.06414552426964 9.11189661393769 8.10736714198215 9.19926545125926 8.5717439670676 8.8589120955237 9.62732057691495 8.42795952814142 8.92922101340568 8.99097854646288
"892" 10.6186144802865 10.3258602376597 10.2553772915754 10.6904887550745 10.3669881116894 10.4915672675299 10.8589569130637 10.92773586471 10.4997975902028 10.6134663829928 10.7951095261753 10.5479906234747 10.4024151061481 10.6333177874737 10.6088117572612 10.4763805288338 10.448843581639 10.600984973618 10.8524611071347 10.8274605098509 10.7105872525762 10.9916060233029 10.5394036747541 10.7066246715199 10.3981091492005 10.2173079781617 10.7749402539645 10.5220295913111 10.4916585683546 10.4926735088548 10.4746482987743 10.945990904792 10.4086765001478 10.9038103896449 10.4273428107164 10.560509239223 10.6547662551929 10.6078912618407 11.0534246734174 10.5290963527837 10.6877993353826 10.7053731903505 10.3930233808914 10.8280054812742 10.8811834945848
"893" 10.6831441077127 10.5390645386703 10.631239778023 10.5461503611456 10.384021210548 10.2976262774302 10.7425570132214 10.8463434644502 10.550865767424 10.8316990639124 10.6323305112251 10.5323580169064 10.6462113518721 10.7053604116373 10.4896069957445 10.4001878888412 10.4081911051025 10.6396946661851 10.7367728478706 10.8137403188814 10.9888145565623 11.1797722736282 10.6711457700751 10.8532489914058 10.4170163996562 10.3757742508045 10.6929374237876 10.5952699925281 10.6617599006355 10.6283178710747 10.5268874609199 11.0879702149075 10.4383625849855 10.8761830024405 10.5285490852551 10.3405773922768 10.6789672635952 10.5214983056286 11.184644067284 10.5350753972144 10.4184142882504 10.7267965328115 10.6497848620918 10.8587967078258 10.8116661619928
"894" 5.9265130474129 6.11818017629028 5.75575620897978 5.85305527412208 6.02980363435463 5.80092414376829 6.06351547559299 5.86468273459358 6.1990295873187 5.91476195273801 6.06733050175996 5.77638980978743 5.80655413775266 6.00065227877174 5.92355291032869 5.99779539017184 5.85295095874803 5.92965204120178 6.00048976771388 6.19314434698076 5.78108696463804 5.83753402432682 5.88572434814031 5.95795229272207 5.85219299300477 6.12854222762849 6.24594835651499 5.80451263440138 6.15389570697097 5.81340690402871 6.10253283210609 5.87489916146211 6.0346707549366 5.67926256961375 5.81932289409225 6.03122882956818 6.02280789564433 5.71953865473369 5.86373757364927 6.05382737477661 5.90942764450408 6.18129542302214 5.8697397588833 6.05950859873037 5.86976431884872
"895" 9.40074818980625 8.72588818339109 8.917815192204 8.72971478552335 8.99089517719417 9.11238758992568 9.61887544364862 9.25950916756894 9.29047977037061 8.98741957719834 9.00442943943493 9.26990916991323 9.05146114571654 9.06223718995922 8.82325892247558 8.82577042344705 9.05319795792148 9.11277174870875 9.3537674578303 9.47541587137934 9.44749317437328 9.5806190163056 9.74722040453186 9.2702732531621 9.29135612139924 8.99841891616615 9.24495060738873 9.1750104716398 8.88025685212159 9.48126897406263 8.97577911540446 9.62151187411526 9.16333790326302 9.59772997130193 9.58158250939632 9.08660863169268 9.37618138941559 9.14657043204277 9.56223362815637 9.02315180923236 9.45550159369244 9.8895542054429 9.25975911417057 9.44875041257658 9.17503924109824
"896" 5.99765341856932 6.28700057887134 6.08658280597071 6.65149383731183 6.32799164850308 6.23876435773427 6.26409813163975 6.11088493966587 6.15271166693893 6.26326753839156 6.04925785932839 6.47138282286057 6.15294925844349 6.23973836291779 6.05515723580653 6.2419492370236 6.2330583552644 6.30727270672925 6.40331694254506 6.23280001161648 6.26613575984596 6.36673929742629 6.0294836002633 6.46525986875423 6.30814600181 6.38443829087642 6.12426839688803 6.06360969755223 6.24004799621902 6.36540353821789 6.36881835975888 6.03401490945162 6.01867355967755 6.37903615321523 6.52433574987759 6.20911244456287 6.07648959188252 5.94988158434407 6.03475321955766 6.49132266683462 6.0382775838584 6.15137264247786 6.05345065944516 6.09089859118362 6.32695820512847
"897" 6.20594749718001 6.2212494596727 6.06568704732794 6.06362652238471 6.11801672119871 6.24071776054732 6.13936033580482 6.23821349795643 6.11489530320175 6.3196124919013 6.26967812125119 5.98333562982782 6.2073677182837 6.22436723322035 6.10670302114118 6.01874067129032 6.16823948500448 6.12176217004829 6.070690774887 6.10643123748267 6.14123448928945 6.37062312213206 6.15057444742931 5.98673624994607 6.05724232834172 5.87490603882447 6.28816718328894 6.45470566593935 6.13968122272167 6.22426651594684 6.30413465201684 6.20473264202934 6.09657527729083 6.45928055291638 6.3401630441634 6.07260292874726 6.33681328546398 6.19411669413213 6.40093466085414 6.33438760213372 6.04509826175644 6.4055792472592 6.32976024415987 6.35992653546277 6.10903641632742
"898" 6.03610869989964 5.92522469579238 6.08702559131437 6.07907422682738 6.27692308129227 6.0753189795368 6.08760127894191 6.02660583985112 6.13981770260851 6.31444974751084 6.10168185238315 6.07403401670496 6.25717001909803 6.2216559847923 6.04317803964104 6.28606556880778 6.13937858135477 6.30568236208945 6.12888365819314 6.33554938443477 6.08978504382438 5.93928896907579 6.13907513116653 6.3262080882947 6.1646513264115 6.17150224207229 6.0403910946387 6.03025354980828 6.22859120679566 6.13121335578795 6.32791805759812 6.13775971937179 6.18350159537404 6.09226250724119 6.1885023755671 5.97818365752672 5.89311145637565 5.84557508877579 6.38595096389388 6.06532585082212 6.08186876646863 6.03806437637201 6.10032867214036 6.07081293769138 5.92460484944783
"899" 6.36056509103644 6.49763856794474 6.22372076295292 6.10727706061424 6.27969096474105 6.8060630197591 6.37021695648799 6.25004717728613 6.10114340047835 6.56433069288332 6.18793603008566 6.22422006228009 6.22424796712259 6.17157667747565 6.10113175643013 6.45326773385566 6.24690639517984 6.03235370457071 6.29312596654041 6.14504844906229 6.13275726522542 6.32565416927391 6.84692414676421 6.19239158201184 6.26749891870225 6.40658729835432 6.01584479292117 6.54251917032826 6.32762443831544 6.44705176643236 6.92904027537137 6.10440420224249 6.30866382049115 6.26717715121827 6.65582808953768 6.14636047362612 6.28206236751912 6.44383004905328 6.18389751118225 6.1292027984175 6.18950120811949 6.41623314857714 6.36123420258239 6.34575244310834 6.10834624870343
"900" 5.8604918818013 6.17874736375211 6.15735419482632 6.17082337137887 6.09990241373455 5.81794483910227 5.95510132997341 6.13110320693147 5.9588248030037 6.11963278475007 6.10368616370529 5.88423922078445 5.99258743489433 6.10164890655756 5.78887550102831 5.83067561707544 5.88277208289532 5.82894457766311 5.85403664380133 6.16096325467631 5.86252561728253 6.09758297757693 6.04796459078587 6.08193442268896 6.09358011368201 6.16999471807805 6.10252006830917 5.97593359463289 6.13118447090305 6.02006007319784 6.04788402957053 6.11247061895224 5.78189138803466 5.78076226617976 6.19241315704153 6.06198527884687 6.1037111092943 5.92122522830418 5.92280068734487 6.12983589371053 6.11878422229878 6.00463675298592 5.91965738612797 5.98465541511898 5.7663881933347
"901" 6.73071818003335 6.75202638863659 6.87500946535498 6.78608913725097 6.77393941588638 6.77442151066603 6.72236198149956 6.63580435739227 6.86315279275387 6.97741727026869 6.92113541079125 6.91083564711858 6.66784148854096 7.00436677938062 6.97954007770605 6.94731696848797 6.96900902161916 7.00688722336807 6.77301322608428 6.57885518028606 6.92482856692335 6.80464482027918 6.94184690670948 7.19749631780857 6.82299456359791 6.90309745974208 6.96669455013496 6.73690890821292 7.22874910527974 6.97379383301176 6.76805693320346 6.72555811176934 6.98075427800448 6.98318421976434 6.92981226047447 6.85482488329992 6.90988800784631 6.72326624843452 7.11728533751675 6.94680931769163 7.03578607521246 6.91601616197771 6.79657442913452 7.19766099856118 6.74185101419957
"902" 6.25656587147276 6.5801479802859 6.2838201505748 6.39604979808254 6.4048683444496 6.52569978151597 6.5953698843068 6.44946614150818 6.73069981276577 6.4996046652151 6.54313029913504 6.6314484608417 6.42196843794948 6.37521251929501 6.61180019318044 6.3993358439434 6.19307362009282 6.54393430073717 6.28459978030477 6.39496227318878 6.59501853273795 6.41518067662319 6.56308806272446 6.58064138337295 6.44740776832015 6.42940260251734 6.5781140674576 6.46605274082133 6.47690474285079 6.52822445977446 6.50788629138462 6.52576418556374 6.56509350507764 6.53577996821168 6.69492758793343 6.6664855725709 6.47290014801317 6.50059795136469 6.58891555779309 6.39721269821651 6.49918406405809 6.42210761538959 6.52726019941683 6.39505509117087 6.46508249164045
"903" 9.85340558268459 9.69950505280526 9.68874918626866 9.54694503796402 9.97847339217872 9.74853061793032 10.0895965243354 10.1790355437862 9.76290734700537 9.76421589945708 10.1416459637262 10.0994070729287 9.42346897143657 10.0015106535316 9.84777414233447 9.49492962261462 9.52600119043478 9.70874472849499 9.95627443695312 9.87965302566607 10.0087478231329 10.3008923581379 9.64493736811387 9.82741541316673 9.58314052851432 9.58260404494562 9.94591503350312 9.74627977978342 9.80238070760573 9.87453040202117 9.87857207797542 10.2443940674284 9.95852771696769 10.003862250434 10.0000836713438 9.72303546936329 10.0252364071497 9.90023884704581 10.3763180872581 9.64287903541342 9.99653793490499 10.1940010137692 9.52714910775204 10.1622284975811 10.2863999849277
"904" 6.51786324330419 6.5964974738437 6.3976545544819 6.74304529195925 6.76917560463981 6.6374438340887 6.71464219212487 6.75656138561587 6.65369210942847 6.6846376185124 6.66897333854753 6.60281035992317 6.41681937619968 6.5534840908547 6.69368635129494 6.45711391161387 6.46321581980951 6.79036199176362 6.55957189944142 6.41444466855277 6.62541809858229 6.71634745249159 6.50046144657907 6.63712036583509 6.522448044664 6.29873026073772 6.65961775450034 6.61860850301409 6.27816430193603 6.70072207777815 6.39470312677331 6.83381929017356 6.4237825271454 6.62951640562368 6.54053415553945 6.47862585521324 6.60927759839221 6.37323445403107 6.87565435868922 6.55654125218375 6.6965962115423 6.69492540311004 6.54486632581957 6.70075030199639 6.79322681346062
"905" 9.65129233002128 9.31239235424116 9.69545448569257 9.57363336955198 9.68228986890462 9.53316880308731 9.95595928915393 10.0838018884928 9.51125143822108 9.67919339437848 10.1307936827707 9.98530787219257 9.96004066425671 9.8478253218826 9.92733502946244 9.67099645864278 9.86502204143824 9.98037073319842 10.1898084063091 10.0440337708422 10.0718191607498 10.0898741051231 9.87523292609002 9.55831982988926 9.52574180532195 9.65603268697227 9.68430463175245 10.1621359723 9.62464001718376 9.75587925649591 9.47989910828169 10.0287758099606 9.44140125699269 9.98318930424706 9.88105501249402 9.48238825058925 9.76208678718366 9.88106527756443 10.224098052028 9.45717933053158 9.65669429239944 10.0223186331421 9.72257076717454 9.99459826420368 10.033822423461
"906" 8.14723816961171 8.85746060201243 8.55848024553345 8.28715282780679 8.98191456948423 8.78949336265138 8.28380342775351 9.04302882760735 7.19325313791042 8.41361070904687 7.84395595951821 7.72636930375452 7.69260205838826 7.82670206809221 8.3352322206577 8.17276669151326 8.21733258121511 8.38830728038363 8.75738471706359 8.24041558164707 7.99467476114787 8.12401764479089 8.20368665706584 8.15777166679658 7.63939626656262 8.03360587533863 8.38055277809129 9.07579158657428 8.79020444095277 8.440425264164 9.01350061446708 8.29490104816284 8.61905477513723 7.91123139802139 8.00381191664852 7.70934046930471 7.60752327418529 8.68377509539966 8.24304088399196 7.75406187221316 8.39179084565797 8.30115207504623 8.51444889930134 8.26634318597774 8.21049730113987
"907" 8.21574534649595 7.66890226809528 7.93969233588555 8.09062990642319 8.38495906250412 7.86418851454297 8.60536314607561 8.37016027518615 8.16235821363336 8.18154407930522 8.13176266754079 8.12977862011721 8.30963458591172 8.02185579753462 7.83029059090337 7.72173816156849 7.66920289613053 8.02271429666536 7.9928860794146 8.0891099595993 8.52713574265426 8.61180362523168 8.23617629072448 8.09531180878894 7.93800245472922 8.18712804158093 8.4246232000451 8.31394254650568 8.29065627736102 8.17083691693574 8.32220108991789 8.69510109460661 8.18031277259654 8.34675911430207 8.43917033926505 8.20657776995781 8.54274951908046 8.25424304856408 8.79070026543751 8.09044529228654 8.35256875354738 8.65954494755292 8.44348839706377 8.64457516046521 8.44561542236881
"908" 9.83964399120073 9.34642993690038 9.30681830034835 9.46330588313408 9.6107248490277 9.3190261870805 9.92090420853878 9.70733255704212 9.26100025439536 9.10763692635234 9.65045942766906 9.94937150617976 9.34814336923696 9.52029859712706 9.49351982072267 9.30831662219429 9.4536921734933 9.22628434086269 9.78658640633774 9.72639834936573 10.0011600426316 10.2672322352893 9.63524832099826 9.81563938599627 9.39107067107694 9.20864961952928 9.4315899379547 9.59097514042944 9.38231649774762 9.83814187190608 9.81144292063158 10.0073908711043 9.49538070539368 9.52212744742721 9.98183398968359 9.09622635703699 9.72516876892739 9.67093971302353 9.84940746470384 9.63593860505747 9.65303347131218 9.56140024835159 9.67685582604331 9.70750630713688 9.5060318786271
"909" 9.43006274980401 9.12147569645618 9.19585960773214 9.44480715932322 9.52448339241752 9.3231074516974 9.57079457589746 10.3085722571064 9.62770346756322 9.79269746588133 9.81513811587834 9.62051140802071 10.0080979614019 9.89788418947646 9.60892897807573 9.44909322606785 9.86459749194928 9.59602568184852 9.57954350652574 9.83344472222126 10.2557288249497 10.3400724160607 9.89034125666909 9.75817697196608 9.47854880346601 9.33170825261681 10.2716728632006 9.89101474938885 10.3057104354442 9.95415462271106 9.93280063019651 10.6119540081105 9.72828763246272 10.3396588934638 9.7863933372399 9.81232810068953 10.0802613049652 9.85580015218838 10.5029859134978 9.96270001316903 9.90624244967427 10.3759654264077 9.86264556919785 10.4466664012971 9.62137809802285
"910" 6.41058623769909 6.35596060532329 6.22291112097941 6.28585500906292 6.43322104871207 6.20116016803958 6.28331508081422 6.38986527340187 6.47080438980644 6.08100185381167 6.35878622934204 6.31068968216089 6.4398233887067 6.38379923817516 6.7039249100253 6.43380033811568 6.36319106496787 6.30544199783459 6.21104993426664 6.28401198447827 6.27996971309905 6.28134544900956 6.41191311836451 6.36380830348349 6.40139035278512 6.40803116649969 6.34486006307129 6.58780701845465 6.10608308249207 6.2872412790422 6.10752807709785 6.33056883018079 6.45646770232283 6.16233796297904 6.41992386657467 6.28816931321257 6.34549810677602 6.27512997275423 6.44064707190146 6.27960383586308 6.37059274188254 6.40195946693105 6.34795833670786 6.38339206907016 6.34542907601498
"911" 5.94454471865802 6.14808129871125 6.17625313851507 6.19780683688835 6.2179869001549 6.36956702383813 6.04667015018296 6.18461807333401 6.19037896859622 6.14810737695622 6.00923984303214 6.19238712607028 6.05423655476928 6.08520275596816 6.18784403265267 6.1066961384271 6.23022103991819 6.16458631681975 6.42450483132691 6.22814483266711 6.14624684043653 6.06290265655515 6.23191819197865 5.96837544947992 6.3801918107276 6.00443210448494 6.19757402979486 5.85858533508736 6.19506177594771 6.17283764122327 6.21045525645791 5.8737933497418 6.17171714766944 6.12657645037258 6.14795662830507 6.25373807602328 6.08214711376064 5.84730347543103 6.23501654193725 6.04017737875585 6.19035329773062 6.25542151196252 6.05938720671721 6.14678190481461 6.1252814713026
"912" 9.48440300823637 8.66806050337716 9.1126300504223 8.92948572669333 8.89505435696589 9.1877293125433 9.08559147629276 8.81644039919416 8.85512940226304 8.76239897333092 8.87856347120142 8.95259545376379 8.9225361732074 9.20066966143352 8.76892569468199 8.59070319861358 8.61632449336314 8.56741098516981 9.05017522444213 9.02384413868892 9.74599159429399 9.64894347202343 9.48063592314979 9.12979886529977 8.87917034312744 8.80378340063959 9.43259791420813 9.16574682281948 9.35523059662165 9.25578001392259 9.12371602639529 9.10319509598195 9.00619782051542 8.92554638387088 8.6630537165661 8.56855209175672 8.54734738972952 8.99727204267001 9.31671342359672 9.10477084790792 8.95778781765948 9.00967190285673 8.79590230742871 8.89137464012034 9.06921886217808
"913" 7.98984228877863 7.40643327254149 7.61384902987002 7.81384544481596 7.5094049023581 7.60211177369156 8.01582319683989 8.09304712354194 8.02967830478747 8.00871180835746 7.64386990555742 7.91333172650694 7.79529535729739 8.01258241671571 7.811825166146 7.60277560641407 7.5275666423377 7.89296040802458 7.71025798187729 7.69055567984112 8.06790415982928 7.65744489515974 7.52578438707482 7.79159389974494 7.5752376114939 7.62926126601127 8.30121553889173 7.97139441246387 7.98917020940471 7.75536171083744 8.07526672395914 8.38613704138069 7.81636383140519 8.10802596414419 7.78038631074552 7.6872890500167 8.04137395404302 7.5723455879179 8.50464829260839 7.78180123168094 8.11054988132105 7.95323054029518 7.95609273782293 8.11503345144173 7.86606948552696
"914" 6.13183548798556 6.03680718325946 6.04792034315512 6.08651308449637 6.16351413616272 6.33956648905425 6.01149959184059 6.06865396335142 6.03658203495352 6.15790017666774 5.83898660475044 5.96798285806325 5.9974206416903 6.18560563911446 6.25846383504257 6.28084296742573 6.06616315055518 6.01410111228719 5.97957914645532 6.29427863555161 5.88807376922188 6.14524626399368 6.12653711081184 6.11461510630604 6.11385766387393 6.09994762722774 6.20711923390011 6.1313203954376 6.23525022677992 6.21885509956332 6.38628170024295 6.09990845865629 6.10628230881368 6.06935899093089 6.03369187633441 5.89198376253267 5.96999010864474 6.2239744890114 6.11114939475259 6.31383865965311 6.24402940331775 6.24842865938017 6.03803472607315 6.02762366139884 5.91261215048447
"915" 6.01800090933547 5.88603876386544 6.36287838326859 5.5769822706211 6.05793869076432 5.93488793055734 6.09141610635743 6.17148052464255 6.05909004722627 6.13729150135117 6.02648780571606 6.07106236508725 6.07779154865361 6.04689179649318 5.93424773369603 5.98269270186126 5.99479642334648 6.27356880511076 5.84754925723458 5.99144679610108 6.08976078832281 6.08279695060602 6.00176768530876 6.13364453005081 6.0669669678742 6.22585860543871 6.01612381122356 6.16261127938787 6.05985772008306 6.10257663750727 5.93803579268339 5.94893373465559 6.16262092383404 5.83951495287181 6.0590213156627 6.16537756425684 6.03660889744426 5.98105029140749 6.17891265864637 5.91575691509301 6.02070572586017 6.0151831659178 6.03838268651915 6.08805107133333 5.94742188881946
"916" 9.30913975516866 9.31317603421048 9.2293312463588 9.24926544522042 9.59780837219256 9.85441452655101 9.56472536537583 9.49592130589683 9.41805519886639 9.34875866065372 8.9636896600461 9.13914778609284 8.96817190017594 9.31565576283405 8.87216404225886 9.01263800444708 8.86674787965114 8.64113464965236 9.16174967942708 9.31771177503362 9.72358069522956 9.45858427106632 9.20324072699515 9.74456381432651 9.33852024114993 9.43813375271062 9.31622922746895 9.99065399251105 9.24128240461772 9.19494201809799 9.37798019591901 9.44270674390419 9.11778525153909 9.43321155831593 8.88364077920007 8.70467661109979 8.66387545197797 9.34648827460287 9.55279187685428 8.86397906187241 9.18995090510298 9.28825674534578 9.45980705411446 9.07474757431769 9.21162275161955
"917" 10.3071328856658 9.72148299440155 9.84835128362355 9.79525952788318 9.9210920652305 10.1601830515372 10.2819996801982 10.5667762563275 10.2302533304548 10.0121801313055 10.1990733382437 10.0807227527046 10.0692508309389 10.5340940855558 10.0791992287005 10.274701732519 10.0636994755766 10.0303658280664 10.7179893559875 10.486589327655 10.5226043155719 10.4149224282273 10.2473024662614 10.4137370044545 10.6114594215013 10.0811292289323 10.3018000448509 10.6984637260663 10.1922889325179 9.86977111479075 10.2629951457601 10.3657637000513 10.0261596206417 10.0351314748665 10.0116070960363 9.80412566138583 9.91034240097792 10.5075583370492 10.2713585914281 9.99537492700311 10.1517889237439 10.5681823106882 10.0800154593711 10.631246414162 10.2366387617778
"918" 6.47041850047944 6.23504641775666 6.38417768924231 6.2168156311092 6.27835033125286 6.53630658718098 6.55935483298071 6.8621323918945 6.54759658289698 6.7346153657237 6.52056664057094 6.56122615775062 6.39711210890661 6.31400948335949 6.5424489224538 6.42866104423625 6.58808646030687 6.60619177962285 6.64790107514915 6.3396981076847 6.66813448426748 6.40328963036951 6.56635916983831 6.3109293994181 6.36038493852547 6.40369172526423 6.33700805126193 6.47323685237837 6.39156903502841 6.55551416867265 6.50149537673691 6.53822156856135 6.45535389555209 6.56505760045691 6.37124089224486 6.50327291208073 6.42788059254143 6.1651258942041 6.36722300927955 6.3700348430555 6.58602093602502 6.55581411243677 6.58590738270593 6.48035718075135 6.39831922070045
"919" 7.95291707955955 8.17323162361213 8.03725361603791 8.285430449116 7.94499432511939 8.17673426331221 8.10213344503478 8.24558746388456 8.23684895733522 8.0353747340225 8.4273525626668 8.25683897492071 8.03036313069186 8.8093376384259 8.15582527671175 7.66236991968618 8.37001663120921 8.18461273261758 7.88825966038721 7.90738154553866 7.80870632153659 8.64285686598032 8.1450482450979 7.75748621249363 7.59865548074856 7.26182660579292 8.00413835767739 7.9028570209992 7.96227823209717 7.67689496356294 8.07963839275873 7.68434371293164 8.01240342546361 7.83259953410402 7.59745326122804 7.54848844846658 7.48305758423956 7.72978273184846 7.63550652496756 7.55977907072116 7.3993066621774 7.92040144373326 7.83004128002878 8.03941876516392 7.64027090007079
"920" 6.10225754013856 6.08670066848804 5.95742925880853 6.11881274234033 6.64301387709722 6.42161425468471 6.11863831930319 6.36422390433918 6.90709815098781 5.85993462703388 6.83761559326227 7.13884824597219 6.18396070643323 7.26515693313093 6.28428194711002 5.99680195194809 6.77286521576486 6.89874223038713 6.27871067726303 6.2788992502721 6.42110954774307 6.98700592163927 6.43955783847644 6.20354662441134 6.32070813560069 5.91490047004755 6.1795889296047 6.07401510345573 5.95031506431791 6.46208920340879 6.35523459246829 7.28048847743707 6.1796027620152 6.54076339103516 6.53280363911763 6.0562729238293 6.39841865118686 6.17196742969046 7.05957077106689 6.08679340482911 6.07125001687854 6.97524523209521 6.26773350594681 8.03888626882795 5.99205444553815
"921" 5.96786962318514 6.18527270079388 6.08229592822655 6.10526885693801 6.18816923640238 6.13538210985016 6.21138922263392 6.01623933583465 6.27743966360067 6.19459873201976 6.18063764378066 6.27098391778818 6.00748939130988 6.16189059898849 6.26364188592524 6.13050329285752 6.14831294881131 6.19253591051506 6.40880559646267 6.16079085056063 6.28213968274753 5.98780374005076 6.07615379153556 6.28344016802169 6.09078315977514 6.10131533373382 6.01410704056655 6.31470856020021 6.36554368801317 6.07019501717691 6.26483683484908 6.10748861220646 6.13621797751272 6.42466882782734 6.08601210885186 6.17882332311469 5.79048742636436 6.31757800716009 6.04114778028991 5.9810583828991 6.20671069719315 6.36169066477461 6.31137566276042 6.17406404633051 6.02563713761381
"922" 5.55747756851964 5.63797434646209 5.84717141971513 5.74091202867708 5.83209814014076 5.71416334846218 5.77309067508504 5.71184206896313 5.72731797214244 5.92508170857266 5.78027743656208 5.57267820652386 5.63590588606701 5.77828282656138 5.86945394637338 5.86611435525887 5.92507683476205 5.67850065179575 5.77718703948206 5.63514354880882 5.8932049437553 5.68440943402205 5.56470414239544 5.84979762459084 5.77303542109261 5.84590841197723 5.84714709007955 5.68350536448106 5.76598250433831 5.67142803479241 5.81501136031702 5.55581456382198 5.9068511172522 5.89630639608121 5.79687550302127 6.10349950445413 5.89280183289102 5.89263288635084 5.41283212804639 5.7541781765159 5.68784157368607 5.7435018867004 5.65766314586585 5.86049608418388 5.61596576045057
"923" 7.81293592541335 7.52794811960441 6.98355033622103 7.2945212758842 7.49456330218256 7.61857000829839 7.53547382995854 7.74683895802935 7.67767475350838 7.55673620776838 7.61453048303974 7.89318877113509 7.08148942005205 7.59605449577975 7.06369557843836 7.11936934217037 7.1380425124546 7.37744783575277 6.88901533485543 7.54375084553024 7.95447971066178 7.93356988954792 7.38153452721105 7.49187893074864 7.46888399750062 7.40722571583771 7.72619642960969 7.4557275713327 7.27919272025084 7.72673165933211 7.62817723855089 7.5400338712985 7.25739445600869 7.40897100881524 7.14995697409632 7.93689605443041 7.38284062467357 7.80980239556313 7.69338403427734 7.58793216585955 7.24049277523005 7.41434267408421 7.51368672682132 7.94045011394211 7.77493770392394
"924" 5.8097215356011 6.11662796968035 5.94203956213653 5.8717918504688 6.03167577164777 6.11847273602425 5.9576439255578 6.06088633353963 5.75642698637953 6.01871506547828 6.00495244352457 6.1399819991182 5.92368740668787 5.95587648398244 6.13248212125188 5.94891630682318 6.09009252171068 5.62662499063746 5.89036473411337 6.2804526710423 5.77408426633594 5.80373301790784 5.9906023917405 5.92420729780086 5.98014202519461 5.62586882818905 5.96537216901318 6.07382194079496 5.94955240010779 5.96432379503253 5.84558990680589 6.00627235761434 6.0639679454476 6.07435499565883 5.96874037435786 5.91607592593364 5.9394643066276 5.89690111340401 6.02061356087436 6.04777259016247 6.17430498984795 6.0156953737676 6.03675906649477 6.08893030433793 5.97988259520357
"925" 7.91480997562947 7.92792643525402 7.21405073847852 8.08823510436912 8.39482578344972 7.92566509109522 8.06636429896594 8.73566515258038 8.0074316035869 8.08175207560182 7.86604136794926 8.23317909599152 8.12597822159055 7.99014288328584 8.09366068493006 7.98082660867831 8.17594714844361 8.04145814231864 8.14384292153182 7.76290381599322 7.88824963559718 8.33548610751745 7.99877730137916 7.73485124432751 7.81277483374026 7.45777458692457 8.17979727604277 8.23265317092826 7.50841256126412 7.66236723800907 7.82096884941237 7.90909780047612 7.79260096361297 8.08869828968809 7.78406809936143 7.66493955864826 7.79320773076066 8.11581566193493 7.83957794954046 7.5678558815004 7.75012647210539 8.07650670402648 7.92358855367347 7.93718168885772 7.94253304096696
"926" 6.10885385334635 6.30668695045198 6.15053897826547 6.07395633559372 6.22141784892967 6.10118512758917 6.20639304718414 6.00631258711606 5.95311591889147 5.99485588675618 6.29146451422049 6.20455839916924 6.51381067569067 6.17284798866764 6.31890503560256 6.26708540261488 6.13694359888479 6.22808966448689 6.07984616832759 6.45245265723714 6.07760474175361 5.92631306738924 6.14626438372591 6.20384299082942 6.17440771126102 6.18782974645359 6.38100110412044 5.95762214127514 6.10918816273544 6.12392527098113 6.18884056950377 6.06019261153635 6.31166806189888 6.05408506008265 6.30678903125696 6.10361541508659 6.23599033802277 6.1661680319531 6.30133353928426 5.99702131476836 6.08440727003646 6.20745298739356 6.09955091138945 6.27277933637333 6.21759566778169
"927" 9.13026176542076 8.27726062581939 8.72456283372387 8.40431919781158 8.15683600088271 8.77280271617174 9.35245972864224 8.69223410414234 8.47482110420668 8.47047415393731 8.36422021959302 8.6153079749616 8.3327747604565 8.43234379738861 8.39622806826069 8.31546891581699 8.30881370459067 8.36602157697207 8.58983233396317 8.96937240111961 9.26628118710673 9.06524355243628 9.10976831265968 8.85419145864108 8.64470929618828 8.60018019757097 9.40379603767697 8.9051972669921 8.91050871858333 8.79218955763088 9.3674646608821 9.32476806452464 8.81144406894866 9.20584463969056 8.82551729145184 8.49527516113319 9.13705578283143 9.33138021686682 9.4403665226228 9.00921744160176 8.83389046184627 9.3770665172457 9.00696817479156 9.25489799145343 9.30694489860599
"928" 6.39362997635166 6.46025126196565 6.32010354604037 6.36672077279095 6.29474542956616 6.27460557417423 6.38697220394672 6.32078535860146 6.46082053228508 6.30711023716934 6.37575040034199 6.44061971241697 6.28710878918469 6.15982603701447 6.40938427217641 6.30307699136745 6.34566534684449 6.24786018047674 6.29876860607369 6.48094815736593 6.46997310570547 6.43362762917691 6.49588619604059 6.19681965079604 6.22435497424868 6.22459776858445 6.28554046306017 6.41152660319685 6.0554764684062 6.14220550825641 6.40688954014699 6.38091188053345 6.30017961288793 6.37665763282878 6.39136925244485 6.52093156024497 6.44163457239808 6.38152072041903 6.21600404961535 6.3088629900028 6.55361044551877 6.36333258974373 6.26718145662768 6.42564669828302 6.4760798649499
"929" 5.99287247832036 5.92011708325211 6.06087443301706 5.72638989970713 5.9325882775985 6.19539707170327 6.05129622363684 6.18324741118081 5.87006780599522 6.00559837258936 6.04780759342327 5.9583663525318 6.07316044793194 5.96563744843564 6.10737818791128 5.9494473740812 5.90031958200955 6.23561356762063 5.84175431013071 5.96101351661518 5.96908664643988 5.89456313096537 6.01168426473752 6.00169078226015 6.08921023462657 5.95489271635454 5.95235975412403 5.8230135941202 5.90504624928255 5.87538379402405 6.13307841774357 5.86195804503925 5.93442825331113 5.87951168084674 6.08155225511167 6.27412724636256 6.13747697370643 6.05748638659293 5.88519433373892 5.89069660068561 5.93344217061283 5.93127730125688 5.82329767948829 5.86664385939918 5.87656904628708
"930" 9.15175359414715 8.78690027068274 8.27328921674233 9.05079925758761 9.00280108762723 8.84509361589077 9.02255912568021 8.90096350075116 8.5876968026909 9.21951658035942 8.56617623156274 8.8370486635445 9.02598201700991 8.68855354446861 8.41997986770688 8.21087682895954 8.54922426998953 8.88706994669596 8.66060694725715 8.96075859411321 9.100541308626 9.08894458485912 8.72125815720791 8.99693764916328 8.78384333632436 8.97349724103662 8.82312959625711 9.02033835676138 8.68827773652564 8.90573402654815 8.85509163110941 9.22284297959053 8.95663302820151 8.95960758817309 9.08787343000354 8.99096291045261 8.80772903776085 8.97564248596255 9.32310262348501 8.90530291364733 9.21847822578908 9.10566662489645 8.78095107261949 9.24970810260197 9.58647015057796
"931" 8.04582245237564 8.54247107477341 8.68296585912222 7.17458523180574 6.89182523665117 7.21325127645005 7.84047168730264 8.04639180217525 8.15302762152377 8.21369046702639 7.73085292105499 7.68488894569504 7.05181118247065 7.43810281372784 7.95189761512624 8.40535581434173 7.65014125672413 7.79659237014038 8.00298009427424 7.88628149072985 8.26784797993786 7.70753584598029 6.74496710873685 6.90644260014018 7.24614248419349 7.13693439310053 8.23212179550112 6.66011203888403 7.9317686476162 6.64147292333141 7.00945899868341 7.14645881602163 7.73160069564747 6.95249495680075 7.3275677593277 7.23513549075885 7.357207270972 8.1130065598653 6.86447031410502 7.12357963403289 7.5200995586076 7.28520597005324 6.89820599485068 7.20434751451236 7.62928434660888
"932" 5.75366530679071 5.69272304979547 5.98640837595242 5.98289352642999 5.87917537032361 5.78917875821464 5.88867232028618 5.74906029716794 5.89714854567485 6.05185369041809 5.76484429082618 5.93113062427327 5.8569188378882 5.83321925543968 6.14776562496429 5.73991292355634 6.01707153234301 5.78115497890902 6.13658962069462 5.70569625752463 6.04334141490542 5.86150274308719 5.76582108110575 5.79226748630405 5.66616895986828 5.95557128946369 6.05821306365022 5.9369527222063 5.99901293053002 5.93276712779333 6.08954317614449 5.97822028813962 5.88070240793626 5.80315873789237 5.9658408540107 5.87711487834824 5.88021601457241 5.94689926696151 5.8695507607944 5.85885967896828 6.02410799563638 5.97580435567703 5.90186673073358 5.90977565118939 5.89550383860345
"933" 9.17246589279932 8.25034010201995 8.31540680933572 8.72928051405121 8.58661365787853 8.91655080680058 9.14045420602504 8.90634702286875 8.7208552057652 8.64078218783485 8.64620715995195 8.87545964145238 8.81250787556593 8.67191330064074 8.64674729165541 8.37499107150122 8.67633624827128 8.55569243062997 8.71478653690718 9.10481219168349 9.24118138564363 9.26301360787448 9.09298053821951 9.11377342703813 8.86695391117732 8.75127421518525 8.94154676376224 8.72394577337636 8.88555772344193 8.92393586002046 8.94433035955998 9.38831152538562 8.86932399243364 9.30048943543196 8.77939076394185 8.56348273258151 8.8220405599041 8.96442043948428 9.19894188701189 8.8295885311283 8.6939583878054 9.02437147591617 8.91614374105511 9.24066431315902 8.97678575796433
"934" 6.05807142836553 5.99249363144881 5.80306566376402 6.00173273488832 5.79623864277799 6.07439225906122 5.92011561071262 5.66719197706775 5.82076475644159 6.24144838481357 6.8255068468207 5.87727269826499 5.90849869742349 6.15099810842876 6.03681552391267 6.17553093499855 5.76066480611274 6.36912981529168 6.97965653847208 5.86883906388345 5.88290673380329 5.83986119856181 7.41650046523952 6.08233435825802 5.81916022655541 6.50704934081498 5.89615826720805 5.92219987840153 5.98599033806844 5.97229707837656 6.56082461599298 5.88827251107938 5.91624138413836 5.87954535767658 6.11023997471836 5.91280065631879 6.19824799804754 7.60025818285305 6.30197005627554 5.97350954495758 5.83636992786417 5.86811051877569 6.64327566488088 5.72911265986107 5.78796327147188
"935" 11.6934781857754 11.1510402805354 11.2640494337782 11.423423152791 11.4406758074462 11.517071986208 11.8392091231766 11.6006391360566 11.4593813452846 11.6161450539741 11.4919012958979 11.5321532842295 11.4403793802017 11.3097298686107 11.2339278958955 10.9619884189623 11.2453414376054 11.7827950310464 11.212967922391 11.6781291834093 11.5987850186526 11.8626557052562 11.3506333075794 11.1586779471543 11.3628742214286 11.3086644498682 11.2888322316617 11.8396769623754 11.1820222922299 11.5023443050255 11.0959854528051 12.2070790661405 11.5997008515955 11.82664232433 11.7066808510166 11.0278690774954 11.6928258704329 11.7218183995258 12.2466901400677 11.6455522147465 11.7368059476267 12.2007582906519 11.8045393870759 12.0614597786813 11.9000168195264
"936" 5.98888175094986 5.85599854581284 5.79964590105237 6.0445376535032 5.99519366977878 5.88564358842647 6.03893506346808 6.03330467385234 6.03421554488996 5.85630701465649 6.08413444370119 5.90071069182485 6.05054018586568 6.06454283109372 5.87896452634792 6.05314020599803 5.94242890019437 6.05867333533614 6.16455335719895 5.91815825049608 5.75297473120662 6.09620440236416 6.0195165887392 6.12189185023423 6.07674333147769 5.74528021219541 6.0900954029824 5.98662273035812 5.95449244445645 6.03001806504352 5.93836758458616 5.85700468391328 5.90954317324453 5.8401448499265 6.03540704368333 5.92286427377679 5.98810439835264 5.79940901623255 5.97414173038382 5.8378891464134 5.94217666071948 5.81524968845754 5.79554538451538 6.03957434040625 6.13686025860562
"937" 6.18764093193021 6.11810770937911 5.98328599334866 6.05600778496178 6.14466354003545 6.23316629574 6.24974010077754 6.21284314799573 5.93841022047299 6.05364138032293 6.0520901958886 6.09491718349617 6.1276026436888 6.01452069473382 6.07978480705566 6.03209422319881 6.07531285389372 6.20126256680335 6.21058924724019 6.01176116772009 6.02834959429466 6.04389919355652 6.06270807501806 6.18715326095586 5.98501505164084 5.91080705065284 6.08384831349229 6.1275922196286 6.10628587426352 6.2857728874531 6.21638383403289 6.06568704997136 5.90081777035815 6.09949239319194 6.30556191727196 6.03729761214574 6.0122048111315 6.05242502105058 6.30529635413936 6.12648769477276 6.18672252767883 6.11131351278417 6.04173296448609 6.0050058866708 6.03569091022349
"938" 5.99529638783717 6.0365913487831 6.00785682472423 6.02303971537887 5.98469595808728 6.12782571526285 6.23869093718892 6.17801905017011 5.99167025736885 5.96817369857974 6.38425875276816 6.26594326269722 5.9921042390607 5.95703788381167 6.29360772546026 6.14058077247629 6.0003465542849 6.16386598181595 6.05279591500944 6.44994673362108 6.08379654568252 6.22978887053404 5.95179239095069 6.50199624629425 6.0721083047972 6.14743613498913 5.92659753700032 6.29357935529511 6.05185682291987 6.21215540793445 6.22586155260515 5.96031522423305 6.11860785204856 6.04461726289622 6.08053914732417 6.12233587597992 6.31480910527624 6.08830951648228 6.26921974010794 6.35144906833572 6.13144947939283 6.207271756653 5.85517637852793 6.04685544086457 6.19295015436832
"939" 5.87648732594888 5.90865622630965 6.08486431385603 5.73370415585522 6.01781686305352 5.9555174121847 5.87206783343199 6.07736466057731 6.14331132995851 5.97840648159347 5.92379756269866 6.17186427837348 6.08845341784675 6.23875522109306 6.02707141525663 5.69428379687145 5.74019012982339 5.96630042550838 6.06153107088362 5.87927962541482 6.0121251576956 5.89051019301794 6.03632651966198 5.90675496301893 6.03046155668794 5.94801994758649 5.88481670992971 5.98456820926919 5.91281113665088 5.87227950271883 5.97555831012093 6.11227384716207 6.07168859286113 5.93300597460021 5.95832316675579 5.89086327842033 6.08979910051479 6.08280932443029 5.92562613132747 5.89037955925862 6.01906555337643 5.96006466340732 6.00209044673468 6.09000013556235 5.96583703461919
"940" 9.40716030157584 8.77070127687262 9.12733082340064 8.97668509917607 8.93380470846804 8.86721641973184 9.38644627948191 9.2401016283347 8.83501150190263 9.10973370907463 8.92986960948923 9.10919590095641 8.69892525551737 8.35035148377576 9.11919187395695 8.33723011422141 8.58681883075428 8.75894356221142 8.82919064909592 8.92170521239033 9.04321997490973 9.39373460860205 8.99069012736879 8.96465872393758 8.85048769141319 8.65474170704063 8.89010993271586 9.08399961003515 8.9389628452372 8.98867144883076 8.88714802835733 9.40719527562431 9.03215699002913 8.97176338167329 9.13051559309978 8.67332214689377 9.18637033136435 8.79913848556138 9.46485733241867 9.01012613994708 9.02428599919389 9.50741786454566 9.2058023824477 9.22931591074841 9.53456241556493
"941" 5.83693570055419 6.12999238908678 5.89406693068787 5.81218282524876 5.82421203156877 5.9796088649538 5.82852259984514 5.93872285380583 5.89315509266589 5.91884664281903 6.0546331680693 5.92150651830427 5.89710993394968 5.88219083432889 5.94784147708107 5.73668629003124 5.94371806270228 5.7441548758755 6.23941275335748 5.90576042793755 5.78520343844043 6.07682907669356 5.89362614007178 6.09507873785561 5.83587283791488 5.98130015505583 6.00977527833602 6.02575160586956 5.9033752765771 6.1680509189478 5.94732198651487 5.8006833188846 5.91948415373165 5.92657439129058 6.02114074291022 5.97520340578822 6.01895771763477 5.93759727688078 5.82975366370159 6.08511912678991 5.92604740807004 5.81962918477148 5.84191080914677 5.94056671584655 5.94048769413631
"942" 6.1578090335455 6.21622626162622 6.2970860826842 5.98014454057616 6.22623851692433 6.24051168751542 6.13964481190887 6.22193088492897 6.17407432797671 5.89167361680765 6.22546819764042 6.13615631444379 6.05713272165796 6.1576291736006 6.10924207873307 6.12494876561914 6.14543037253335 6.27065258905658 6.34190570181837 6.06802621921959 6.39288808633744 6.39247205795805 6.25080034746781 6.23907894791498 6.14727823311749 6.06619848514855 6.24540503678266 6.32910736286274 6.18769318008041 6.35612742274541 6.36584577949274 6.2110777886743 6.15551543306907 6.18457252112704 6.26233419454266 6.24286544930249 6.17874667470308 6.30050921293262 6.15033272721903 6.11385158558549 6.24744806512746 5.92433494867323 6.05009839614296 6.17542819312623 6.1604579675307
"943" 10.3820251671388 10.5059325776363 10.6545250074185 10.5741391813606 10.5888453300321 9.91888016505006 10.8180077863578 10.8866689766114 10.917720800128 10.6739343506119 10.795816579563 10.679253150005 10.4037927576503 10.6626161412051 10.8582149854637 10.6779399466581 10.5928363081833 10.2141758105356 10.5477584862824 10.4228249411652 10.3815538727696 10.2851349514826 10.1202412404673 10.5411371870563 9.7890129139335 10.1135074912508 10.4213643196854 10.7585131394083 10.0223154109395 10.4067604974059 10.4031348219895 10.6195005099917 9.9087355809112 10.3255103557782 10.3389685693584 10.0315606667389 10.5510596724892 10.4567058589705 10.8735219701281 10.4017789569059 10.2572392310214 10.3815763698819 10.1422163181323 10.6315868311722 10.6041832806294
"944" 8.10496644795279 7.13537581715913 7.37650298364578 6.96978187499264 8.00871949815191 7.16923029430444 7.39668925317147 8.28268388501935 7.11956908269128 7.67228939641191 7.52988222404835 7.53291168016682 7.45048230571124 7.47110075116452 7.42373431753606 7.66566213028372 6.82273512167835 7.45141992411863 8.2865277197687 7.98963225087244 8.45183852965021 7.28877713373681 6.76777276717219 7.27259630286755 7.5267457230316 7.24930393275093 7.60816523746486 7.74609723396696 6.97400897701431 7.12393837325773 7.03338308778396 8.02221083789917 7.39815794648562 7.71721735259412 6.49350706527818 7.14747692484175 7.16158899501251 7.30189886412119 8.19987255224815 7.42281908822382 7.24534211684332 7.91014696697918 8.3039933296354 8.20283437882436 7.8253166673517
"945" 5.81925617495841 6.09076646976791 5.90219279069995 6.1674941989636 6.03578700388036 6.00742187161143 5.68514296373816 5.79003284979108 6.09830283207466 5.69804862868317 5.83605377353309 5.78103289792561 5.93559689752995 5.85222040264346 6.03522523154234 5.87500051355754 5.79158328445635 6.06037525787554 5.79434456909027 5.88628140804717 5.90334749198924 5.88969902179987 5.94782207746217 5.94246615372187 5.88994709063968 6.05663744283336 6.18393867546357 5.98772229258509 6.01232571101471 5.97688932437291 6.02566584290624 6.03495548479622 5.99565599296546 5.93446140602435 5.84478497399295 6.00737374545344 6.01267736609597 5.96896890810695 5.86497000490529 5.82372881689385 5.7782637549882 5.93814073721847 6.05768120606078 5.78976720053865 5.66927854929912
"946" 6.12392368937233 6.02306058945864 6.27328607434241 5.90134298996112 6.06800423039924 6.03432635391351 5.94718512649581 6.01006351058251 5.94129492339723 6.05864295877955 5.87838349580807 6.04942357619871 6.09105634921817 6.02761478260738 6.19189314340611 5.91370710085203 6.00708475655153 6.07069780924789 5.88254191156609 6.12774007508749 5.8326761306988 5.94438494066407 5.94963963519586 6.20521209459416 6.13543213761367 5.91767810343118 6.04256376819044 5.91821986384334 5.91131857241596 5.99934119975493 5.97698353242781 6.07610359447728 5.80366901028882 5.94220513764892 6.083688259522 6.08258143446645 6.24338873625954 5.77884483903786 5.92870311350557 6.0949996730982 6.00613672285197 6.0843493316619 6.02104525374992 6.01917528411633 5.78692708691524
"947" 8.55330673366502 7.92204799437548 8.53927031861847 8.1804739703024 8.39048028452819 7.935068042725 8.60345428997646 8.55496169764743 8.11652252142361 8.29003657026665 8.59320318426545 8.266009993816 8.01241431995179 8.07669612938938 7.93206836167621 7.79558052111269 8.12587461740728 7.81147308383376 7.92481625890659 8.39064187614531 8.41422455552582 8.24406687787799 8.47416877336848 7.95631489877604 8.1847452330263 8.14256406063164 8.5218824800437 8.57974370327633 8.31937205359505 8.34354602648223 8.2875305452722 8.90513925171283 8.15586313519713 8.22293820515842 8.50500070180753 8.05010271928179 8.58485479220352 8.27945407755509 9.04992214053945 8.28497699135089 8.52077847698332 8.78536567630746 8.48155875625132 8.54318355353975 8.67166720985842
"948" 6.06188681739347 6.1609440025248 6.04921534554909 5.87398506534328 6.20597304796823 5.9775734329481 5.99519658412546 5.98116305154078 6.0866253732403 6.03237699888409 6.0180032201773 5.93667445658015 6.00039942375804 6.28957300370703 6.17117500834136 6.0257719787685 5.95665536442558 6.08089171237921 6.26861608644649 5.91088803015551 6.11666259573896 5.99749646587009 6.12435114734842 6.05377011739005 6.20496725202441 5.99297808504987 6.11406691353107 6.16281478987677 6.11049861691232 5.92766420810931 6.02212363560015 6.16032485799065 5.9081433832271 6.03289636877704 6.03141503740605 6.29873163108629 6.02900704584 6.19953246194727 6.1511877816344 6.37646122175393 5.96933473104813 6.31461491796902 6.16812130517607 6.13679983472215 6.09164043801116
"949" 6.13177683751651 6.16720388659332 6.03824921389845 6.34828734195526 6.19318324215292 6.2519486542775 6.30602731271081 6.26014762108752 6.29350617845132 6.37816150286362 5.99780041503229 6.26964128906386 6.2385527267499 6.30042313514204 6.21828047558661 6.17246913011874 6.00686560912228 6.41161867205858 6.22438269008213 6.2932428836212 6.17184728383974 6.25961302696449 6.26524613239528 6.19751186593033 6.30029536959888 6.21512403876997 6.41565949445727 6.46129677271034 6.09048936712729 6.2338354393538 6.34162831197102 6.21978193170459 6.26585726007412 6.2587479366175 6.19891298313758 5.93503712866929 6.31965433302759 6.12031162134286 6.54115571754318 6.11602289190494 6.32431681519177 6.21820660546597 6.03066357858355 6.45316374318926 6.44940360892702
"950" 9.23003653173771 9.32839582345197 9.14291878768997 9.84107536345319 10.0023834465098 9.64614366562839 9.63651978000488 9.91803866929549 9.34630498292491 9.46954049219464 9.70771639925146 9.46582098990424 9.72708651772755 9.66357873815878 9.37709035708073 9.55180148523862 9.50154482007897 10.0245178877501 9.81788690183642 9.67120715142003 9.42359669394106 9.89286966352423 9.76091760398064 9.5641367277989 9.19412147909207 9.29723664058174 9.48459181258304 9.69166613992035 9.65760362284193 9.61540261160962 10.0380496503767 9.980968347209 9.37487712246564 9.70977616474186 9.69308681690708 9.6710485968211 9.34495857112536 10.0988106900715 9.88709664129746 9.21495098954912 9.62382913645471 9.89798770089877 9.81674764922109 9.85336383554123 9.44096995399992
"951" 8.19763807018342 7.52835328891344 7.73012847404102 7.90076048842072 8.03001737061215 8.14452007015355 8.61226643469695 8.16304981733844 7.92388413641864 8.04482368983782 8.01613504472338 8.06136954627863 7.81397815750963 7.82099479564598 7.73919290168001 8.02194746139522 7.93827755500418 7.61877364200327 7.92909665711223 8.04504229731397 8.49007945116454 8.58578467922522 8.20404954795999 7.96744289076071 8.20800679080044 8.07521939180511 8.10263942594973 8.2678072528736 8.06081563077777 8.38457501941621 8.33080530168638 8.39235661458714 8.16020136110281 8.09429186191715 7.72209513066992 7.94804018352602 8.05202454740971 7.99881849306179 8.34533778157166 8.27180827487159 8.25391547291686 8.40428429879725 8.47747098978868 8.2636618361026 8.29002450403309
"952" 6.26562779284757 5.99041655028048 6.10921711755128 6.08662895554044 6.22632159702625 6.0469702415989 6.21838967132019 6.21982415572516 6.08374802338369 6.12759863412071 6.19428760608094 6.11549163616691 6.13123273399793 6.24842858588648 6.12572994454704 6.35335039053009 6.06272780094981 6.09385011789543 6.07701733783943 6.20565062792154 6.21445541431705 6.13010722136816 6.32946507006866 6.19595952804143 6.07666709974609 6.04283290440348 6.1822511247406 6.32471745384209 6.32114575333678 6.21691773876178 6.17683939913638 6.16458974815934 6.32850715860326 6.09315820359878 6.13981567537282 6.30282275642535 6.2802637945705 6.15650858505995 5.98617768524787 6.09232645285606 6.17705758606729 6.11085646539247 6.24186354356244 6.23264242622328 6.243790136614
"953" 6.27144496766664 6.14411203681043 6.09061995318045 6.13521243020189 6.21385721322177 6.26520277499905 6.21438622142206 6.37299296431205 6.09365367739785 6.06618475158642 6.28337299259179 6.20282153331777 6.11346739292914 6.1169755156866 6.07923214258844 5.94523077306526 6.01593734619212 6.12515332560343 5.9373100342441 6.18914426966137 6.10570054785856 6.17452561511401 6.28106967200675 5.92983233780586 5.82256552204169 5.94880149131936 5.85913104840688 6.11347619975808 5.97964216052545 6.06942444183684 6.11616836316634 6.15288551774825 6.11424132600254 5.86918629526938 6.26714739018913 6.09625522707757 6.00045913044057 6.06710452341052 6.19814265470171 5.92015253962898 5.87372439741312 6.2275723251195 6.06915907799964 6.04266178018449 6.00533445702389
"954" 6.63431713661977 6.67921161082776 6.69085365980885 6.54856351953951 6.64157606626965 6.44359122668146 6.72415822500966 6.3890536170167 6.59074277032192 6.72156887460592 6.52347549881684 6.68262339081713 6.64528994611553 6.70409249556138 6.66505328348502 6.57906033078704 6.67877749917422 6.53009545131258 6.66937162718974 6.49575513734552 6.67548635548977 6.15187802407076 6.66845522499461 6.37772443700179 6.53445069011499 6.5928603616202 6.60340049179221 6.50498181676529 6.52082157332356 6.42987283789031 6.60305121248574 6.49769667134666 6.29035021835042 6.2769977893942 6.29900323333738 6.48818881594731 6.47090130696488 6.54583019889635 6.58622086296666 6.63068801082132 6.52968301567822 6.58690172154367 6.40343739253886 6.67632067507584 6.49587994260586
"955" 10.8017067031329 10.7542986695685 10.734352628481 10.7705006515642 10.8515612439106 10.7262449927576 11.1674970223874 11.5645754616785 10.8263838479132 11.0555486522426 11.3945938122911 11.1285286989749 10.9497878200313 11.2277748898471 10.8086278872524 10.7425966292329 11.2000103628157 10.8498578377921 11.1943066796102 11.1673997468387 11.39001954049 11.817570404758 11.1206869517366 10.9083824116346 10.894191743549 10.6746144614436 11.2329536585629 11.3605478202338 11.0803005622574 11.2423809447357 11.039046391032 11.4960076126995 11.2183887310805 10.9518000893481 11.2684137774589 10.8237532332145 11.2624422310647 11.2052454984333 11.749845945182 11.1812290065369 11.1175047087028 11.5256319304113 11.2735416925889 11.6307746032902 11.124065651805
"956" 6.25494312278616 6.15137034383977 6.06264234125886 5.97342281393458 6.00374861418032 5.86419366217975 6.14577528902618 5.92863519628262 6.1739457889558 5.91878041227485 5.94525842703647 6.04375356087305 5.72419230038935 5.9475150338855 6.10194058070697 5.98255955857173 6.04446481261786 5.87160106144647 5.73437969855635 6.11107455155847 5.97984300752755 5.84207875418522 5.92991742214653 5.88846635853088 5.87417353001479 6.13761054739834 6.09603009068423 6.20682660909348 6.12317550810103 6.1228065418768 5.97829538857328 6.03156834280712 5.96620996821938 6.03172134995484 6.01005938499561 6.18368183254263 6.13053416429167 6.26777553481705 6.11866529132466 6.04770011578663 6.16288604242179 6.22270266980117 6.0511413160049 6.2659612020402 5.82665784410621
"957" 6.06769800377281 6.00916097495155 5.9559297063071 5.78992400427317 5.9997369213282 6.01069144306548 6.1336244624005 5.8830297619121 5.9748278858962 6.0161657738454 5.97234335838008 6.01743223077607 6.09284626930588 6.09558951363725 6.18845721730327 5.89340490397306 5.95559321359005 5.85609083487984 5.97263592428596 6.14436140634506 5.85691163212424 6.06382409797084 6.19744181078737 5.92044081603475 5.77567282075035 6.08736208500986 6.00250770438842 6.04856701867047 6.03860227417456 6.05054186066276 6.08378101576209 6.07465132989322 5.98828380255004 5.9193643475486 5.83471848248915 6.0315477469046 5.98421641897411 6.02123825152967 6.05349937861051 5.88874530202223 5.90508058552574 5.83846073370835 6.03518460976454 5.9218885898805 5.95049607052861
"958" 7.6849845441178 6.39230309574619 6.65662127902513 6.69723048899268 6.59125874868528 7.50861822739836 6.61793436128246 7.11595940444603 6.72672854534144 6.96060367144491 6.43015570033706 7.59667798876039 6.75515963820029 6.96847531324122 7.04227113410391 6.33158051883739 6.66866326786391 8.13130643416981 6.60839435938704 7.47961600381229 7.52472728331967 7.08783625118586 7.35006788911176 6.80884793172321 6.90835660081462 7.3799286207064 6.93321810416013 6.50531764649986 6.76734881801038 7.49069742065369 6.89184105972387 7.44299494567391 7.12143415564183 6.67222181706632 6.80484241226904 6.52442824307545 6.49367920342345 6.52167218723748 6.90366319561276 6.61329492270006 7.16128962220461 7.40461547856621 6.69363221690554 6.78409666056743 7.23827944016186
"959" 6.75397994318463 6.79069933997415 6.59584069320519 6.52320021557818 6.75149904910237 6.52182819461935 6.33929295381123 6.43696966765462 6.55252412655426 6.51648173226059 6.51348252717125 6.25402370464138 6.30092864275574 6.28658023340886 6.59752467492011 6.47824869344316 6.26739766845865 6.58298130008843 6.38698978987017 6.37783349468449 6.49851556613505 6.45272136828319 6.36013782074376 6.47745706106445 6.3668726206984 6.27977039722472 6.48620681333138 6.33623342977026 6.43221444169442 6.30514757010263 6.41333505679365 6.39762011016652 6.36469081188677 6.29177610826415 6.31626186241342 6.41363562358778 6.14471265903727 6.3718566351906 6.32635991909343 6.43882032994303 6.55606188003602 6.55218846345521 6.4144327890687 6.5238273985161 6.53746806970281
"960" 7.1510658332668 7.15684263914245 6.38273273566892 6.67006816185943 6.28198775551992 6.40244404294951 7.96433164480923 6.78192859468672 6.32821695218318 6.96039105062279 6.80626715898442 7.7159390570483 8.05797757495633 7.01663236915394 7.86880095660842 7.25041886899591 7.45852938748923 7.16101258613963 6.52536171029384 6.5307792759911 7.78963131354291 7.7904959546237 6.73226236774262 7.05003309853381 7.60818672660908 6.96130348660047 7.4320677993408 6.60989305420073 7.72817704184112 6.85433764929396 6.44667924570516 7.11498471833781 7.02266280194583 6.69975801452774 7.22561183790488 6.96134799048573 7.03344331233384 7.40137290219824 8.90523807649727 7.09965583900908 6.94646319831817 7.00958844774614 7.08503468776618 6.47681298741886 7.39884364564224
"961" 5.95114792903749 6.20610088524397 6.01588974507418 6.07738676685432 5.97658848902985 5.90064896296317 5.86172192305821 6.00021958109629 5.88772791302878 5.94053040982394 6.01952171827659 6.00937742555549 6.00920502115006 6.10191162033009 6.15597761046967 5.97631317719318 5.87274986948399 5.87805690223823 5.78468122569996 5.92172922257418 5.80122103900759 5.99269769206346 5.89902172145799 6.05053934047798 6.12958811309944 6.08140305965968 5.9599900137635 5.94859272772248 6.01942508015386 6.03229597300294 6.02850183280249 5.8384060999868 6.03930149960049 6.11437183513943 5.92259202260725 6.04140615044734 6.06185899054902 6.15803563090249 5.8640896443684 5.87390861007729 5.99662791067731 6.08228428692284 6.15771616957892 5.78037433157568 6.02687210613882
"962" 9.10698741878482 8.90603601474388 8.73668916731642 9.01569848063217 8.26448527158488 8.61062197160417 9.16877037641521 8.91451138627277 8.47946180148605 8.94083609692184 8.72898925482423 9.12415218677291 8.8377047996672 8.75216158848142 8.71278745011616 9.00894219533357 8.57533481759139 8.69788676479996 8.9799944447848 8.933869582667 9.08472267224331 8.96993974684725 8.44277657671183 8.92081496961486 8.49941613194413 9.06297360329451 8.98875937088849 9.14825637393717 9.20387660193717 9.06172715764687 9.06080558600124 9.26508853565717 8.97282246186059 9.28688421051586 8.47837091391087 9.27889894910923 8.64087813878377 8.83591538843442 9.59131442136621 9.11034180134727 8.96308519254875 8.99552688138122 9.00202378648166 9.42438275350627 9.23051514588318
"963" 6.80533021969868 6.40353907640658 6.76394688118963 6.41426494079735 7.27790032411291 6.75125733678904 6.91009543503183 6.77604214777125 7.18917788122507 6.60132838439352 6.8397271489936 7.27053809220504 6.76709101046339 7.86086953459482 6.94776090859731 6.40712153547104 6.47877189516394 6.58858202639954 6.5716743839437 7.09122591052342 7.15437604406083 6.91343800454028 6.89071036363608 6.7155569112704 6.43752298091388 6.93277652653465 7.34399045200376 6.27487421498353 6.58906789607106 6.50107680981984 6.49743027093328 7.19138158122639 6.50425237229844 6.69736630606407 7.00231401301478 6.79864042059133 7.04708548714737 6.90007857478301 7.07401337962262 7.2768749005901 6.53479334188384 7.19623996158165 6.62648586014939 6.79770065850393 6.56432221736446
"964" 9.56128052237193 9.31086701884262 8.53102318997816 9.11839173382225 9.23728950438267 9.86781805083258 9.56745151116391 9.59722216826255 8.88668487630998 9.5844057076463 9.60211432816801 9.73533463081944 9.39798166778728 9.37507536401774 9.41050739553939 9.02771411430456 9.24568772362038 9.28573773427455 9.42424275008005 9.11860468437014 9.36281574129452 9.82013916937375 9.08513691016073 9.45645830687583 9.60046031061439 9.45252984629403 9.36710470062362 10.0036741475651 9.65210371217309 9.1865021286124 8.94069069446923 9.88804633703805 9.38394728685079 9.21305464826331 9.09101318062935 9.43586448325862 9.24691325723145 9.43354299531386 9.97076687616061 9.2704325439942 9.26459916088992 9.68444191552951 9.62194090123868 9.26970548216604 9.72807042461046
"965" 6.17017225863767 6.3183427667818 6.36998090237113 6.17988673513042 6.16652954598623 6.20311604307564 6.20931429707136 6.32354689665757 6.43306314771069 6.08071889212666 6.5222765061121 6.04948540460181 6.2807127111613 6.29921594841133 6.29974473149084 6.30679920120148 6.32539362400028 6.02569263522885 6.17911658375212 6.42765070967989 6.25368142339917 6.08084289038031 6.26312498106929 6.14344050419332 6.25777092414367 6.38710113995925 6.06529276895367 6.30195287829439 6.16462950307038 6.23621892005924 6.18672023251009 6.20237387757641 5.77612412447005 6.12594503482783 6.02977047826936 6.21613853388268 6.2915656566979 6.17957393800971 6.07549001022702 6.3882561541773 6.1971887703629 6.20967860668995 6.15050045150329 6.14954912153311 6.36148641555873
"966" 8.61856071335836 8.37543622100782 8.45542771179219 8.62569515190855 8.59717070014551 8.03230600797956 8.61591449394234 8.96524578708816 8.68964825355472 8.83425324127971 9.06294554355934 8.85109626925877 8.5440745474435 8.99378138709856 8.68322469673715 8.66315543508148 8.94199283138301 8.53503098378608 9.00929323822425 8.28736161581121 8.69952724536085 8.83357689031124 8.63164504224553 8.31160841994828 8.21131994194173 7.94265095450858 8.46939901243119 8.84985438964206 8.28635832544565 8.41866272143513 8.46548368995104 9.02336456436504 8.64153605688933 8.84987796327847 8.49732798832817 8.28331145871436 8.64794244892344 8.68771467479941 9.06278176165663 8.42158680357107 8.44630566960018 8.91537939939781 8.58129142803484 8.98732051699415 8.73598763969657
"967" 7.93120976623563 7.74718518318015 6.53722092755592 7.1501456533922 7.54062007952409 7.07808874488222 7.21527511621051 8.08347340162668 6.26726838342654 7.70273831275061 7.39307637794431 6.55933237833753 6.83177978563351 6.90700950419788 7.38483449569657 6.57095052807368 6.9370599438089 7.03622317902074 6.8575326275204 6.55768888614779 7.27873457752227 6.63630111851361 7.01351911803321 6.89582152699806 6.5639117105637 6.67032171535661 7.01358101957049 7.57614149841986 6.8928052328104 6.63340855566007 6.91855863738889 7.39628276690441 7.41317081866672 7.07786137412386 7.35343746353339 6.55516813915306 7.18349713574385 7.29460734990455 7.6906384075732 7.09252793909724 7.44705126972612 6.78979967562025 7.3250429242443 6.60506373426202 6.73130654511607
"968" 6.76403654260799 6.53622804207417 6.63388434496223 6.60492484205118 6.47703685361127 6.56893146252493 7.00534897369884 6.51534990079064 6.46576336363309 6.47209233353259 6.68357876304465 6.73572486818776 6.63819497823158 6.73785434484932 6.76701565568649 6.66632714613525 6.40347738980926 6.74272845270279 6.7024200780299 6.53636801060701 6.77457916933579 6.82752162304722 6.65791950926627 6.65376640587892 6.37106678614554 6.55494642854583 6.65309321999033 6.61862661943561 6.54388950488144 6.65289300955641 6.4412802079738 6.62111578567992 6.63081326635116 6.52159074087728 6.95006801115212 6.7021540323469 6.50177306992316 6.65200351620025 6.61240443436553 6.54284598367879 6.72463707861007 6.76567915762456 6.76189574943039 6.68474804860685 6.3367689953834
"969" 9.11706916972194 8.48441467474379 8.61791287464088 8.5992035146043 8.15081245185908 8.08337800534841 8.90186137323897 7.46300582227179 8.75027889181862 8.45812516036986 9.10975179420768 8.45770678263741 7.92316853097568 8.33178863401529 8.46376646584315 8.6343875532425 8.13700495821286 8.46584118216283 8.8063328855409 8.63685034451711 9.0730039742615 9.02056009124865 9.34986267638568 8.82048290785772 8.31141344412512 8.11733672131635 8.96282446695219 9.16679312670967 8.7153744789142 9.03428496927031 8.51763823622856 8.50505119632222 8.91305305072862 8.2611984776835 8.90516175207131 8.53101025143527 8.58707095579862 8.7339846213761 8.60975102682145 8.1652947986969 8.61071869126019 8.32164767228351 9.04869723470622 7.95677828005991 8.68211351343786
"970" 6.02854930701399 5.91404555703996 5.87811362014308 5.74423901703519 5.98160354194512 5.72713742591543 6.04763021947823 6.3060604749682 6.12859540106675 6.04139069234392 5.96179782836332 5.7982756509471 5.89177048019927 5.88562604767535 5.90538866193849 6.12663032253422 5.79998891946781 6.05173526016988 6.00506746533426 5.93823911622922 5.9851342186516 5.86692701312297 6.18695140220661 6.10502748287635 5.89975108825937 5.99757114609901 5.9511590198952 5.91606664424637 6.26407331675996 5.90079993709963 5.9858289365865 5.92116669389662 5.76334356110095 5.87037159491627 5.94236779127815 5.98789824962308 5.95041800925806 5.91330881044353 6.02673962470398 5.95132388993596 6.03990349295148 6.07606025177022 5.79127679926775 5.94252783434106 6.13962511618764
"971" 9.14095732542701 7.87660145744546 8.61309279094601 8.45984676128372 8.52534103069331 8.23879638754625 9.11039796836365 9.00332503500448 8.52270056963649 8.66726720619918 8.79457181120093 8.42205635819597 8.15539990135282 8.62125594147141 8.71436562797478 8.37355347608018 8.45224150198885 8.40075816588038 8.77105491690537 8.85302697812215 9.05253548668582 9.17800794738575 9.03577928047231 8.73696172653849 8.51709820506488 8.31471995557392 8.94559697989702 9.03906924285746 9.02895009720222 9.07400437474215 8.79727894356587 9.54020046884839 8.92649374794534 8.98523376590176 9.08649274652115 8.57507846153762 9.08346089124385 9.23059377695701 9.65968775225632 8.56059246039113 8.97039818036419 9.17679949609615 8.9738766540606 9.2980794561924 9.30667186117935
"972" 12.6620828729421 12.9607587612493 12.6730896617218 12.4715041556177 12.6096229566383 13.1303717142497 12.7840954124794 13.0961049579552 12.7382707895052 12.7217670151815 12.7942500044389 12.949140014723 13.170088199096 12.6569614043448 12.7761264404785 13.0637913277109 13.0217958588527 12.8842215899648 12.9472797670737 12.7516260397125 12.6398436827266 13.1592874803471 12.5610972698374 12.5151408158723 12.5861330928647 12.9703321759694 12.55555627584 12.454756562124 12.3080089868113 12.5348571409807 12.6929658382569 12.9527233802322 12.3507422668895 12.4523767522883 13.0120832150855 12.0635102137321 12.5776607502561 12.2594308459314 12.8596324295097 12.4823764166767 13.0737945651702 13.2507393695778 12.5967710512817 12.84799923442 13.3965998253601
"973" 6.59492444440602 6.39401998666676 6.7665777425326 6.78088439166329 6.79006131100434 6.81789699062053 6.91911982465652 7.1079798951779 6.83098905152557 6.89131500949606 6.90015861583875 6.84094771297262 6.71133846352624 6.83983674141152 7.01744648329787 6.78972122573429 6.99057860223867 6.69496243136705 6.68834645767908 6.73944838899855 6.83714853610836 7.21098167135636 7.11049901061968 6.7284729109837 6.55658519619858 6.66319400582639 6.92159983837374 6.84934447861732 6.71267592929182 7.06526667149439 6.77769461440881 6.92402973604222 6.77684287535354 6.82035628716188 6.83745668133124 6.467597538031 7.00873835947035 6.96487743260118 7.19356281772205 6.71523975660476 6.7992658223164 7.06170646012517 6.76185864678388 6.91105223885204 7.00698949412792
"974" 7.22288254514264 7.23881275650945 6.79985298458294 6.79664734312262 6.82815387105221 6.7813414113293 6.7578865090376 6.77817189049977 6.80455020757396 7.36634400983433 6.71115032201672 7.08911595342541 6.98352412146138 6.91616483664745 6.82896953517931 6.96758743000558 6.87530839072487 6.98676615875864 6.99391493371848 6.84733341732353 6.71071230413669 6.70736448810043 7.06076696214015 6.73809960037026 6.74990252602593 6.86930780042288 6.70577815961466 6.63947532700197 6.6614051804104 6.74584482860358 6.67376180089411 6.92445207804262 6.8724089493584 6.85605097878737 6.90904180877602 6.73948992190649 7.36446461739324 7.00576075351655 6.90407590438598 6.85949027324608 6.85118802446322 6.93895303655163 7.19333997568348 7.10446670998592 7.011414175019
"975" 16.015447732609 16.1581819542556 16.2565135461296 15.8167178470119 16.1821803994007 15.9325937140166 16.1253539950288 16.1010615160346 16.1311049340662 16.0823212134696 16.0712208435274 15.8418840163864 16.218266374116 15.9314666059732 16.0690510167726 16.2615415903046 16.1644216039806 15.9820118838181 16.0427828070015 16.1684338061814 15.9840865914131 15.9050359773558 16.0397154330973 16.0623992361262 16.18649304425 15.9940593698284 15.8556143706665 15.953419981145 15.9423846775601 16.0121699651357 16.1035496590475 15.8324671570164 15.7797715654224 16.0638010701231 16.0567596844548 15.7890657038506 15.451601499556 16.0432526508803 15.8741032335411 15.8902132232546 15.9804738917287 15.9190842817117 16.0975259048544 15.9208866757568 15.9065523779581
"976" 8.86161711623723 7.35823892504367 7.74749983269479 7.59362185946052 7.72216060771359 8.05223732492634 8.03072512769675 7.44795456606488 7.8486022955929 7.76326042114614 7.0900596552553 8.28881129067326 7.36427886908782 8.08637799472502 7.7535781541048 6.80901533851524 7.25354665650096 7.7374464858596 7.42981412835799 8.019832307274 8.16915488393779 8.1190269966638 7.67797754112303 8.53319166155603 7.78769930489111 7.86321325257127 7.14805580466157 7.82789233104314 7.29646374571499 7.64045935989258 7.24886653297238 7.78396861050631 7.94235687564209 8.03338669942411 7.58623012880317 7.09264543529134 7.70773952057929 7.54111274718175 8.01399045808532 7.26248841904355 7.70366260822319 8.09805912042332 7.41429764568257 7.9803303783692 7.87805294700162
"977" 7.58547793449479 7.34780327292463 7.24816754148802 7.61079804607136 7.69420915467696 8.33758881773142 7.79938231811417 7.6741747611124 7.12374789222825 7.61267172514905 7.27517805306009 7.31382188993746 8.00236773795375 7.11042182154368 7.51247021693692 7.8788532772535 7.73157104276658 7.44357638598202 7.69221291375845 7.11120858228473 7.26113447148413 7.36375869564972 7.4608985804452 7.60700018555478 6.87744491556339 7.85447928595654 7.40641707625718 7.59935309387674 7.41753185100886 7.51901437174353 7.50939550674657 7.29482164054243 7.30713217429728 7.66917523622283 7.17637781837817 7.49254552980231 7.16341123838915 7.70604192732197 7.34142806400937 7.41118548457711 7.35201225427979 7.16148915122054 7.69240546218374 7.66378566557011 7.46802368687441
"978" 6.16489839280396 6.09721322398197 5.79376196159011 5.83604158822589 6.03848653650936 5.99199515942966 5.8381863750375 6.01030526078705 5.89081218408131 5.91427781030708 5.96414331872266 6.08798981523026 5.71095011813707 5.80707865002835 6.06139548620929 5.79940389546084 6.01721996213873 5.93816028400859 6.03584893650154 6.05567060570954 6.19254978270524 6.14947830794695 6.06531925326343 5.8743381977668 6.09425121919992 6.27606881108714 5.91305355403783 5.99049759757057 5.94685832018798 5.96044206150184 5.9330561003597 5.90215258132738 6.13265648861101 5.80295574593894 6.01255420325323 5.95991336385624 6.17053207321342 5.95831151218522 5.86791178786571 6.06229294608761 6.11740374075138 5.96221485263588 6.05921297458204 5.86631241739535 6.09933033275908
"979" 6.60824613512806 6.27278588693379 6.19765480448887 6.29410849131491 6.40875883793134 6.43149573618571 6.31221997477542 6.47930015803269 6.3890452070067 6.46886244271312 6.49842861582471 6.95331745678368 6.5384661247297 6.41917574341645 6.42580156687812 6.3240298846737 6.37912648489347 6.57355302688188 6.48671319628962 6.31879772206016 6.26489704147057 6.34963917696879 6.75566030339701 6.08014968928011 6.25441951921125 6.18001400976718 6.34058400363315 6.46776698780724 6.19375743898107 6.46366360642183 6.44667579325963 6.36973261076023 6.46322376752581 6.31378514965563 6.57246736501271 6.45807163872748 6.56307724387212 6.34701445191697 6.50036200807201 6.26349212091348 6.49049937323762 6.45950598851183 6.58721341774044 6.44505101496305 6.65944780058061
"980" 6.3381303124264 6.18084064070702 6.1860687356704 6.21811921359062 6.2706793591119 6.03615468856116 6.10171573160284 6.01894951619584 6.08469878775463 5.99021638855225 6.09966690993354 6.21203512552018 5.94079780672224 6.09461949394592 6.0772584599044 5.91147576585923 6.18500028511871 6.11451432845107 6.15711089548827 6.14981709576385 6.15275035193095 6.18330934263439 6.22404653522746 6.07081952521517 6.21868487452238 6.16874186598265 6.19612798694297 6.09910306667253 6.19430590814738 6.11774868430612 6.24118970979196 6.00937929062539 6.14060128923569 6.06709150803478 6.0328574654312 6.24890444152859 6.31501065236206 6.11903919689173 6.07565182522714 6.19677872018207 5.90036453018604 6.05670057639622 6.39891111595206 6.15781907856986 6.24325481753315
"981" 6.01954890693664 5.87095864619071 6.16412287584534 5.98577536559145 5.85719996453831 6.02437625987304 5.97176051598338 5.84181976242202 5.99710667016631 5.92285926124978 6.15993249720447 6.02275460869044 6.23644673743894 6.06372742287766 6.00400716861001 6.2892013885142 6.2987484455155 5.94228055558445 6.11616906869064 6.04557339075874 6.29453458206623 6.01317409270977 6.17124479676959 5.87250283036871 6.2796884850212 6.13013310918271 5.99767121045721 6.09597223944382 6.23106117913623 5.82755181688193 5.96000641114002 6.11480278920594 5.94005649719763 5.82272544157693 5.84166561962414 6.08485292371208 5.76247017699458 5.96859640824727 6.10887478623141 6.19651480535732 5.90144103725473 6.33419961279734 6.02895852264869 5.96064352920627 6.04998465658632
"982" 5.83054559982989 6.17865853006998 5.83870845547826 5.85368810777983 5.54742388856036 6.06294486457044 5.88323619634029 5.75653021177194 5.93489376416666 5.70882070812505 5.95938349685366 5.9283021838923 5.84513266330931 5.82727757017781 5.83164947285812 5.83156579795585 6.19621441661568 5.822741946115 6.08374132646421 5.84196408864815 5.90678600103886 5.82105093998509 5.99079458445291 5.99578636352167 6.15632187294485 5.81678418590078 6.01609564672672 6.05713237242321 6.2137116576444 5.92947747951908 5.85353975760467 5.82452771650424 6.05527325025618 5.76138762487577 6.07722012519512 5.94358970296594 5.94662602510806 5.77064113236812 6.04397547047912 5.94761307263485 5.92105502511227 6.16686834344257 5.98891534116787 6.00413914471151 5.91418160509605
"983" 11.791349587307 11.8829158007371 11.4261647011198 11.5818694625458 11.7132065771856 12.2065009157014 11.5453839797992 11.6334764239601 11.4393350291178 11.7511857738991 11.9779067740677 11.7151363994778 12.0030355713474 11.3445080416942 11.7002204613611 11.6742377386704 11.6735745898072 11.5562849556057 12.1727591684551 11.8289792965032 11.7693138104007 12.4500424029528 12.0133033669516 11.8284917466519 11.5119376317299 11.4146499686936 11.5518478910979 11.8218311955074 11.3744441759461 11.6952583443632 11.9355950669951 11.9247129969071 11.5295360609146 11.9229372422491 11.7304103902271 11.3854267634738 11.6104819572698 11.802800134919 11.8833590157952 11.6067160837215 11.2794937505539 11.8900694254331 11.3995477299768 11.9620531919816 11.8416836583343
"984" 8.37740666692411 8.30923385778276 8.21209152490888 8.25910180223014 8.44268629539725 8.48460956787702 8.63466116404929 8.27255301687187 8.58079799199785 8.36674920543119 8.304633697765 8.52964520589666 8.45570165237735 8.39853687334931 8.37065511355481 8.25406375519706 8.05400045121941 8.16093027298156 8.22210470658615 8.45588851746853 8.7344063339741 8.72717340931685 8.66155012041411 8.38520047241701 8.19851346513055 8.15032017130391 8.05227732923457 8.3872764725042 8.28189546649486 8.1926088120628 8.02871055165819 8.63535007964153 8.1102532420381 8.28090303292261 8.34053846295765 7.96768065248204 8.1865729202645 8.18849744143768 8.50257663207344 8.30329879331796 8.38553398064728 8.5005138399328 8.23859028452049 8.39168391731426 8.38794049986894
"985" 6.06352386666483 6.03985169955583 5.95088994102404 5.97348221914801 5.88959535688263 6.27506391482738 5.991588587322 6.03117829368365 6.03226124249306 5.85509395564263 6.09327368722872 6.17140840983599 6.03263203938626 6.23072679239299 6.01271194359853 6.09507185596664 6.02886315210906 5.89200913672306 6.27167650657826 6.00346264542817 6.00798064405077 6.17606926026825 6.02324772575412 5.86699962034274 5.8613474284684 5.98330652519409 6.16713724036849 6.10378817443988 5.83869788118369 6.0684592031197 5.77213769559771 6.36844705860363 6.15649750184982 6.06018130513509 6.04806680918603 5.97222402115176 6.04896644044817 5.99560874782155 6.09775336074604 6.14764955434738 5.89485241514706 6.03400747919013 6.0067362017272 5.95816232682401 6.14875859813993
"986" 6.02861122553079 5.85494604647877 5.9624006206084 5.92694098835592 6.10501565911546 6.01749548379998 6.00927360822829 5.89692516640457 5.83568243129337 6.02508660950369 5.92353270349544 5.90640176933676 6.05037083788788 5.86111833072512 5.93373509001805 5.99267240204581 5.9334596822658 5.98945274720677 6.16774607490573 6.24599346274652 5.92421771572881 5.80125959030586 5.85630052089566 5.84647973865381 6.00405913412871 5.90366889251731 5.88553590530488 5.98774919160067 5.98352533180053 6.16298981734805 6.01507100421719 5.87625244294802 5.95915981449427 5.95155420671662 5.79507405060039 5.77782627045268 5.9321772753798 5.87052551502256 5.66514052800787 5.99762691105672 5.82332903408863 5.87844433678432 6.11023401601967 5.98577043804692 5.91342551949887
"987" 6.02689268785902 5.95683446621201 5.86493956675583 5.80450325675262 5.82773165553024 6.082559801485 5.99890139325224 5.81140539415914 5.87469402429079 6.18555294690202 5.84786770431386 6.05290751808155 6.07701404336591 6.13365876296573 5.8701784034537 5.96106290222015 6.18966275760831 5.99152478519018 5.75495585187358 5.89922643228648 5.77462136526579 5.58075203908367 5.78508662292604 6.03629513721805 5.9628412667482 5.90109041372063 5.96120880858034 6.05606509832424 6.15693734217105 6.2157424622708 5.81304579321781 5.92504480741458 5.80321576877517 5.99130053577878 5.97093420723185 5.99893234924053 6.19597451447449 5.78317656620988 6.19476982835273 6.16931285542352 6.01512219067712 6.00810558251446 6.01136111289543 5.94348298672122 5.92192617896703
"988" 8.50138981496503 8.21936678421941 8.33877884204539 8.2343991360835 8.68034716156023 8.25994809782588 9.23070520048605 8.92637427360944 8.41311089195523 8.50800112405358 8.53189422450284 8.72262184287253 8.11208033849361 8.33382600064521 8.57444659345578 8.35167548236128 8.42902452367919 8.30686900144873 8.4041246190147 8.35439239285239 8.41661988517643 8.68262174767379 8.69178364928729 8.34259497831982 8.17478099728443 7.87595739434212 8.33259926628332 8.37709844035949 8.17037736812757 8.30888247031548 8.25098997657036 8.92010969629949 8.34162181523999 8.52611564699098 8.3389140191439 8.12162864852899 8.40556554962204 8.55485406059547 8.84244756737533 8.38671598184152 8.38987049460277 8.70623184714857 8.21168697705555 8.53610681034314 8.621619694896
"989" 11.0375202497508 10.9213264821104 11.0804920093659 10.7977837107106 11.5484742066209 10.5986970898939 11.3647189363391 11.2112131331544 11.2797170236984 10.7825000752665 11.1350104199615 11.1156614782973 10.9359030844212 11.2690297220967 10.8879423139987 10.7175808261356 11.0538924749557 10.7972010427268 11.0057867179612 11.4014819012363 11.1488107045534 11.2784126354682 10.7898429084211 11.0956704730755 10.6983506981385 10.5027099106181 10.7747730877383 10.8022068941494 10.8067573685433 10.8871222439113 10.4822609938286 11.4572475068494 10.5253286596671 10.7957433052899 11.0736031355624 10.3926914795701 11.2999880522518 10.8976675979452 11.6229212380801 11.1768513717499 10.756256863392 11.2023594764078 10.9830859580615 11.4344317506413 11.3902867264969
"990" 6.1314077811254 5.97138255317472 6.06526582951585 6.14496207952114 5.92276158224472 5.91415369330295 6.2108313944778 6.21118757162487 5.9558163750287 5.98438533474878 6.03915572173959 5.94042177730525 6.21534166100218 6.37900282842023 6.35176660807901 6.17534631693002 6.11022120276749 6.24045737593226 6.14532519901394 6.0251960812737 6.1634254874155 5.90835231157278 6.10254716623399 6.23341722846921 6.1794064725718 6.12610998890803 6.10841462789831 6.19182321859561 6.07276078563476 6.17902492399222 6.01162875865609 6.06141557247498 6.08104828858612 6.07544585141004 6.21080616537986 6.14154035080564 6.30226163859315 6.11061255661032 6.12241727167056 5.93453488138499 6.09129793786229 6.0812296308741 6.0821482344096 6.03336610150245 5.88389388192216
"991" 7.71709638464506 6.33207502639324 6.69852158025159 6.65191786250751 7.24173954491584 7.49189811270531 7.81840499496665 6.91487810250228 7.06405064633594 7.35041070733448 7.36597525150806 7.16883985915273 6.86892539228502 7.09881979205744 6.79808604573304 6.96920965754007 6.86964859620684 7.01898918258262 7.02531727203707 7.35686960778027 8.11968503766062 7.53790418311543 7.51814810428364 7.37740643037146 7.19226787316019 7.65993547509758 7.99788588835219 7.79570266840614 7.5860377444093 7.21504083155558 6.96619318117192 7.62353224517743 7.14334741636294 7.91372586364363 7.08003687532854 7.21830871154107 7.57425452212754 7.69510450579083 7.71630258192548 7.97437685011805 7.33665396551994 7.72551827210799 7.40713312992821 7.73205243907554 7.74897722272977
"992" 6.03913547769162 6.31058772294386 6.06003632185385 6.13139095448885 6.11394447516133 5.97431765605598 5.89557101938705 6.32958706259229 6.14730154501278 6.05910870407429 6.08533444159349 6.16762607593325 5.99059990339635 6.45756174456588 5.80356069464205 6.28662019799393 6.15608219406488 5.99548384004888 6.03643605987234 6.06761591663525 6.03154843164136 6.13282011519891 6.05853724719854 6.10279337485434 6.22286022983995 6.14990731480459 6.14831014519282 6.19435536559991 6.07659785684358 6.11897608977777 5.99996542471154 6.10459471712941 6.11712939037462 6.27537043332045 6.18907967474603 6.18047550837328 6.10341775879442 6.05077979258372 6.2936155488051 6.19391411000997 6.20922957452115 6.060742261331 6.14543011173675 6.17413542712283 6.21305682725993
"993" 8.22003135983189 8.93037672170645 7.73973305915213 8.15618060380634 9.31587275580517 8.48925181015275 8.87731134504012 8.30191538406586 9.30004901188258 8.7770816853507 8.68035007627179 9.45160214025255 8.36660291052437 8.97985762185004 8.44616040363337 7.82182501299525 8.35772663309746 8.1251490092122 8.09288053707632 8.47962873162034 9.24185835522207 9.10198701208776 8.65502619656398 8.35753175475715 8.35961991692177 8.59649377575832 8.27973931186112 8.03688680692211 8.21840920766365 7.89911983574344 7.62827245433964 8.7404711429321 8.10052245311485 8.23090372844372 7.97384655403609 7.95073880629491 8.01802454716289 8.00603028319998 8.98459463234621 8.9114351471372 7.92269362860067 8.99535362876608 8.18600476142417 8.79813316751008 8.06604918987374
"994" 8.64740423280045 7.97545650459574 8.041943881839 8.60200525004313 8.30624802343728 8.34498436918838 8.40760763468042 8.10650226796388 8.36355343046384 8.22079261697399 7.78339619103161 8.03910970932113 8.46636210294481 8.16249095338873 8.36142827940495 8.04531195810472 8.18717581652197 8.23735099175204 8.27078663695029 8.06766876878491 8.47271653542158 8.15961451673963 8.1921323259121 8.33258016317019 8.46576768676022 8.4154686444345 8.2260589983593 8.06368271943944 8.30681323540271 8.12511057958001 8.42884828498963 8.59317956324064 7.95799140629648 8.8872381700429 8.14783996182025 8.4730919591329 8.05443330123085 8.47592629370685 8.63660407214847 8.19823872443059 8.26990852050623 8.15538882397013 8.22123485478796 8.36890242738784 8.43431022040338
"995" 5.89846878818206 5.98395579790626 5.99597658873306 6.03076122380763 5.95998539312643 6.02830243161508 5.94834803289964 6.00751782905976 6.08209998931476 5.75566426901123 5.87031637441604 5.88250893089135 5.74402428760882 5.98723092928174 5.87863166522098 5.95805388484147 5.9914560752783 5.88023912916039 6.08048517097852 5.75322932928512 5.98330311133414 5.92984200976789 5.96491534130871 5.96174414080401 5.93677566184922 6.04649308912452 6.05302998747601 6.04154114087582 5.93864794149439 5.98817431065987 5.86145157746448 5.95568031113073 5.91117621801445 5.9520541886676 5.97929890411599 5.87526039262083 5.96505249329415 6.05116019596424 6.1041546541222 5.94056152632575 5.86188951088624 6.05812908611812 5.80991998833341 5.66489599608148 6.097037456907
"996" 6.29895927280379 6.29397966343247 6.33304026053651 6.29647270099044 6.27758227315817 6.43110071488159 6.37095890725472 6.24134642392747 6.30002711428765 6.21970424123048 6.27936037912545 6.35967518739759 6.35210074395181 6.32366902357777 6.46217858830891 6.28241288374319 6.33400552133842 6.37604930181796 6.45575831394334 6.0678906489386 6.14882175088743 6.15640075171293 6.30373360987928 6.28996573957102 6.05751940088204 6.22816136370791 6.07120962244363 6.23859811632526 6.31159810227287 6.13461466181146 6.16101907891804 6.36083922973867 6.22497682927805 6.21274793701081 6.26896528808412 6.22968512138322 6.13327677555035 6.2547893338372 6.33206745599825 6.17824349264857 6.21185782012081 6.30254752967388 6.13242127247686 6.39667620614974 6.14166520388804
"997" 5.97082317650023 6.23199806778756 6.10150053847574 6.12385839630532 5.99560322740417 6.03673833580862 6.04530337259612 6.09071117927721 5.90080322877293 5.83066247535442 5.95598531635367 6.04551038816041 5.89929444278643 5.95881537358699 5.99217826955039 6.0650412938188 6.23809359872971 5.92093198119659 6.13846813058362 6.12147719100089 6.08209550536237 5.80182290488888 5.90744205937217 6.05118149903733 5.88571867173093 6.08141523911121 6.16507147167691 5.86993158866214 6.18176026112964 6.12260462156484 6.03506197689449 5.9337761717874 6.06683575566306 5.91903642394634 5.86277162605238 6.08353087738371 6.04389154999789 6.28672174615918 6.19153650672747 6.07163905271638 6.07949223742744 5.98999431546174 6.10694582148886 6.13319302619181 6.2410744927645
"998" 5.64861093753941 5.71930419212267 5.77262346262219 5.92612562228413 5.86767054748028 5.74591225169292 5.90673425555823 5.88143997855089 5.97048513462687 5.82997822232337 5.69731066982436 5.58361381564924 5.54558839129451 5.73788290785604 5.60496156279052 5.43250185241214 5.79092216030978 5.71938289099955 5.78951970252569 5.8339346155687 5.60409451492012 5.88713377993032 5.61771174996711 5.91874136460826 5.7700967893522 5.89452900484844 5.7666038616481 5.72458805056958 5.87057344949264 5.77494515039716 5.96424519515838 5.72839617107717 5.78044196340447 5.88475950883405 5.91587932254691 5.84756974478699 5.74389484627719 5.80401833037957 5.84667052077396 5.8732986178617 5.98897667997436 6.04904644271231 5.84256045392654 5.90949194995696 5.60059496859051
"999" 10.6586220391822 11.7886395040075 11.1810704035159 12.1659501241958 12.0246898072488 11.6751761448931 11.130912948997 12.5071248245082 12.782489207499 12.5632474978957 11.8184484061059 11.9898691406972 13.0682656262137 12.018134566786 12.0068338702415 11.7264899886714 12.4485914529171 12.2923899800814 12.1636017004297 11.7560506682701 11.187563070484 11.6301208123889 12.3342022801822 11.6554908717675 11.3694205338576 11.3095018090622 12.4209142463469 13.6926572189162 12.6469199690679 12.2296575227841 13.4898315416462 12.5006832094566 12.1126227932217 12.0900235884532 12.1410967582493 11.261579766652 11.380894319712 11.8937606764033 11.4080514238907 12.1903380671004 12.7735147442985 12.0940030402593 12.3160452700732 11.7946212365141 10.9747480022962
"1000" 12.3052302953871 11.6421377040343 12.2933825892324 12.0696282467507 11.921611719854 12.037892047527 12.1890948202105 12.4850348514843 12.0543414340916 11.9660967025517 12.0939394036122 12.348360340272 11.9884182657862 12.1300024666058 12.0559995276918 12.1923859166368 11.9454834698193 12.1020124327362 12.0026686207809 12.2774305061771 12.4687973238173 12.5219321899847 12.2137587127277 12.095565550136 12.003601046565 11.8572795024651 12.2929351817132 12.2500260359474 12.1310141590663 12.0420665246031 12.0344335788072 12.6719351141577 12.0348188261072 12.2287525660599 11.8598740036192 11.8874480862093 12.0643756283937 12.429738110447 12.8159421278819 12.1372879674586 12.0226959672615 12.4139343893401 12.2092766019265 12.1396595227454 12.3231369440507
